ranking,k,precision,recall,n_rows,anomaly_rate,seed,default_k
Risk score,10,1.0000,0.1000,20000,0.0050,0,82
Number of tests hit,10,1.0000,0.1000,20000,0.0050,0,82
Amount only,10,0.1000,0.0100,20000,0.0050,0,82
Random flagged lines,10,0.0000,0.0000,20000,0.0050,0,82
Isolation Forest,10,1.0000,0.1000,20000,0.0050,0,82
Rarity only (priors = 1),10,1.0000,0.1000,20000,0.0050,0,82
Priors only (no rarity),10,1.0000,0.1000,20000,0.0050,0,82
Date tests not collapsed,10,1.0000,0.1000,20000,0.0050,0,82
No amount multiplier,10,1.0000,0.1000,20000,0.0050,0,82
No Benford diversity scaling,10,1.0000,0.1000,20000,0.0050,0,82
Ceiling (flagged lines),10,1.0000,1.0000,20000,0.0050,0,82
Risk score,20,1.0000,0.2000,20000,0.0050,0,82
Number of tests hit,20,1.0000,0.2000,20000,0.0050,0,82
Amount only,20,0.3500,0.0700,20000,0.0050,0,82
Random flagged lines,20,0.0000,0.0000,20000,0.0050,0,82
Isolation Forest,20,1.0000,0.2000,20000,0.0050,0,82
Rarity only (priors = 1),20,1.0000,0.2000,20000,0.0050,0,82
Priors only (no rarity),20,1.0000,0.2000,20000,0.0050,0,82
Date tests not collapsed,20,1.0000,0.2000,20000,0.0050,0,82
No amount multiplier,20,1.0000,0.2000,20000,0.0050,0,82
No Benford diversity scaling,20,1.0000,0.2000,20000,0.0050,0,82
Ceiling (flagged lines),20,1.0000,1.0000,20000,0.0050,0,82
Risk score,30,1.0000,0.3000,20000,0.0050,0,82
Number of tests hit,30,1.0000,0.3000,20000,0.0050,0,82
Amount only,30,0.4667,0.1400,20000,0.0050,0,82
Random flagged lines,30,0.0000,0.0000,20000,0.0050,0,82
Isolation Forest,30,1.0000,0.3000,20000,0.0050,0,82
Rarity only (priors = 1),30,1.0000,0.3000,20000,0.0050,0,82
Priors only (no rarity),30,1.0000,0.3000,20000,0.0050,0,82
Date tests not collapsed,30,1.0000,0.3000,20000,0.0050,0,82
No amount multiplier,30,1.0000,0.3000,20000,0.0050,0,82
No Benford diversity scaling,30,1.0000,0.3000,20000,0.0050,0,82
Ceiling (flagged lines),30,1.0000,1.0000,20000,0.0050,0,82
Risk score,40,1.0000,0.4000,20000,0.0050,0,82
Number of tests hit,40,1.0000,0.4000,20000,0.0050,0,82
Amount only,40,0.4750,0.1900,20000,0.0050,0,82
Random flagged lines,40,0.0000,0.0000,20000,0.0050,0,82
Isolation Forest,40,0.9500,0.3800,20000,0.0050,0,82
Rarity only (priors = 1),40,1.0000,0.4000,20000,0.0050,0,82
Priors only (no rarity),40,1.0000,0.4000,20000,0.0050,0,82
Date tests not collapsed,40,1.0000,0.4000,20000,0.0050,0,82
No amount multiplier,40,1.0000,0.4000,20000,0.0050,0,82
No Benford diversity scaling,40,1.0000,0.4000,20000,0.0050,0,82
Ceiling (flagged lines),40,1.0000,1.0000,20000,0.0050,0,82
Risk score,50,1.0000,0.5000,20000,0.0050,0,82
Number of tests hit,50,0.9200,0.4600,20000,0.0050,0,82
Amount only,50,0.4200,0.2100,20000,0.0050,0,82
Random flagged lines,50,0.0000,0.0000,20000,0.0050,0,82
Isolation Forest,50,0.9000,0.4500,20000,0.0050,0,82
Rarity only (priors = 1),50,1.0000,0.5000,20000,0.0050,0,82
Priors only (no rarity),50,0.9400,0.4700,20000,0.0050,0,82
Date tests not collapsed,50,1.0000,0.5000,20000,0.0050,0,82
No amount multiplier,50,0.9600,0.4800,20000,0.0050,0,82
No Benford diversity scaling,50,1.0000,0.5000,20000,0.0050,0,82
Ceiling (flagged lines),50,1.0000,1.0000,20000,0.0050,0,82
Risk score,60,0.9167,0.5500,20000,0.0050,0,82
Number of tests hit,60,0.9167,0.5500,20000,0.0050,0,82
Amount only,60,0.3667,0.2200,20000,0.0050,0,82
Random flagged lines,60,0.0000,0.0000,20000,0.0050,0,82
Isolation Forest,60,0.8667,0.5200,20000,0.0050,0,82
Rarity only (priors = 1),60,1.0000,0.6000,20000,0.0050,0,82
Priors only (no rarity),60,0.9167,0.5500,20000,0.0050,0,82
Date tests not collapsed,60,0.9167,0.5500,20000,0.0050,0,82
No amount multiplier,60,0.9000,0.5400,20000,0.0050,0,82
No Benford diversity scaling,60,0.9167,0.5500,20000,0.0050,0,82
Ceiling (flagged lines),60,1.0000,1.0000,20000,0.0050,0,82
Risk score,70,0.9143,0.6400,20000,0.0050,0,82
Number of tests hit,70,0.8714,0.6100,20000,0.0050,0,82
Amount only,70,0.3429,0.2400,20000,0.0050,0,82
Random flagged lines,70,0.0143,0.0100,20000,0.0050,0,82
Isolation Forest,70,0.8143,0.5700,20000,0.0050,0,82
Rarity only (priors = 1),70,0.9429,0.6600,20000,0.0050,0,82
Priors only (no rarity),70,0.8286,0.5800,20000,0.0050,0,82
Date tests not collapsed,70,0.9143,0.6400,20000,0.0050,0,82
No amount multiplier,70,0.8571,0.6000,20000,0.0050,0,82
No Benford diversity scaling,70,0.9143,0.6400,20000,0.0050,0,82
Ceiling (flagged lines),70,1.0000,1.0000,20000,0.0050,0,82
Risk score,80,0.8500,0.6800,20000,0.0050,0,82
Number of tests hit,80,0.7750,0.6200,20000,0.0050,0,82
Amount only,80,0.3250,0.2600,20000,0.0050,0,82
Random flagged lines,80,0.0125,0.0100,20000,0.0050,0,82
Isolation Forest,80,0.7125,0.5700,20000,0.0050,0,82
Rarity only (priors = 1),80,0.8750,0.7000,20000,0.0050,0,82
Priors only (no rarity),80,0.7875,0.6300,20000,0.0050,0,82
Date tests not collapsed,80,0.8500,0.6800,20000,0.0050,0,82
No amount multiplier,80,0.8000,0.6400,20000,0.0050,0,82
No Benford diversity scaling,80,0.8500,0.6800,20000,0.0050,0,82
Ceiling (flagged lines),80,1.0000,1.0000,20000,0.0050,0,82
Risk score,82,0.8537,0.7000,20000,0.0050,0,82
Number of tests hit,82,0.7561,0.6200,20000,0.0050,0,82
Amount only,82,0.3293,0.2700,20000,0.0050,0,82
Random flagged lines,82,0.0122,0.0100,20000,0.0050,0,82
Isolation Forest,82,0.6951,0.5700,20000,0.0050,0,82
Rarity only (priors = 1),82,0.8537,0.7000,20000,0.0050,0,82
Priors only (no rarity),82,0.7927,0.6500,20000,0.0050,0,82
Date tests not collapsed,82,0.8537,0.7000,20000,0.0050,0,82
No amount multiplier,82,0.7927,0.6500,20000,0.0050,0,82
No Benford diversity scaling,82,0.8537,0.7000,20000,0.0050,0,82
Ceiling (flagged lines),82,1.0000,1.0000,20000,0.0050,0,82
Risk score,90,0.8333,0.7500,20000,0.0050,0,82
Number of tests hit,90,0.7000,0.6300,20000,0.0050,0,82
Amount only,90,0.3222,0.2900,20000,0.0050,0,82
Random flagged lines,90,0.0111,0.0100,20000,0.0050,0,82
Isolation Forest,90,0.6444,0.5800,20000,0.0050,0,82
Rarity only (priors = 1),90,0.8111,0.7300,20000,0.0050,0,82
Priors only (no rarity),90,0.7444,0.6700,20000,0.0050,0,82
Date tests not collapsed,90,0.8333,0.7500,20000,0.0050,0,82
No amount multiplier,90,0.7444,0.6700,20000,0.0050,0,82
No Benford diversity scaling,90,0.8333,0.7500,20000,0.0050,0,82
Ceiling (flagged lines),90,1.0000,1.0000,20000,0.0050,0,82
Risk score,100,0.7600,0.7600,20000,0.0050,0,82
Number of tests hit,100,0.7300,0.7300,20000,0.0050,0,82
Amount only,100,0.3000,0.3000,20000,0.0050,0,82
Random flagged lines,100,0.0100,0.0100,20000,0.0050,0,82
Isolation Forest,100,0.6100,0.6100,20000,0.0050,0,82
Rarity only (priors = 1),100,0.7500,0.7500,20000,0.0050,0,82
Priors only (no rarity),100,0.6900,0.6900,20000,0.0050,0,82
Date tests not collapsed,100,0.7600,0.7600,20000,0.0050,0,82
No amount multiplier,100,0.6800,0.6800,20000,0.0050,0,82
No Benford diversity scaling,100,0.7600,0.7600,20000,0.0050,0,82
Ceiling (flagged lines),100,1.0000,1.0000,20000,0.0050,0,82
Risk score,110,0.7091,0.7800,20000,0.0050,0,82
Number of tests hit,110,0.6727,0.7400,20000,0.0050,0,82
Amount only,110,0.2818,0.3100,20000,0.0050,0,82
Random flagged lines,110,0.0091,0.0100,20000,0.0050,0,82
Isolation Forest,110,0.5636,0.6200,20000,0.0050,0,82
Rarity only (priors = 1),110,0.7364,0.8100,20000,0.0050,0,82
Priors only (no rarity),110,0.6364,0.7000,20000,0.0050,0,82
Date tests not collapsed,110,0.7091,0.7800,20000,0.0050,0,82
No amount multiplier,110,0.6182,0.6800,20000,0.0050,0,82
No Benford diversity scaling,110,0.7091,0.7800,20000,0.0050,0,82
Ceiling (flagged lines),110,0.9091,1.0000,20000,0.0050,0,82
Risk score,120,0.6750,0.8100,20000,0.0050,0,82
Number of tests hit,120,0.6167,0.7400,20000,0.0050,0,82
Amount only,120,0.3083,0.3700,20000,0.0050,0,82
Random flagged lines,120,0.0083,0.0100,20000,0.0050,0,82
Isolation Forest,120,0.5333,0.6400,20000,0.0050,0,82
Rarity only (priors = 1),120,0.6917,0.8300,20000,0.0050,0,82
Priors only (no rarity),120,0.6167,0.7400,20000,0.0050,0,82
Date tests not collapsed,120,0.6750,0.8100,20000,0.0050,0,82
No amount multiplier,120,0.5667,0.6800,20000,0.0050,0,82
No Benford diversity scaling,120,0.6750,0.8100,20000,0.0050,0,82
Ceiling (flagged lines),120,0.8333,1.0000,20000,0.0050,0,82
Risk score,130,0.6385,0.8300,20000,0.0050,0,82
Number of tests hit,130,0.5692,0.7400,20000,0.0050,0,82
Amount only,130,0.3000,0.3900,20000,0.0050,0,82
Random flagged lines,130,0.0077,0.0100,20000,0.0050,0,82
Isolation Forest,130,0.5077,0.6600,20000,0.0050,0,82
Rarity only (priors = 1),130,0.6615,0.8600,20000,0.0050,0,82
Priors only (no rarity),130,0.5692,0.7400,20000,0.0050,0,82
Date tests not collapsed,130,0.6385,0.8300,20000,0.0050,0,82
No amount multiplier,130,0.5308,0.6900,20000,0.0050,0,82
No Benford diversity scaling,130,0.6385,0.8300,20000,0.0050,0,82
Ceiling (flagged lines),130,0.7692,1.0000,20000,0.0050,0,82
Risk score,140,0.6071,0.8500,20000,0.0050,0,82
Number of tests hit,140,0.5286,0.7400,20000,0.0050,0,82
Amount only,140,0.2929,0.4100,20000,0.0050,0,82
Random flagged lines,140,0.0071,0.0100,20000,0.0050,0,82
Isolation Forest,140,0.4786,0.6700,20000,0.0050,0,82
Rarity only (priors = 1),140,0.6214,0.8700,20000,0.0050,0,82
Priors only (no rarity),140,0.5429,0.7600,20000,0.0050,0,82
Date tests not collapsed,140,0.6071,0.8500,20000,0.0050,0,82
No amount multiplier,140,0.4929,0.6900,20000,0.0050,0,82
No Benford diversity scaling,140,0.6071,0.8500,20000,0.0050,0,82
Ceiling (flagged lines),140,0.7143,1.0000,20000,0.0050,0,82
Risk score,150,0.5733,0.8600,20000,0.0050,0,82
Number of tests hit,150,0.4933,0.7400,20000,0.0050,0,82
Amount only,150,0.2800,0.4200,20000,0.0050,0,82
Random flagged lines,150,0.0067,0.0100,20000,0.0050,0,82
Isolation Forest,150,0.4533,0.6800,20000,0.0050,0,82
Rarity only (priors = 1),150,0.5933,0.8900,20000,0.0050,0,82
Priors only (no rarity),150,0.5067,0.7600,20000,0.0050,0,82
Date tests not collapsed,150,0.5733,0.8600,20000,0.0050,0,82
No amount multiplier,150,0.4600,0.6900,20000,0.0050,0,82
No Benford diversity scaling,150,0.5733,0.8600,20000,0.0050,0,82
Ceiling (flagged lines),150,0.6667,1.0000,20000,0.0050,0,82
Risk score,160,0.5563,0.8900,20000,0.0050,0,82
Number of tests hit,160,0.4625,0.7400,20000,0.0050,0,82
Amount only,160,0.2687,0.4300,20000,0.0050,0,82
Random flagged lines,160,0.0063,0.0100,20000,0.0050,0,82
Isolation Forest,160,0.4313,0.6900,20000,0.0050,0,82
Rarity only (priors = 1),160,0.5687,0.9100,20000,0.0050,0,82
Priors only (no rarity),160,0.4875,0.7800,20000,0.0050,0,82
Date tests not collapsed,160,0.5563,0.8900,20000,0.0050,0,82
No amount multiplier,160,0.4313,0.6900,20000,0.0050,0,82
No Benford diversity scaling,160,0.5563,0.8900,20000,0.0050,0,82
Ceiling (flagged lines),160,0.6250,1.0000,20000,0.0050,0,82
Risk score,170,0.5235,0.8900,20000,0.0050,0,82
Number of tests hit,170,0.4353,0.7400,20000,0.0050,0,82
Amount only,170,0.2529,0.4300,20000,0.0050,0,82
Random flagged lines,170,0.0059,0.0100,20000,0.0050,0,82
Isolation Forest,170,0.4059,0.6900,20000,0.0050,0,82
Rarity only (priors = 1),170,0.5353,0.9100,20000,0.0050,0,82
Priors only (no rarity),170,0.4588,0.7800,20000,0.0050,0,82
Date tests not collapsed,170,0.5235,0.8900,20000,0.0050,0,82
No amount multiplier,170,0.4059,0.6900,20000,0.0050,0,82
No Benford diversity scaling,170,0.5235,0.8900,20000,0.0050,0,82
Ceiling (flagged lines),170,0.5882,1.0000,20000,0.0050,0,82
Risk score,180,0.4944,0.8900,20000,0.0050,0,82
Number of tests hit,180,0.4111,0.7400,20000,0.0050,0,82
Amount only,180,0.2500,0.4500,20000,0.0050,0,82
Random flagged lines,180,0.0056,0.0100,20000,0.0050,0,82
Isolation Forest,180,0.3889,0.7000,20000,0.0050,0,82
Rarity only (priors = 1),180,0.5056,0.9100,20000,0.0050,0,82
Priors only (no rarity),180,0.4389,0.7900,20000,0.0050,0,82
Date tests not collapsed,180,0.4944,0.8900,20000,0.0050,0,82
No amount multiplier,180,0.3833,0.6900,20000,0.0050,0,82
No Benford diversity scaling,180,0.4944,0.8900,20000,0.0050,0,82
Ceiling (flagged lines),180,0.5556,1.0000,20000,0.0050,0,82
Risk score,190,0.4684,0.8900,20000,0.0050,0,82
Number of tests hit,190,0.3895,0.7400,20000,0.0050,0,82
Amount only,190,0.2368,0.4500,20000,0.0050,0,82
Random flagged lines,190,0.0053,0.0100,20000,0.0050,0,82
Isolation Forest,190,0.3684,0.7000,20000,0.0050,0,82
Rarity only (priors = 1),190,0.4789,0.9100,20000,0.0050,0,82
Priors only (no rarity),190,0.4158,0.7900,20000,0.0050,0,82
Date tests not collapsed,190,0.4684,0.8900,20000,0.0050,0,82
No amount multiplier,190,0.3632,0.6900,20000,0.0050,0,82
No Benford diversity scaling,190,0.4684,0.8900,20000,0.0050,0,82
Ceiling (flagged lines),190,0.5263,1.0000,20000,0.0050,0,82
Risk score,200,0.4450,0.8900,20000,0.0050,0,82
Number of tests hit,200,0.3700,0.7400,20000,0.0050,0,82
Amount only,200,0.2250,0.4500,20000,0.0050,0,82
Random flagged lines,200,0.0100,0.0200,20000,0.0050,0,82
Isolation Forest,200,0.3550,0.7100,20000,0.0050,0,82
Rarity only (priors = 1),200,0.4550,0.9100,20000,0.0050,0,82
Priors only (no rarity),200,0.3950,0.7900,20000,0.0050,0,82
Date tests not collapsed,200,0.4450,0.8900,20000,0.0050,0,82
No amount multiplier,200,0.3450,0.6900,20000,0.0050,0,82
No Benford diversity scaling,200,0.4450,0.8900,20000,0.0050,0,82
Ceiling (flagged lines),200,0.5000,1.0000,20000,0.0050,0,82
Risk score,210,0.4238,0.8900,20000,0.0050,0,82
Number of tests hit,210,0.3524,0.7400,20000,0.0050,0,82
Amount only,210,0.2143,0.4500,20000,0.0050,0,82
Random flagged lines,210,0.0095,0.0200,20000,0.0050,0,82
Isolation Forest,210,0.3429,0.7200,20000,0.0050,0,82
Rarity only (priors = 1),210,0.4333,0.9100,20000,0.0050,0,82
Priors only (no rarity),210,0.3762,0.7900,20000,0.0050,0,82
Date tests not collapsed,210,0.4238,0.8900,20000,0.0050,0,82
No amount multiplier,210,0.3286,0.6900,20000,0.0050,0,82
No Benford diversity scaling,210,0.4238,0.8900,20000,0.0050,0,82
Ceiling (flagged lines),210,0.4762,1.0000,20000,0.0050,0,82
Risk score,220,0.4045,0.8900,20000,0.0050,0,82
Number of tests hit,220,0.3364,0.7400,20000,0.0050,0,82
Amount only,220,0.2045,0.4500,20000,0.0050,0,82
Random flagged lines,220,0.0136,0.0300,20000,0.0050,0,82
Isolation Forest,220,0.3273,0.7200,20000,0.0050,0,82
Rarity only (priors = 1),220,0.4136,0.9100,20000,0.0050,0,82
Priors only (no rarity),220,0.3682,0.8100,20000,0.0050,0,82
Date tests not collapsed,220,0.4045,0.8900,20000,0.0050,0,82
No amount multiplier,220,0.3136,0.6900,20000,0.0050,0,82
No Benford diversity scaling,220,0.4045,0.8900,20000,0.0050,0,82
Ceiling (flagged lines),220,0.4545,1.0000,20000,0.0050,0,82
Risk score,230,0.3913,0.9000,20000,0.0050,0,82
Number of tests hit,230,0.3217,0.7400,20000,0.0050,0,82
Amount only,230,0.2000,0.4600,20000,0.0050,0,82
Random flagged lines,230,0.0130,0.0300,20000,0.0050,0,82
Isolation Forest,230,0.3130,0.7200,20000,0.0050,0,82
Rarity only (priors = 1),230,0.3957,0.9100,20000,0.0050,0,82
Priors only (no rarity),230,0.3565,0.8200,20000,0.0050,0,82
Date tests not collapsed,230,0.3913,0.9000,20000,0.0050,0,82
No amount multiplier,230,0.3087,0.7100,20000,0.0050,0,82
No Benford diversity scaling,230,0.3913,0.9000,20000,0.0050,0,82
Ceiling (flagged lines),230,0.4348,1.0000,20000,0.0050,0,82
Risk score,240,0.3750,0.9000,20000,0.0050,0,82
Number of tests hit,240,0.3083,0.7400,20000,0.0050,0,82
Amount only,240,0.1958,0.4700,20000,0.0050,0,82
Random flagged lines,240,0.0125,0.0300,20000,0.0050,0,82
Isolation Forest,240,0.3125,0.7500,20000,0.0050,0,82
Rarity only (priors = 1),240,0.3792,0.9100,20000,0.0050,0,82
Priors only (no rarity),240,0.3417,0.8200,20000,0.0050,0,82
Date tests not collapsed,240,0.3750,0.9000,20000,0.0050,0,82
No amount multiplier,240,0.3000,0.7200,20000,0.0050,0,82
No Benford diversity scaling,240,0.3750,0.9000,20000,0.0050,0,82
Ceiling (flagged lines),240,0.4167,1.0000,20000,0.0050,0,82
Risk score,250,0.3600,0.9000,20000,0.0050,0,82
Number of tests hit,250,0.2960,0.7400,20000,0.0050,0,82
Amount only,250,0.1960,0.4900,20000,0.0050,0,82
Random flagged lines,250,0.0120,0.0300,20000,0.0050,0,82
Isolation Forest,250,0.3000,0.7500,20000,0.0050,0,82
Rarity only (priors = 1),250,0.3640,0.9100,20000,0.0050,0,82
Priors only (no rarity),250,0.3280,0.8200,20000,0.0050,0,82
Date tests not collapsed,250,0.3600,0.9000,20000,0.0050,0,82
No amount multiplier,250,0.3000,0.7500,20000,0.0050,0,82
No Benford diversity scaling,250,0.3600,0.9000,20000,0.0050,0,82
Ceiling (flagged lines),250,0.4000,1.0000,20000,0.0050,0,82
Risk score,260,0.3538,0.9200,20000,0.0050,0,82
Number of tests hit,260,0.2846,0.7400,20000,0.0050,0,82
Amount only,260,0.1885,0.4900,20000,0.0050,0,82
Random flagged lines,260,0.0115,0.0300,20000,0.0050,0,82
Isolation Forest,260,0.2885,0.7500,20000,0.0050,0,82
Rarity only (priors = 1),260,0.3577,0.9300,20000,0.0050,0,82
Priors only (no rarity),260,0.3154,0.8200,20000,0.0050,0,82
Date tests not collapsed,260,0.3538,0.9200,20000,0.0050,0,82
No amount multiplier,260,0.2885,0.7500,20000,0.0050,0,82
No Benford diversity scaling,260,0.3538,0.9200,20000,0.0050,0,82
Ceiling (flagged lines),260,0.3846,1.0000,20000,0.0050,0,82
Risk score,270,0.3407,0.9200,20000,0.0050,0,82
Number of tests hit,270,0.2741,0.7400,20000,0.0050,0,82
Amount only,270,0.1852,0.5000,20000,0.0050,0,82
Random flagged lines,270,0.0111,0.0300,20000,0.0050,0,82
Isolation Forest,270,0.2778,0.7500,20000,0.0050,0,82
Rarity only (priors = 1),270,0.3444,0.9300,20000,0.0050,0,82
Priors only (no rarity),270,0.3074,0.8300,20000,0.0050,0,82
Date tests not collapsed,270,0.3407,0.9200,20000,0.0050,0,82
No amount multiplier,270,0.2889,0.7800,20000,0.0050,0,82
No Benford diversity scaling,270,0.3407,0.9200,20000,0.0050,0,82
Ceiling (flagged lines),270,0.3704,1.0000,20000,0.0050,0,82
Risk score,280,0.3286,0.9200,20000,0.0050,0,82
Number of tests hit,280,0.2643,0.7400,20000,0.0050,0,82
Amount only,280,0.1821,0.5100,20000,0.0050,0,82
Random flagged lines,280,0.0179,0.0500,20000,0.0050,0,82
Isolation Forest,280,0.2714,0.7600,20000,0.0050,0,82
Rarity only (priors = 1),280,0.3357,0.9400,20000,0.0050,0,82
Priors only (no rarity),280,0.3000,0.8400,20000,0.0050,0,82
Date tests not collapsed,280,0.3286,0.9200,20000,0.0050,0,82
No amount multiplier,280,0.2786,0.7800,20000,0.0050,0,82
No Benford diversity scaling,280,0.3286,0.9200,20000,0.0050,0,82
Ceiling (flagged lines),280,0.3571,1.0000,20000,0.0050,0,82
Risk score,290,0.3172,0.9200,20000,0.0050,0,82
Number of tests hit,290,0.2552,0.7400,20000,0.0050,0,82
Amount only,290,0.1759,0.5100,20000,0.0050,0,82
Random flagged lines,290,0.0172,0.0500,20000,0.0050,0,82
Isolation Forest,290,0.2621,0.7600,20000,0.0050,0,82
Rarity only (priors = 1),290,0.3276,0.9500,20000,0.0050,0,82
Priors only (no rarity),290,0.2897,0.8400,20000,0.0050,0,82
Date tests not collapsed,290,0.3172,0.9200,20000,0.0050,0,82
No amount multiplier,290,0.2690,0.7800,20000,0.0050,0,82
No Benford diversity scaling,290,0.3172,0.9200,20000,0.0050,0,82
Ceiling (flagged lines),290,0.3448,1.0000,20000,0.0050,0,82
Risk score,300,0.3067,0.9200,20000,0.0050,0,82
Number of tests hit,300,0.2467,0.7400,20000,0.0050,0,82
Amount only,300,0.1733,0.5200,20000,0.0050,0,82
Random flagged lines,300,0.0167,0.0500,20000,0.0050,0,82
Isolation Forest,300,0.2567,0.7700,20000,0.0050,0,82
Rarity only (priors = 1),300,0.3167,0.9500,20000,0.0050,0,82
Priors only (no rarity),300,0.2800,0.8400,20000,0.0050,0,82
Date tests not collapsed,300,0.3067,0.9200,20000,0.0050,0,82
No amount multiplier,300,0.2600,0.7800,20000,0.0050,0,82
No Benford diversity scaling,300,0.3067,0.9200,20000,0.0050,0,82
Ceiling (flagged lines),300,0.3333,1.0000,20000,0.0050,0,82
Risk score,10,1.0000,0.1000,20000,0.0050,1,82
Number of tests hit,10,1.0000,0.1000,20000,0.0050,1,82
Amount only,10,0.5000,0.0500,20000,0.0050,1,82
Random flagged lines,10,0.0000,0.0000,20000,0.0050,1,82
Isolation Forest,10,1.0000,0.1000,20000,0.0050,1,82
Rarity only (priors = 1),10,1.0000,0.1000,20000,0.0050,1,82
Priors only (no rarity),10,1.0000,0.1000,20000,0.0050,1,82
Date tests not collapsed,10,1.0000,0.1000,20000,0.0050,1,82
No amount multiplier,10,1.0000,0.1000,20000,0.0050,1,82
No Benford diversity scaling,10,1.0000,0.1000,20000,0.0050,1,82
Ceiling (flagged lines),10,1.0000,1.0000,20000,0.0050,1,82
Risk score,20,1.0000,0.2000,20000,0.0050,1,82
Number of tests hit,20,1.0000,0.2000,20000,0.0050,1,82
Amount only,20,0.6000,0.1200,20000,0.0050,1,82
Random flagged lines,20,0.0500,0.0100,20000,0.0050,1,82
Isolation Forest,20,1.0000,0.2000,20000,0.0050,1,82
Rarity only (priors = 1),20,1.0000,0.2000,20000,0.0050,1,82
Priors only (no rarity),20,1.0000,0.2000,20000,0.0050,1,82
Date tests not collapsed,20,1.0000,0.2000,20000,0.0050,1,82
No amount multiplier,20,1.0000,0.2000,20000,0.0050,1,82
No Benford diversity scaling,20,1.0000,0.2000,20000,0.0050,1,82
Ceiling (flagged lines),20,1.0000,1.0000,20000,0.0050,1,82
Risk score,30,1.0000,0.3000,20000,0.0050,1,82
Number of tests hit,30,1.0000,0.3000,20000,0.0050,1,82
Amount only,30,0.5333,0.1600,20000,0.0050,1,82
Random flagged lines,30,0.0333,0.0100,20000,0.0050,1,82
Isolation Forest,30,0.9667,0.2900,20000,0.0050,1,82
Rarity only (priors = 1),30,1.0000,0.3000,20000,0.0050,1,82
Priors only (no rarity),30,1.0000,0.3000,20000,0.0050,1,82
Date tests not collapsed,30,1.0000,0.3000,20000,0.0050,1,82
No amount multiplier,30,1.0000,0.3000,20000,0.0050,1,82
No Benford diversity scaling,30,1.0000,0.3000,20000,0.0050,1,82
Ceiling (flagged lines),30,1.0000,1.0000,20000,0.0050,1,82
Risk score,40,1.0000,0.4000,20000,0.0050,1,82
Number of tests hit,40,1.0000,0.4000,20000,0.0050,1,82
Amount only,40,0.4500,0.1800,20000,0.0050,1,82
Random flagged lines,40,0.0250,0.0100,20000,0.0050,1,82
Isolation Forest,40,0.9000,0.3600,20000,0.0050,1,82
Rarity only (priors = 1),40,1.0000,0.4000,20000,0.0050,1,82
Priors only (no rarity),40,1.0000,0.4000,20000,0.0050,1,82
Date tests not collapsed,40,1.0000,0.4000,20000,0.0050,1,82
No amount multiplier,40,1.0000,0.4000,20000,0.0050,1,82
No Benford diversity scaling,40,1.0000,0.4000,20000,0.0050,1,82
Ceiling (flagged lines),40,1.0000,1.0000,20000,0.0050,1,82
Risk score,50,1.0000,0.5000,20000,0.0050,1,82
Number of tests hit,50,0.9200,0.4600,20000,0.0050,1,82
Amount only,50,0.4600,0.2300,20000,0.0050,1,82
Random flagged lines,50,0.0400,0.0200,20000,0.0050,1,82
Isolation Forest,50,0.8200,0.4100,20000,0.0050,1,82
Rarity only (priors = 1),50,1.0000,0.5000,20000,0.0050,1,82
Priors only (no rarity),50,0.9800,0.4900,20000,0.0050,1,82
Date tests not collapsed,50,1.0000,0.5000,20000,0.0050,1,82
No amount multiplier,50,0.9600,0.4800,20000,0.0050,1,82
No Benford diversity scaling,50,1.0000,0.5000,20000,0.0050,1,82
Ceiling (flagged lines),50,1.0000,1.0000,20000,0.0050,1,82
Risk score,60,0.9833,0.5900,20000,0.0050,1,82
Number of tests hit,60,0.9000,0.5400,20000,0.0050,1,82
Amount only,60,0.4000,0.2400,20000,0.0050,1,82
Random flagged lines,60,0.0333,0.0200,20000,0.0050,1,82
Isolation Forest,60,0.7833,0.4700,20000,0.0050,1,82
Rarity only (priors = 1),60,1.0000,0.6000,20000,0.0050,1,82
Priors only (no rarity),60,0.9333,0.5600,20000,0.0050,1,82
Date tests not collapsed,60,0.9833,0.5900,20000,0.0050,1,82
No amount multiplier,60,0.9333,0.5600,20000,0.0050,1,82
No Benford diversity scaling,60,0.9833,0.5900,20000,0.0050,1,82
Ceiling (flagged lines),60,1.0000,1.0000,20000,0.0050,1,82
Risk score,70,0.9571,0.6700,20000,0.0050,1,82
Number of tests hit,70,0.8857,0.6200,20000,0.0050,1,82
Amount only,70,0.3714,0.2600,20000,0.0050,1,82
Random flagged lines,70,0.0286,0.0200,20000,0.0050,1,82
Isolation Forest,70,0.7000,0.4900,20000,0.0050,1,82
Rarity only (priors = 1),70,0.9571,0.6700,20000,0.0050,1,82
Priors only (no rarity),70,0.8571,0.6000,20000,0.0050,1,82
Date tests not collapsed,70,0.9571,0.6700,20000,0.0050,1,82
No amount multiplier,70,0.8714,0.6100,20000,0.0050,1,82
No Benford diversity scaling,70,0.9571,0.6700,20000,0.0050,1,82
Ceiling (flagged lines),70,1.0000,1.0000,20000,0.0050,1,82
Risk score,80,0.9250,0.7400,20000,0.0050,1,82
Number of tests hit,80,0.7875,0.6300,20000,0.0050,1,82
Amount only,80,0.3625,0.2900,20000,0.0050,1,82
Random flagged lines,80,0.0250,0.0200,20000,0.0050,1,82
Isolation Forest,80,0.6375,0.5100,20000,0.0050,1,82
Rarity only (priors = 1),80,0.9250,0.7400,20000,0.0050,1,82
Priors only (no rarity),80,0.8375,0.6700,20000,0.0050,1,82
Date tests not collapsed,80,0.9250,0.7400,20000,0.0050,1,82
No amount multiplier,80,0.8625,0.6900,20000,0.0050,1,82
No Benford diversity scaling,80,0.9250,0.7400,20000,0.0050,1,82
Ceiling (flagged lines),80,1.0000,1.0000,20000,0.0050,1,82
Risk score,82,0.9146,0.7500,20000,0.0050,1,82
Number of tests hit,82,0.7927,0.6500,20000,0.0050,1,82
Amount only,82,0.3659,0.3000,20000,0.0050,1,82
Random flagged lines,82,0.0244,0.0200,20000,0.0050,1,82
Isolation Forest,82,0.6463,0.5300,20000,0.0050,1,82
Rarity only (priors = 1),82,0.9024,0.7400,20000,0.0050,1,82
Priors only (no rarity),82,0.8293,0.6800,20000,0.0050,1,82
Date tests not collapsed,82,0.9146,0.7500,20000,0.0050,1,82
No amount multiplier,82,0.8659,0.7100,20000,0.0050,1,82
No Benford diversity scaling,82,0.9146,0.7500,20000,0.0050,1,82
Ceiling (flagged lines),82,1.0000,1.0000,20000,0.0050,1,82
Risk score,90,0.8778,0.7900,20000,0.0050,1,82
Number of tests hit,90,0.7889,0.7100,20000,0.0050,1,82
Amount only,90,0.3667,0.3300,20000,0.0050,1,82
Random flagged lines,90,0.0222,0.0200,20000,0.0050,1,82
Isolation Forest,90,0.6000,0.5400,20000,0.0050,1,82
Rarity only (priors = 1),90,0.8778,0.7900,20000,0.0050,1,82
Priors only (no rarity),90,0.8222,0.7400,20000,0.0050,1,82
Date tests not collapsed,90,0.8778,0.7900,20000,0.0050,1,82
No amount multiplier,90,0.8111,0.7300,20000,0.0050,1,82
No Benford diversity scaling,90,0.8778,0.7900,20000,0.0050,1,82
Ceiling (flagged lines),90,1.0000,1.0000,20000,0.0050,1,82
Risk score,100,0.8000,0.8000,20000,0.0050,1,82
Number of tests hit,100,0.7300,0.7300,20000,0.0050,1,82
Amount only,100,0.3400,0.3400,20000,0.0050,1,82
Random flagged lines,100,0.0200,0.0200,20000,0.0050,1,82
Isolation Forest,100,0.5500,0.5500,20000,0.0050,1,82
Rarity only (priors = 1),100,0.8100,0.8100,20000,0.0050,1,82
Priors only (no rarity),100,0.7500,0.7500,20000,0.0050,1,82
Date tests not collapsed,100,0.8000,0.8000,20000,0.0050,1,82
No amount multiplier,100,0.7300,0.7300,20000,0.0050,1,82
No Benford diversity scaling,100,0.8000,0.8000,20000,0.0050,1,82
Ceiling (flagged lines),100,1.0000,1.0000,20000,0.0050,1,82
Risk score,110,0.7545,0.8300,20000,0.0050,1,82
Number of tests hit,110,0.6727,0.7400,20000,0.0050,1,82
Amount only,110,0.3364,0.3700,20000,0.0050,1,82
Random flagged lines,110,0.0273,0.0300,20000,0.0050,1,82
Isolation Forest,110,0.5091,0.5600,20000,0.0050,1,82
Rarity only (priors = 1),110,0.7636,0.8400,20000,0.0050,1,82
Priors only (no rarity),110,0.6818,0.7500,20000,0.0050,1,82
Date tests not collapsed,110,0.7545,0.8300,20000,0.0050,1,82
No amount multiplier,110,0.6727,0.7400,20000,0.0050,1,82
No Benford diversity scaling,110,0.7545,0.8300,20000,0.0050,1,82
Ceiling (flagged lines),110,0.9091,1.0000,20000,0.0050,1,82
Risk score,120,0.7167,0.8600,20000,0.0050,1,82
Number of tests hit,120,0.6250,0.7500,20000,0.0050,1,82
Amount only,120,0.3500,0.4200,20000,0.0050,1,82
Random flagged lines,120,0.0333,0.0400,20000,0.0050,1,82
Isolation Forest,120,0.4917,0.5900,20000,0.0050,1,82
Rarity only (priors = 1),120,0.7000,0.8400,20000,0.0050,1,82
Priors only (no rarity),120,0.6333,0.7600,20000,0.0050,1,82
Date tests not collapsed,120,0.7167,0.8600,20000,0.0050,1,82
No amount multiplier,120,0.6167,0.7400,20000,0.0050,1,82
No Benford diversity scaling,120,0.7167,0.8600,20000,0.0050,1,82
Ceiling (flagged lines),120,0.8333,1.0000,20000,0.0050,1,82
Risk score,130,0.6692,0.8700,20000,0.0050,1,82
Number of tests hit,130,0.5769,0.7500,20000,0.0050,1,82
Amount only,130,0.3385,0.4400,20000,0.0050,1,82
Random flagged lines,130,0.0308,0.0400,20000,0.0050,1,82
Isolation Forest,130,0.4615,0.6000,20000,0.0050,1,82
Rarity only (priors = 1),130,0.6615,0.8600,20000,0.0050,1,82
Priors only (no rarity),130,0.5923,0.7700,20000,0.0050,1,82
Date tests not collapsed,130,0.6692,0.8700,20000,0.0050,1,82
No amount multiplier,130,0.5769,0.7500,20000,0.0050,1,82
No Benford diversity scaling,130,0.6692,0.8700,20000,0.0050,1,82
Ceiling (flagged lines),130,0.7692,1.0000,20000,0.0050,1,82
Risk score,140,0.6214,0.8700,20000,0.0050,1,82
Number of tests hit,140,0.5357,0.7500,20000,0.0050,1,82
Amount only,140,0.3286,0.4600,20000,0.0050,1,82
Random flagged lines,140,0.0286,0.0400,20000,0.0050,1,82
Isolation Forest,140,0.4286,0.6000,20000,0.0050,1,82
Rarity only (priors = 1),140,0.6429,0.9000,20000,0.0050,1,82
Priors only (no rarity),140,0.5571,0.7800,20000,0.0050,1,82
Date tests not collapsed,140,0.6214,0.8700,20000,0.0050,1,82
No amount multiplier,140,0.5357,0.7500,20000,0.0050,1,82
No Benford diversity scaling,140,0.6214,0.8700,20000,0.0050,1,82
Ceiling (flagged lines),140,0.7143,1.0000,20000,0.0050,1,82
Risk score,150,0.6000,0.9000,20000,0.0050,1,82
Number of tests hit,150,0.5000,0.7500,20000,0.0050,1,82
Amount only,150,0.3267,0.4900,20000,0.0050,1,82
Random flagged lines,150,0.0267,0.0400,20000,0.0050,1,82
Isolation Forest,150,0.4067,0.6100,20000,0.0050,1,82
Rarity only (priors = 1),150,0.6067,0.9100,20000,0.0050,1,82
Priors only (no rarity),150,0.5200,0.7800,20000,0.0050,1,82
Date tests not collapsed,150,0.6000,0.9000,20000,0.0050,1,82
No amount multiplier,150,0.5000,0.7500,20000,0.0050,1,82
No Benford diversity scaling,150,0.6000,0.9000,20000,0.0050,1,82
Ceiling (flagged lines),150,0.6667,1.0000,20000,0.0050,1,82
Risk score,160,0.5625,0.9000,20000,0.0050,1,82
Number of tests hit,160,0.4688,0.7500,20000,0.0050,1,82
Amount only,160,0.3125,0.5000,20000,0.0050,1,82
Random flagged lines,160,0.0312,0.0500,20000,0.0050,1,82
Isolation Forest,160,0.3812,0.6100,20000,0.0050,1,82
Rarity only (priors = 1),160,0.5750,0.9200,20000,0.0050,1,82
Priors only (no rarity),160,0.4875,0.7800,20000,0.0050,1,82
Date tests not collapsed,160,0.5625,0.9000,20000,0.0050,1,82
No amount multiplier,160,0.4688,0.7500,20000,0.0050,1,82
No Benford diversity scaling,160,0.5625,0.9000,20000,0.0050,1,82
Ceiling (flagged lines),160,0.6250,1.0000,20000,0.0050,1,82
Risk score,170,0.5294,0.9000,20000,0.0050,1,82
Number of tests hit,170,0.4412,0.7500,20000,0.0050,1,82
Amount only,170,0.2941,0.5000,20000,0.0050,1,82
Random flagged lines,170,0.0353,0.0600,20000,0.0050,1,82
Isolation Forest,170,0.3647,0.6200,20000,0.0050,1,82
Rarity only (priors = 1),170,0.5412,0.9200,20000,0.0050,1,82
Priors only (no rarity),170,0.4588,0.7800,20000,0.0050,1,82
Date tests not collapsed,170,0.5294,0.9000,20000,0.0050,1,82
No amount multiplier,170,0.4412,0.7500,20000,0.0050,1,82
No Benford diversity scaling,170,0.5294,0.9000,20000,0.0050,1,82
Ceiling (flagged lines),170,0.5882,1.0000,20000,0.0050,1,82
Risk score,180,0.5000,0.9000,20000,0.0050,1,82
Number of tests hit,180,0.4167,0.7500,20000,0.0050,1,82
Amount only,180,0.2833,0.5100,20000,0.0050,1,82
Random flagged lines,180,0.0333,0.0600,20000,0.0050,1,82
Isolation Forest,180,0.3500,0.6300,20000,0.0050,1,82
Rarity only (priors = 1),180,0.5111,0.9200,20000,0.0050,1,82
Priors only (no rarity),180,0.4389,0.7900,20000,0.0050,1,82
Date tests not collapsed,180,0.5000,0.9000,20000,0.0050,1,82
No amount multiplier,180,0.4167,0.7500,20000,0.0050,1,82
No Benford diversity scaling,180,0.5000,0.9000,20000,0.0050,1,82
Ceiling (flagged lines),180,0.5556,1.0000,20000,0.0050,1,82
Risk score,190,0.4737,0.9000,20000,0.0050,1,82
Number of tests hit,190,0.3947,0.7500,20000,0.0050,1,82
Amount only,190,0.2737,0.5200,20000,0.0050,1,82
Random flagged lines,190,0.0316,0.0600,20000,0.0050,1,82
Isolation Forest,190,0.3316,0.6300,20000,0.0050,1,82
Rarity only (priors = 1),190,0.4842,0.9200,20000,0.0050,1,82
Priors only (no rarity),190,0.4158,0.7900,20000,0.0050,1,82
Date tests not collapsed,190,0.4737,0.9000,20000,0.0050,1,82
No amount multiplier,190,0.3947,0.7500,20000,0.0050,1,82
No Benford diversity scaling,190,0.4737,0.9000,20000,0.0050,1,82
Ceiling (flagged lines),190,0.5263,1.0000,20000,0.0050,1,82
Risk score,200,0.4550,0.9100,20000,0.0050,1,82
Number of tests hit,200,0.3750,0.7500,20000,0.0050,1,82
Amount only,200,0.2600,0.5200,20000,0.0050,1,82
Random flagged lines,200,0.0300,0.0600,20000,0.0050,1,82
Isolation Forest,200,0.3200,0.6400,20000,0.0050,1,82
Rarity only (priors = 1),200,0.4650,0.9300,20000,0.0050,1,82
Priors only (no rarity),200,0.3950,0.7900,20000,0.0050,1,82
Date tests not collapsed,200,0.4550,0.9100,20000,0.0050,1,82
No amount multiplier,200,0.3750,0.7500,20000,0.0050,1,82
No Benford diversity scaling,200,0.4550,0.9100,20000,0.0050,1,82
Ceiling (flagged lines),200,0.5000,1.0000,20000,0.0050,1,82
Risk score,210,0.4333,0.9100,20000,0.0050,1,82
Number of tests hit,210,0.3571,0.7500,20000,0.0050,1,82
Amount only,210,0.2476,0.5200,20000,0.0050,1,82
Random flagged lines,210,0.0333,0.0700,20000,0.0050,1,82
Isolation Forest,210,0.3095,0.6500,20000,0.0050,1,82
Rarity only (priors = 1),210,0.4429,0.9300,20000,0.0050,1,82
Priors only (no rarity),210,0.3762,0.7900,20000,0.0050,1,82
Date tests not collapsed,210,0.4333,0.9100,20000,0.0050,1,82
No amount multiplier,210,0.3667,0.7700,20000,0.0050,1,82
No Benford diversity scaling,210,0.4333,0.9100,20000,0.0050,1,82
Ceiling (flagged lines),210,0.4762,1.0000,20000,0.0050,1,82
Risk score,220,0.4136,0.9100,20000,0.0050,1,82
Number of tests hit,220,0.3409,0.7500,20000,0.0050,1,82
Amount only,220,0.2364,0.5200,20000,0.0050,1,82
Random flagged lines,220,0.0318,0.0700,20000,0.0050,1,82
Isolation Forest,220,0.3045,0.6700,20000,0.0050,1,82
Rarity only (priors = 1),220,0.4227,0.9300,20000,0.0050,1,82
Priors only (no rarity),220,0.3636,0.8000,20000,0.0050,1,82
Date tests not collapsed,220,0.4136,0.9100,20000,0.0050,1,82
No amount multiplier,220,0.3591,0.7900,20000,0.0050,1,82
No Benford diversity scaling,220,0.4136,0.9100,20000,0.0050,1,82
Ceiling (flagged lines),220,0.4545,1.0000,20000,0.0050,1,82
Risk score,230,0.3957,0.9100,20000,0.0050,1,82
Number of tests hit,230,0.3261,0.7500,20000,0.0050,1,82
Amount only,230,0.2391,0.5500,20000,0.0050,1,82
Random flagged lines,230,0.0304,0.0700,20000,0.0050,1,82
Isolation Forest,230,0.2913,0.6700,20000,0.0050,1,82
Rarity only (priors = 1),230,0.4043,0.9300,20000,0.0050,1,82
Priors only (no rarity),230,0.3522,0.8100,20000,0.0050,1,82
Date tests not collapsed,230,0.3957,0.9100,20000,0.0050,1,82
No amount multiplier,230,0.3435,0.7900,20000,0.0050,1,82
No Benford diversity scaling,230,0.3957,0.9100,20000,0.0050,1,82
Ceiling (flagged lines),230,0.4348,1.0000,20000,0.0050,1,82
Risk score,240,0.3792,0.9100,20000,0.0050,1,82
Number of tests hit,240,0.3125,0.7500,20000,0.0050,1,82
Amount only,240,0.2333,0.5600,20000,0.0050,1,82
Random flagged lines,240,0.0333,0.0800,20000,0.0050,1,82
Isolation Forest,240,0.2833,0.6800,20000,0.0050,1,82
Rarity only (priors = 1),240,0.3917,0.9400,20000,0.0050,1,82
Priors only (no rarity),240,0.3458,0.8300,20000,0.0050,1,82
Date tests not collapsed,240,0.3792,0.9100,20000,0.0050,1,82
No amount multiplier,240,0.3333,0.8000,20000,0.0050,1,82
No Benford diversity scaling,240,0.3792,0.9100,20000,0.0050,1,82
Ceiling (flagged lines),240,0.4167,1.0000,20000,0.0050,1,82
Risk score,250,0.3640,0.9100,20000,0.0050,1,82
Number of tests hit,250,0.3000,0.7500,20000,0.0050,1,82
Amount only,250,0.2240,0.5600,20000,0.0050,1,82
Random flagged lines,250,0.0320,0.0800,20000,0.0050,1,82
Isolation Forest,250,0.2840,0.7100,20000,0.0050,1,82
Rarity only (priors = 1),250,0.3760,0.9400,20000,0.0050,1,82
Priors only (no rarity),250,0.3320,0.8300,20000,0.0050,1,82
Date tests not collapsed,250,0.3640,0.9100,20000,0.0050,1,82
No amount multiplier,250,0.3200,0.8000,20000,0.0050,1,82
No Benford diversity scaling,250,0.3640,0.9100,20000,0.0050,1,82
Ceiling (flagged lines),250,0.4000,1.0000,20000,0.0050,1,82
Risk score,260,0.3538,0.9200,20000,0.0050,1,82
Number of tests hit,260,0.2885,0.7500,20000,0.0050,1,82
Amount only,260,0.2192,0.5700,20000,0.0050,1,82
Random flagged lines,260,0.0308,0.0800,20000,0.0050,1,82
Isolation Forest,260,0.2731,0.7100,20000,0.0050,1,82
Rarity only (priors = 1),260,0.3615,0.9400,20000,0.0050,1,82
Priors only (no rarity),260,0.3231,0.8400,20000,0.0050,1,82
Date tests not collapsed,260,0.3538,0.9200,20000,0.0050,1,82
No amount multiplier,260,0.3077,0.8000,20000,0.0050,1,82
No Benford diversity scaling,260,0.3538,0.9200,20000,0.0050,1,82
Ceiling (flagged lines),260,0.3846,1.0000,20000,0.0050,1,82
Risk score,270,0.3407,0.9200,20000,0.0050,1,82
Number of tests hit,270,0.2778,0.7500,20000,0.0050,1,82
Amount only,270,0.2111,0.5700,20000,0.0050,1,82
Random flagged lines,270,0.0333,0.0900,20000,0.0050,1,82
Isolation Forest,270,0.2667,0.7200,20000,0.0050,1,82
Rarity only (priors = 1),270,0.3593,0.9700,20000,0.0050,1,82
Priors only (no rarity),270,0.3111,0.8400,20000,0.0050,1,82
Date tests not collapsed,270,0.3407,0.9200,20000,0.0050,1,82
No amount multiplier,270,0.2963,0.8000,20000,0.0050,1,82
No Benford diversity scaling,270,0.3407,0.9200,20000,0.0050,1,82
Ceiling (flagged lines),270,0.3704,1.0000,20000,0.0050,1,82
Risk score,280,0.3321,0.9300,20000,0.0050,1,82
Number of tests hit,280,0.2679,0.7500,20000,0.0050,1,82
Amount only,280,0.2036,0.5700,20000,0.0050,1,82
Random flagged lines,280,0.0321,0.0900,20000,0.0050,1,82
Isolation Forest,280,0.2607,0.7300,20000,0.0050,1,82
Rarity only (priors = 1),280,0.3464,0.9700,20000,0.0050,1,82
Priors only (no rarity),280,0.3000,0.8400,20000,0.0050,1,82
Date tests not collapsed,280,0.3321,0.9300,20000,0.0050,1,82
No amount multiplier,280,0.2857,0.8000,20000,0.0050,1,82
No Benford diversity scaling,280,0.3321,0.9300,20000,0.0050,1,82
Ceiling (flagged lines),280,0.3571,1.0000,20000,0.0050,1,82
Risk score,290,0.3207,0.9300,20000,0.0050,1,82
Number of tests hit,290,0.2586,0.7500,20000,0.0050,1,82
Amount only,290,0.2000,0.5800,20000,0.0050,1,82
Random flagged lines,290,0.0310,0.0900,20000,0.0050,1,82
Isolation Forest,290,0.2517,0.7300,20000,0.0050,1,82
Rarity only (priors = 1),290,0.3345,0.9700,20000,0.0050,1,82
Priors only (no rarity),290,0.2897,0.8400,20000,0.0050,1,82
Date tests not collapsed,290,0.3207,0.9300,20000,0.0050,1,82
No amount multiplier,290,0.2759,0.8000,20000,0.0050,1,82
No Benford diversity scaling,290,0.3207,0.9300,20000,0.0050,1,82
Ceiling (flagged lines),290,0.3448,1.0000,20000,0.0050,1,82
Risk score,300,0.3100,0.9300,20000,0.0050,1,82
Number of tests hit,300,0.2500,0.7500,20000,0.0050,1,82
Amount only,300,0.1933,0.5800,20000,0.0050,1,82
Random flagged lines,300,0.0300,0.0900,20000,0.0050,1,82
Isolation Forest,300,0.2467,0.7400,20000,0.0050,1,82
Rarity only (priors = 1),300,0.3233,0.9700,20000,0.0050,1,82
Priors only (no rarity),300,0.2833,0.8500,20000,0.0050,1,82
Date tests not collapsed,300,0.3100,0.9300,20000,0.0050,1,82
No amount multiplier,300,0.2667,0.8000,20000,0.0050,1,82
No Benford diversity scaling,300,0.3100,0.9300,20000,0.0050,1,82
Ceiling (flagged lines),300,0.3333,1.0000,20000,0.0050,1,82
Risk score,10,1.0000,0.1000,20000,0.0050,2,82
Number of tests hit,10,1.0000,0.1000,20000,0.0050,2,82
Amount only,10,0.6000,0.0600,20000,0.0050,2,82
Random flagged lines,10,0.0000,0.0000,20000,0.0050,2,82
Isolation Forest,10,1.0000,0.1000,20000,0.0050,2,82
Rarity only (priors = 1),10,1.0000,0.1000,20000,0.0050,2,82
Priors only (no rarity),10,1.0000,0.1000,20000,0.0050,2,82
Date tests not collapsed,10,1.0000,0.1000,20000,0.0050,2,82
No amount multiplier,10,1.0000,0.1000,20000,0.0050,2,82
No Benford diversity scaling,10,1.0000,0.1000,20000,0.0050,2,82
Ceiling (flagged lines),10,1.0000,1.0000,20000,0.0050,2,82
Risk score,20,1.0000,0.2000,20000,0.0050,2,82
Number of tests hit,20,1.0000,0.2000,20000,0.0050,2,82
Amount only,20,0.6500,0.1300,20000,0.0050,2,82
Random flagged lines,20,0.0000,0.0000,20000,0.0050,2,82
Isolation Forest,20,1.0000,0.2000,20000,0.0050,2,82
Rarity only (priors = 1),20,1.0000,0.2000,20000,0.0050,2,82
Priors only (no rarity),20,1.0000,0.2000,20000,0.0050,2,82
Date tests not collapsed,20,1.0000,0.2000,20000,0.0050,2,82
No amount multiplier,20,1.0000,0.2000,20000,0.0050,2,82
No Benford diversity scaling,20,1.0000,0.2000,20000,0.0050,2,82
Ceiling (flagged lines),20,1.0000,1.0000,20000,0.0050,2,82
Risk score,30,1.0000,0.3000,20000,0.0050,2,82
Number of tests hit,30,1.0000,0.3000,20000,0.0050,2,82
Amount only,30,0.5333,0.1600,20000,0.0050,2,82
Random flagged lines,30,0.0333,0.0100,20000,0.0050,2,82
Isolation Forest,30,0.8667,0.2600,20000,0.0050,2,82
Rarity only (priors = 1),30,1.0000,0.3000,20000,0.0050,2,82
Priors only (no rarity),30,1.0000,0.3000,20000,0.0050,2,82
Date tests not collapsed,30,1.0000,0.3000,20000,0.0050,2,82
No amount multiplier,30,1.0000,0.3000,20000,0.0050,2,82
No Benford diversity scaling,30,1.0000,0.3000,20000,0.0050,2,82
Ceiling (flagged lines),30,1.0000,1.0000,20000,0.0050,2,82
Risk score,40,1.0000,0.4000,20000,0.0050,2,82
Number of tests hit,40,1.0000,0.4000,20000,0.0050,2,82
Amount only,40,0.5250,0.2100,20000,0.0050,2,82
Random flagged lines,40,0.0250,0.0100,20000,0.0050,2,82
Isolation Forest,40,0.8250,0.3300,20000,0.0050,2,82
Rarity only (priors = 1),40,1.0000,0.4000,20000,0.0050,2,82
Priors only (no rarity),40,1.0000,0.4000,20000,0.0050,2,82
Date tests not collapsed,40,1.0000,0.4000,20000,0.0050,2,82
No amount multiplier,40,1.0000,0.4000,20000,0.0050,2,82
No Benford diversity scaling,40,1.0000,0.4000,20000,0.0050,2,82
Ceiling (flagged lines),40,1.0000,1.0000,20000,0.0050,2,82
Risk score,50,1.0000,0.5000,20000,0.0050,2,82
Number of tests hit,50,0.9000,0.4500,20000,0.0050,2,82
Amount only,50,0.5000,0.2500,20000,0.0050,2,82
Random flagged lines,50,0.0400,0.0200,20000,0.0050,2,82
Isolation Forest,50,0.8400,0.4200,20000,0.0050,2,82
Rarity only (priors = 1),50,1.0000,0.5000,20000,0.0050,2,82
Priors only (no rarity),50,0.8800,0.4400,20000,0.0050,2,82
Date tests not collapsed,50,1.0000,0.5000,20000,0.0050,2,82
No amount multiplier,50,0.9800,0.4900,20000,0.0050,2,82
No Benford diversity scaling,50,1.0000,0.5000,20000,0.0050,2,82
Ceiling (flagged lines),50,1.0000,1.0000,20000,0.0050,2,82
Risk score,60,0.9167,0.5500,20000,0.0050,2,82
Number of tests hit,60,0.8167,0.4900,20000,0.0050,2,82
Amount only,60,0.4333,0.2600,20000,0.0050,2,82
Random flagged lines,60,0.0333,0.0200,20000,0.0050,2,82
Isolation Forest,60,0.8333,0.5000,20000,0.0050,2,82
Rarity only (priors = 1),60,0.9833,0.5900,20000,0.0050,2,82
Priors only (no rarity),60,0.8833,0.5300,20000,0.0050,2,82
Date tests not collapsed,60,0.9167,0.5500,20000,0.0050,2,82
No amount multiplier,60,0.8333,0.5000,20000,0.0050,2,82
No Benford diversity scaling,60,0.9167,0.5500,20000,0.0050,2,82
Ceiling (flagged lines),60,1.0000,1.0000,20000,0.0050,2,82
Risk score,70,0.9143,0.6400,20000,0.0050,2,82
Number of tests hit,70,0.8429,0.5900,20000,0.0050,2,82
Amount only,70,0.4429,0.3100,20000,0.0050,2,82
Random flagged lines,70,0.0286,0.0200,20000,0.0050,2,82
Isolation Forest,70,0.7857,0.5500,20000,0.0050,2,82
Rarity only (priors = 1),70,0.9714,0.6800,20000,0.0050,2,82
Priors only (no rarity),70,0.8857,0.6200,20000,0.0050,2,82
Date tests not collapsed,70,0.9143,0.6400,20000,0.0050,2,82
No amount multiplier,70,0.8429,0.5900,20000,0.0050,2,82
No Benford diversity scaling,70,0.9143,0.6400,20000,0.0050,2,82
Ceiling (flagged lines),70,1.0000,1.0000,20000,0.0050,2,82
Risk score,80,0.9000,0.7200,20000,0.0050,2,82
Number of tests hit,80,0.7875,0.6300,20000,0.0050,2,82
Amount only,80,0.4000,0.3200,20000,0.0050,2,82
Random flagged lines,80,0.0250,0.0200,20000,0.0050,2,82
Isolation Forest,80,0.7250,0.5800,20000,0.0050,2,82
Rarity only (priors = 1),80,0.9000,0.7200,20000,0.0050,2,82
Priors only (no rarity),80,0.8625,0.6900,20000,0.0050,2,82
Date tests not collapsed,80,0.9000,0.7200,20000,0.0050,2,82
No amount multiplier,80,0.7875,0.6300,20000,0.0050,2,82
No Benford diversity scaling,80,0.9000,0.7200,20000,0.0050,2,82
Ceiling (flagged lines),80,1.0000,1.0000,20000,0.0050,2,82
Risk score,82,0.9024,0.7400,20000,0.0050,2,82
Number of tests hit,82,0.7683,0.6300,20000,0.0050,2,82
Amount only,82,0.4146,0.3400,20000,0.0050,2,82
Random flagged lines,82,0.0244,0.0200,20000,0.0050,2,82
Isolation Forest,82,0.7195,0.5900,20000,0.0050,2,82
Rarity only (priors = 1),82,0.8780,0.7200,20000,0.0050,2,82
Priors only (no rarity),82,0.8537,0.7000,20000,0.0050,2,82
Date tests not collapsed,82,0.9024,0.7400,20000,0.0050,2,82
No amount multiplier,82,0.7927,0.6500,20000,0.0050,2,82
No Benford diversity scaling,82,0.9024,0.7400,20000,0.0050,2,82
Ceiling (flagged lines),82,1.0000,1.0000,20000,0.0050,2,82
Risk score,90,0.8778,0.7900,20000,0.0050,2,82
Number of tests hit,90,0.7333,0.6600,20000,0.0050,2,82
Amount only,90,0.3889,0.3500,20000,0.0050,2,82
Random flagged lines,90,0.0333,0.0300,20000,0.0050,2,82
Isolation Forest,90,0.6778,0.6100,20000,0.0050,2,82
Rarity only (priors = 1),90,0.8111,0.7300,20000,0.0050,2,82
Priors only (no rarity),90,0.8333,0.7500,20000,0.0050,2,82
Date tests not collapsed,90,0.8778,0.7900,20000,0.0050,2,82
No amount multiplier,90,0.8000,0.7200,20000,0.0050,2,82
No Benford diversity scaling,90,0.8778,0.7900,20000,0.0050,2,82
Ceiling (flagged lines),90,1.0000,1.0000,20000,0.0050,2,82
Risk score,100,0.8400,0.8400,20000,0.0050,2,82
Number of tests hit,100,0.7400,0.7400,20000,0.0050,2,82
Amount only,100,0.3900,0.3900,20000,0.0050,2,82
Random flagged lines,100,0.0300,0.0300,20000,0.0050,2,82
Isolation Forest,100,0.6200,0.6200,20000,0.0050,2,82
Rarity only (priors = 1),100,0.7700,0.7700,20000,0.0050,2,82
Priors only (no rarity),100,0.7700,0.7700,20000,0.0050,2,82
Date tests not collapsed,100,0.8400,0.8400,20000,0.0050,2,82
No amount multiplier,100,0.7400,0.7400,20000,0.0050,2,82
No Benford diversity scaling,100,0.8400,0.8400,20000,0.0050,2,82
Ceiling (flagged lines),100,1.0000,1.0000,20000,0.0050,2,82
Risk score,110,0.8000,0.8800,20000,0.0050,2,82
Number of tests hit,110,0.7000,0.7700,20000,0.0050,2,82
Amount only,110,0.3818,0.4200,20000,0.0050,2,82
Random flagged lines,110,0.0273,0.0300,20000,0.0050,2,82
Isolation Forest,110,0.5818,0.6400,20000,0.0050,2,82
Rarity only (priors = 1),110,0.7455,0.8200,20000,0.0050,2,82
Priors only (no rarity),110,0.7273,0.8000,20000,0.0050,2,82
Date tests not collapsed,110,0.8000,0.8800,20000,0.0050,2,82
No amount multiplier,110,0.7000,0.7700,20000,0.0050,2,82
No Benford diversity scaling,110,0.8000,0.8800,20000,0.0050,2,82
Ceiling (flagged lines),110,0.9091,1.0000,20000,0.0050,2,82
Risk score,120,0.7333,0.8800,20000,0.0050,2,82
Number of tests hit,120,0.6667,0.8000,20000,0.0050,2,82
Amount only,120,0.3917,0.4700,20000,0.0050,2,82
Random flagged lines,120,0.0250,0.0300,20000,0.0050,2,82
Isolation Forest,120,0.5417,0.6500,20000,0.0050,2,82
Rarity only (priors = 1),120,0.6917,0.8300,20000,0.0050,2,82
Priors only (no rarity),120,0.6917,0.8300,20000,0.0050,2,82
Date tests not collapsed,120,0.7333,0.8800,20000,0.0050,2,82
No amount multiplier,120,0.6500,0.7800,20000,0.0050,2,82
No Benford diversity scaling,120,0.7333,0.8800,20000,0.0050,2,82
Ceiling (flagged lines),120,0.8333,1.0000,20000,0.0050,2,82
Risk score,130,0.6923,0.9000,20000,0.0050,2,82
Number of tests hit,130,0.6154,0.8000,20000,0.0050,2,82
Amount only,130,0.3769,0.4900,20000,0.0050,2,82
Random flagged lines,130,0.0231,0.0300,20000,0.0050,2,82
Isolation Forest,130,0.5077,0.6600,20000,0.0050,2,82
Rarity only (priors = 1),130,0.6692,0.8700,20000,0.0050,2,82
Priors only (no rarity),130,0.6385,0.8300,20000,0.0050,2,82
Date tests not collapsed,130,0.6923,0.9000,20000,0.0050,2,82
No amount multiplier,130,0.6000,0.7800,20000,0.0050,2,82
No Benford diversity scaling,130,0.6923,0.9000,20000,0.0050,2,82
Ceiling (flagged lines),130,0.7692,1.0000,20000,0.0050,2,82
Risk score,140,0.6500,0.9100,20000,0.0050,2,82
Number of tests hit,140,0.5714,0.8000,20000,0.0050,2,82
Amount only,140,0.3643,0.5100,20000,0.0050,2,82
Random flagged lines,140,0.0286,0.0400,20000,0.0050,2,82
Isolation Forest,140,0.4786,0.6700,20000,0.0050,2,82
Rarity only (priors = 1),140,0.6357,0.8900,20000,0.0050,2,82
Priors only (no rarity),140,0.6143,0.8600,20000,0.0050,2,82
Date tests not collapsed,140,0.6500,0.9100,20000,0.0050,2,82
No amount multiplier,140,0.5643,0.7900,20000,0.0050,2,82
No Benford diversity scaling,140,0.6500,0.9100,20000,0.0050,2,82
Ceiling (flagged lines),140,0.7143,1.0000,20000,0.0050,2,82
Risk score,150,0.6067,0.9100,20000,0.0050,2,82
Number of tests hit,150,0.5333,0.8000,20000,0.0050,2,82
Amount only,150,0.3467,0.5200,20000,0.0050,2,82
Random flagged lines,150,0.0267,0.0400,20000,0.0050,2,82
Isolation Forest,150,0.4733,0.7100,20000,0.0050,2,82
Rarity only (priors = 1),150,0.5933,0.8900,20000,0.0050,2,82
Priors only (no rarity),150,0.6000,0.9000,20000,0.0050,2,82
Date tests not collapsed,150,0.6067,0.9100,20000,0.0050,2,82
No amount multiplier,150,0.5333,0.8000,20000,0.0050,2,82
No Benford diversity scaling,150,0.6067,0.9100,20000,0.0050,2,82
Ceiling (flagged lines),150,0.6667,1.0000,20000,0.0050,2,82
Risk score,160,0.5750,0.9200,20000,0.0050,2,82
Number of tests hit,160,0.5000,0.8000,20000,0.0050,2,82
Amount only,160,0.3250,0.5200,20000,0.0050,2,82
Random flagged lines,160,0.0250,0.0400,20000,0.0050,2,82
Isolation Forest,160,0.4437,0.7100,20000,0.0050,2,82
Rarity only (priors = 1),160,0.5563,0.8900,20000,0.0050,2,82
Priors only (no rarity),160,0.5687,0.9100,20000,0.0050,2,82
Date tests not collapsed,160,0.5750,0.9200,20000,0.0050,2,82
No amount multiplier,160,0.5000,0.8000,20000,0.0050,2,82
No Benford diversity scaling,160,0.5750,0.9200,20000,0.0050,2,82
Ceiling (flagged lines),160,0.6250,1.0000,20000,0.0050,2,82
Risk score,170,0.5529,0.9400,20000,0.0050,2,82
Number of tests hit,170,0.4706,0.8000,20000,0.0050,2,82
Amount only,170,0.3059,0.5200,20000,0.0050,2,82
Random flagged lines,170,0.0235,0.0400,20000,0.0050,2,82
Isolation Forest,170,0.4294,0.7300,20000,0.0050,2,82
Rarity only (priors = 1),170,0.5235,0.8900,20000,0.0050,2,82
Priors only (no rarity),170,0.5353,0.9100,20000,0.0050,2,82
Date tests not collapsed,170,0.5529,0.9400,20000,0.0050,2,82
No amount multiplier,170,0.4706,0.8000,20000,0.0050,2,82
No Benford diversity scaling,170,0.5529,0.9400,20000,0.0050,2,82
Ceiling (flagged lines),170,0.5882,1.0000,20000,0.0050,2,82
Risk score,180,0.5222,0.9400,20000,0.0050,2,82
Number of tests hit,180,0.4444,0.8000,20000,0.0050,2,82
Amount only,180,0.2889,0.5200,20000,0.0050,2,82
Random flagged lines,180,0.0278,0.0500,20000,0.0050,2,82
Isolation Forest,180,0.4111,0.7400,20000,0.0050,2,82
Rarity only (priors = 1),180,0.4944,0.8900,20000,0.0050,2,82
Priors only (no rarity),180,0.5111,0.9200,20000,0.0050,2,82
Date tests not collapsed,180,0.5222,0.9400,20000,0.0050,2,82
No amount multiplier,180,0.4500,0.8100,20000,0.0050,2,82
No Benford diversity scaling,180,0.5222,0.9400,20000,0.0050,2,82
Ceiling (flagged lines),180,0.5556,1.0000,20000,0.0050,2,82
Risk score,190,0.4947,0.9400,20000,0.0050,2,82
Number of tests hit,190,0.4211,0.8000,20000,0.0050,2,82
Amount only,190,0.2737,0.5200,20000,0.0050,2,82
Random flagged lines,190,0.0263,0.0500,20000,0.0050,2,82
Isolation Forest,190,0.3895,0.7400,20000,0.0050,2,82
Rarity only (priors = 1),190,0.4684,0.8900,20000,0.0050,2,82
Priors only (no rarity),190,0.4842,0.9200,20000,0.0050,2,82
Date tests not collapsed,190,0.4947,0.9400,20000,0.0050,2,82
No amount multiplier,190,0.4263,0.8100,20000,0.0050,2,82
No Benford diversity scaling,190,0.4947,0.9400,20000,0.0050,2,82
Ceiling (flagged lines),190,0.5263,1.0000,20000,0.0050,2,82
Risk score,200,0.4700,0.9400,20000,0.0050,2,82
Number of tests hit,200,0.4000,0.8000,20000,0.0050,2,82
Amount only,200,0.2600,0.5200,20000,0.0050,2,82
Random flagged lines,200,0.0300,0.0600,20000,0.0050,2,82
Isolation Forest,200,0.3800,0.7600,20000,0.0050,2,82
Rarity only (priors = 1),200,0.4450,0.8900,20000,0.0050,2,82
Priors only (no rarity),200,0.4600,0.9200,20000,0.0050,2,82
Date tests not collapsed,200,0.4700,0.9400,20000,0.0050,2,82
No amount multiplier,200,0.4100,0.8200,20000,0.0050,2,82
No Benford diversity scaling,200,0.4700,0.9400,20000,0.0050,2,82
Ceiling (flagged lines),200,0.5000,1.0000,20000,0.0050,2,82
Risk score,210,0.4476,0.9400,20000,0.0050,2,82
Number of tests hit,210,0.3810,0.8000,20000,0.0050,2,82
Amount only,210,0.2476,0.5200,20000,0.0050,2,82
Random flagged lines,210,0.0286,0.0600,20000,0.0050,2,82
Isolation Forest,210,0.3619,0.7600,20000,0.0050,2,82
Rarity only (priors = 1),210,0.4238,0.8900,20000,0.0050,2,82
Priors only (no rarity),210,0.4381,0.9200,20000,0.0050,2,82
Date tests not collapsed,210,0.4476,0.9400,20000,0.0050,2,82
No amount multiplier,210,0.3905,0.8200,20000,0.0050,2,82
No Benford diversity scaling,210,0.4476,0.9400,20000,0.0050,2,82
Ceiling (flagged lines),210,0.4762,1.0000,20000,0.0050,2,82
Risk score,220,0.4273,0.9400,20000,0.0050,2,82
Number of tests hit,220,0.3636,0.8000,20000,0.0050,2,82
Amount only,220,0.2364,0.5200,20000,0.0050,2,82
Random flagged lines,220,0.0273,0.0600,20000,0.0050,2,82
Isolation Forest,220,0.3500,0.7700,20000,0.0050,2,82
Rarity only (priors = 1),220,0.4045,0.8900,20000,0.0050,2,82
Priors only (no rarity),220,0.4182,0.9200,20000,0.0050,2,82
Date tests not collapsed,220,0.4273,0.9400,20000,0.0050,2,82
No amount multiplier,220,0.3727,0.8200,20000,0.0050,2,82
No Benford diversity scaling,220,0.4273,0.9400,20000,0.0050,2,82
Ceiling (flagged lines),220,0.4545,1.0000,20000,0.0050,2,82
Risk score,230,0.4087,0.9400,20000,0.0050,2,82
Number of tests hit,230,0.3478,0.8000,20000,0.0050,2,82
Amount only,230,0.2348,0.5400,20000,0.0050,2,82
Random flagged lines,230,0.0261,0.0600,20000,0.0050,2,82
Isolation Forest,230,0.3348,0.7700,20000,0.0050,2,82
Rarity only (priors = 1),230,0.3870,0.8900,20000,0.0050,2,82
Priors only (no rarity),230,0.4000,0.9200,20000,0.0050,2,82
Date tests not collapsed,230,0.4087,0.9400,20000,0.0050,2,82
No amount multiplier,230,0.3609,0.8300,20000,0.0050,2,82
No Benford diversity scaling,230,0.4087,0.9400,20000,0.0050,2,82
Ceiling (flagged lines),230,0.4348,1.0000,20000,0.0050,2,82
Risk score,240,0.4000,0.9600,20000,0.0050,2,82
Number of tests hit,240,0.3333,0.8000,20000,0.0050,2,82
Amount only,240,0.2292,0.5500,20000,0.0050,2,82
Random flagged lines,240,0.0292,0.0700,20000,0.0050,2,82
Isolation Forest,240,0.3250,0.7800,20000,0.0050,2,82
Rarity only (priors = 1),240,0.3708,0.8900,20000,0.0050,2,82
Priors only (no rarity),240,0.3833,0.9200,20000,0.0050,2,82
Date tests not collapsed,240,0.4000,0.9600,20000,0.0050,2,82
No amount multiplier,240,0.3542,0.8500,20000,0.0050,2,82
No Benford diversity scaling,240,0.4000,0.9600,20000,0.0050,2,82
Ceiling (flagged lines),240,0.4167,1.0000,20000,0.0050,2,82
Risk score,250,0.3840,0.9600,20000,0.0050,2,82
Number of tests hit,250,0.3200,0.8000,20000,0.0050,2,82
Amount only,250,0.2240,0.5600,20000,0.0050,2,82
Random flagged lines,250,0.0280,0.0700,20000,0.0050,2,82
Isolation Forest,250,0.3120,0.7800,20000,0.0050,2,82
Rarity only (priors = 1),250,0.3560,0.8900,20000,0.0050,2,82
Priors only (no rarity),250,0.3680,0.9200,20000,0.0050,2,82
Date tests not collapsed,250,0.3840,0.9600,20000,0.0050,2,82
No amount multiplier,250,0.3400,0.8500,20000,0.0050,2,82
No Benford diversity scaling,250,0.3840,0.9600,20000,0.0050,2,82
Ceiling (flagged lines),250,0.4000,1.0000,20000,0.0050,2,82
Risk score,260,0.3731,0.9700,20000,0.0050,2,82
Number of tests hit,260,0.3077,0.8000,20000,0.0050,2,82
Amount only,260,0.2192,0.5700,20000,0.0050,2,82
Random flagged lines,260,0.0269,0.0700,20000,0.0050,2,82
Isolation Forest,260,0.3038,0.7900,20000,0.0050,2,82
Rarity only (priors = 1),260,0.3538,0.9200,20000,0.0050,2,82
Priors only (no rarity),260,0.3538,0.9200,20000,0.0050,2,82
Date tests not collapsed,260,0.3731,0.9700,20000,0.0050,2,82
No amount multiplier,260,0.3269,0.8500,20000,0.0050,2,82
No Benford diversity scaling,260,0.3731,0.9700,20000,0.0050,2,82
Ceiling (flagged lines),260,0.3846,1.0000,20000,0.0050,2,82
Risk score,270,0.3630,0.9800,20000,0.0050,2,82
Number of tests hit,270,0.2963,0.8000,20000,0.0050,2,82
Amount only,270,0.2111,0.5700,20000,0.0050,2,82
Random flagged lines,270,0.0259,0.0700,20000,0.0050,2,82
Isolation Forest,270,0.2926,0.7900,20000,0.0050,2,82
Rarity only (priors = 1),270,0.3444,0.9300,20000,0.0050,2,82
Priors only (no rarity),270,0.3407,0.9200,20000,0.0050,2,82
Date tests not collapsed,270,0.3630,0.9800,20000,0.0050,2,82
No amount multiplier,270,0.3148,0.8500,20000,0.0050,2,82
No Benford diversity scaling,270,0.3630,0.9800,20000,0.0050,2,82
Ceiling (flagged lines),270,0.3704,1.0000,20000,0.0050,2,82
Risk score,280,0.3500,0.9800,20000,0.0050,2,82
Number of tests hit,280,0.2857,0.8000,20000,0.0050,2,82
Amount only,280,0.2071,0.5800,20000,0.0050,2,82
Random flagged lines,280,0.0250,0.0700,20000,0.0050,2,82
Isolation Forest,280,0.2821,0.7900,20000,0.0050,2,82
Rarity only (priors = 1),280,0.3321,0.9300,20000,0.0050,2,82
Priors only (no rarity),280,0.3286,0.9200,20000,0.0050,2,82
Date tests not collapsed,280,0.3500,0.9800,20000,0.0050,2,82
No amount multiplier,280,0.3036,0.8500,20000,0.0050,2,82
No Benford diversity scaling,280,0.3500,0.9800,20000,0.0050,2,82
Ceiling (flagged lines),280,0.3571,1.0000,20000,0.0050,2,82
Risk score,290,0.3379,0.9800,20000,0.0050,2,82
Number of tests hit,290,0.2759,0.8000,20000,0.0050,2,82
Amount only,290,0.2103,0.6100,20000,0.0050,2,82
Random flagged lines,290,0.0241,0.0700,20000,0.0050,2,82
Isolation Forest,290,0.2724,0.7900,20000,0.0050,2,82
Rarity only (priors = 1),290,0.3207,0.9300,20000,0.0050,2,82
Priors only (no rarity),290,0.3172,0.9200,20000,0.0050,2,82
Date tests not collapsed,290,0.3379,0.9800,20000,0.0050,2,82
No amount multiplier,290,0.2931,0.8500,20000,0.0050,2,82
No Benford diversity scaling,290,0.3379,0.9800,20000,0.0050,2,82
Ceiling (flagged lines),290,0.3448,1.0000,20000,0.0050,2,82
Risk score,300,0.3267,0.9800,20000,0.0050,2,82
Number of tests hit,300,0.2667,0.8000,20000,0.0050,2,82
Amount only,300,0.2033,0.6100,20000,0.0050,2,82
Random flagged lines,300,0.0233,0.0700,20000,0.0050,2,82
Isolation Forest,300,0.2633,0.7900,20000,0.0050,2,82
Rarity only (priors = 1),300,0.3100,0.9300,20000,0.0050,2,82
Priors only (no rarity),300,0.3100,0.9300,20000,0.0050,2,82
Date tests not collapsed,300,0.3267,0.9800,20000,0.0050,2,82
No amount multiplier,300,0.2867,0.8600,20000,0.0050,2,82
No Benford diversity scaling,300,0.3267,0.9800,20000,0.0050,2,82
Ceiling (flagged lines),300,0.3333,1.0000,20000,0.0050,2,82
Risk score,10,1.0000,0.1000,20000,0.0050,3,82
Number of tests hit,10,1.0000,0.1000,20000,0.0050,3,82
Amount only,10,0.8000,0.0800,20000,0.0050,3,82
Random flagged lines,10,0.0000,0.0000,20000,0.0050,3,82
Isolation Forest,10,1.0000,0.1000,20000,0.0050,3,82
Rarity only (priors = 1),10,1.0000,0.1000,20000,0.0050,3,82
Priors only (no rarity),10,1.0000,0.1000,20000,0.0050,3,82
Date tests not collapsed,10,1.0000,0.1000,20000,0.0050,3,82
No amount multiplier,10,1.0000,0.1000,20000,0.0050,3,82
No Benford diversity scaling,10,1.0000,0.1000,20000,0.0050,3,82
Ceiling (flagged lines),10,1.0000,1.0000,20000,0.0050,3,82
Risk score,20,1.0000,0.2000,20000,0.0050,3,82
Number of tests hit,20,1.0000,0.2000,20000,0.0050,3,82
Amount only,20,0.8000,0.1600,20000,0.0050,3,82
Random flagged lines,20,0.0000,0.0000,20000,0.0050,3,82
Isolation Forest,20,0.9500,0.1900,20000,0.0050,3,82
Rarity only (priors = 1),20,1.0000,0.2000,20000,0.0050,3,82
Priors only (no rarity),20,1.0000,0.2000,20000,0.0050,3,82
Date tests not collapsed,20,1.0000,0.2000,20000,0.0050,3,82
No amount multiplier,20,1.0000,0.2000,20000,0.0050,3,82
No Benford diversity scaling,20,1.0000,0.2000,20000,0.0050,3,82
Ceiling (flagged lines),20,1.0000,1.0000,20000,0.0050,3,82
Risk score,30,1.0000,0.3000,20000,0.0050,3,82
Number of tests hit,30,1.0000,0.3000,20000,0.0050,3,82
Amount only,30,0.7000,0.2100,20000,0.0050,3,82
Random flagged lines,30,0.0000,0.0000,20000,0.0050,3,82
Isolation Forest,30,0.8667,0.2600,20000,0.0050,3,82
Rarity only (priors = 1),30,1.0000,0.3000,20000,0.0050,3,82
Priors only (no rarity),30,1.0000,0.3000,20000,0.0050,3,82
Date tests not collapsed,30,1.0000,0.3000,20000,0.0050,3,82
No amount multiplier,30,1.0000,0.3000,20000,0.0050,3,82
No Benford diversity scaling,30,1.0000,0.3000,20000,0.0050,3,82
Ceiling (flagged lines),30,1.0000,1.0000,20000,0.0050,3,82
Risk score,40,1.0000,0.4000,20000,0.0050,3,82
Number of tests hit,40,0.9750,0.3900,20000,0.0050,3,82
Amount only,40,0.5500,0.2200,20000,0.0050,3,82
Random flagged lines,40,0.0000,0.0000,20000,0.0050,3,82
Isolation Forest,40,0.9000,0.3600,20000,0.0050,3,82
Rarity only (priors = 1),40,1.0000,0.4000,20000,0.0050,3,82
Priors only (no rarity),40,1.0000,0.4000,20000,0.0050,3,82
Date tests not collapsed,40,1.0000,0.4000,20000,0.0050,3,82
No amount multiplier,40,1.0000,0.4000,20000,0.0050,3,82
No Benford diversity scaling,40,1.0000,0.4000,20000,0.0050,3,82
Ceiling (flagged lines),40,1.0000,1.0000,20000,0.0050,3,82
Risk score,50,1.0000,0.5000,20000,0.0050,3,82
Number of tests hit,50,0.9400,0.4700,20000,0.0050,3,82
Amount only,50,0.5000,0.2500,20000,0.0050,3,82
Random flagged lines,50,0.0000,0.0000,20000,0.0050,3,82
Isolation Forest,50,0.8600,0.4300,20000,0.0050,3,82
Rarity only (priors = 1),50,1.0000,0.5000,20000,0.0050,3,82
Priors only (no rarity),50,0.9400,0.4700,20000,0.0050,3,82
Date tests not collapsed,50,1.0000,0.5000,20000,0.0050,3,82
No amount multiplier,50,0.9800,0.4900,20000,0.0050,3,82
No Benford diversity scaling,50,1.0000,0.5000,20000,0.0050,3,82
Ceiling (flagged lines),50,1.0000,1.0000,20000,0.0050,3,82
Risk score,60,0.9667,0.5800,20000,0.0050,3,82
Number of tests hit,60,0.9500,0.5700,20000,0.0050,3,82
Amount only,60,0.5000,0.3000,20000,0.0050,3,82
Random flagged lines,60,0.0167,0.0100,20000,0.0050,3,82
Isolation Forest,60,0.8500,0.5100,20000,0.0050,3,82
Rarity only (priors = 1),60,1.0000,0.6000,20000,0.0050,3,82
Priors only (no rarity),60,0.8333,0.5000,20000,0.0050,3,82
Date tests not collapsed,60,0.9667,0.5800,20000,0.0050,3,82
No amount multiplier,60,0.9500,0.5700,20000,0.0050,3,82
No Benford diversity scaling,60,0.9667,0.5800,20000,0.0050,3,82
Ceiling (flagged lines),60,1.0000,1.0000,20000,0.0050,3,82
Risk score,70,0.8714,0.6100,20000,0.0050,3,82
Number of tests hit,70,0.8286,0.5800,20000,0.0050,3,82
Amount only,70,0.4571,0.3200,20000,0.0050,3,82
Random flagged lines,70,0.0286,0.0200,20000,0.0050,3,82
Isolation Forest,70,0.7571,0.5300,20000,0.0050,3,82
Rarity only (priors = 1),70,0.9714,0.6800,20000,0.0050,3,82
Priors only (no rarity),70,0.7714,0.5400,20000,0.0050,3,82
Date tests not collapsed,70,0.8714,0.6100,20000,0.0050,3,82
No amount multiplier,70,0.8286,0.5800,20000,0.0050,3,82
No Benford diversity scaling,70,0.8714,0.6100,20000,0.0050,3,82
Ceiling (flagged lines),70,1.0000,1.0000,20000,0.0050,3,82
Risk score,80,0.8625,0.6900,20000,0.0050,3,82
Number of tests hit,80,0.8375,0.6700,20000,0.0050,3,82
Amount only,80,0.4750,0.3800,20000,0.0050,3,82
Random flagged lines,80,0.0250,0.0200,20000,0.0050,3,82
Isolation Forest,80,0.7125,0.5700,20000,0.0050,3,82
Rarity only (priors = 1),80,0.9375,0.7500,20000,0.0050,3,82
Priors only (no rarity),80,0.7375,0.5900,20000,0.0050,3,82
Date tests not collapsed,80,0.8625,0.6900,20000,0.0050,3,82
No amount multiplier,80,0.7750,0.6200,20000,0.0050,3,82
No Benford diversity scaling,80,0.8625,0.6900,20000,0.0050,3,82
Ceiling (flagged lines),80,1.0000,1.0000,20000,0.0050,3,82
Risk score,82,0.8415,0.6900,20000,0.0050,3,82
Number of tests hit,82,0.8171,0.6700,20000,0.0050,3,82
Amount only,82,0.4634,0.3800,20000,0.0050,3,82
Random flagged lines,82,0.0244,0.0200,20000,0.0050,3,82
Isolation Forest,82,0.6951,0.5700,20000,0.0050,3,82
Rarity only (priors = 1),82,0.9268,0.7600,20000,0.0050,3,82
Priors only (no rarity),82,0.7195,0.5900,20000,0.0050,3,82
Date tests not collapsed,82,0.8415,0.6900,20000,0.0050,3,82
No amount multiplier,82,0.7561,0.6200,20000,0.0050,3,82
No Benford diversity scaling,82,0.8415,0.6900,20000,0.0050,3,82
Ceiling (flagged lines),82,1.0000,1.0000,20000,0.0050,3,82
Risk score,90,0.7667,0.6900,20000,0.0050,3,82
Number of tests hit,90,0.7556,0.6800,20000,0.0050,3,82
Amount only,90,0.4333,0.3900,20000,0.0050,3,82
Random flagged lines,90,0.0333,0.0300,20000,0.0050,3,82
Isolation Forest,90,0.6556,0.5900,20000,0.0050,3,82
Rarity only (priors = 1),90,0.8667,0.7800,20000,0.0050,3,82
Priors only (no rarity),90,0.6778,0.6100,20000,0.0050,3,82
Date tests not collapsed,90,0.7667,0.6900,20000,0.0050,3,82
No amount multiplier,90,0.7000,0.6300,20000,0.0050,3,82
No Benford diversity scaling,90,0.7667,0.6900,20000,0.0050,3,82
Ceiling (flagged lines),90,1.0000,1.0000,20000,0.0050,3,82
Risk score,100,0.7400,0.7400,20000,0.0050,3,82
Number of tests hit,100,0.7100,0.7100,20000,0.0050,3,82
Amount only,100,0.4000,0.4000,20000,0.0050,3,82
Random flagged lines,100,0.0300,0.0300,20000,0.0050,3,82
Isolation Forest,100,0.5900,0.5900,20000,0.0050,3,82
Rarity only (priors = 1),100,0.8200,0.8200,20000,0.0050,3,82
Priors only (no rarity),100,0.6400,0.6400,20000,0.0050,3,82
Date tests not collapsed,100,0.7400,0.7400,20000,0.0050,3,82
No amount multiplier,100,0.6300,0.6300,20000,0.0050,3,82
No Benford diversity scaling,100,0.7400,0.7400,20000,0.0050,3,82
Ceiling (flagged lines),100,1.0000,1.0000,20000,0.0050,3,82
Risk score,110,0.7091,0.7800,20000,0.0050,3,82
Number of tests hit,110,0.6455,0.7100,20000,0.0050,3,82
Amount only,110,0.4000,0.4400,20000,0.0050,3,82
Random flagged lines,110,0.0364,0.0400,20000,0.0050,3,82
Isolation Forest,110,0.5545,0.6100,20000,0.0050,3,82
Rarity only (priors = 1),110,0.7727,0.8500,20000,0.0050,3,82
Priors only (no rarity),110,0.5909,0.6500,20000,0.0050,3,82
Date tests not collapsed,110,0.7091,0.7800,20000,0.0050,3,82
No amount multiplier,110,0.5727,0.6300,20000,0.0050,3,82
No Benford diversity scaling,110,0.7091,0.7800,20000,0.0050,3,82
Ceiling (flagged lines),110,0.9091,1.0000,20000,0.0050,3,82
Risk score,120,0.6583,0.7900,20000,0.0050,3,82
Number of tests hit,120,0.5917,0.7100,20000,0.0050,3,82
Amount only,120,0.3833,0.4600,20000,0.0050,3,82
Random flagged lines,120,0.0333,0.0400,20000,0.0050,3,82
Isolation Forest,120,0.5083,0.6100,20000,0.0050,3,82
Rarity only (priors = 1),120,0.7167,0.8600,20000,0.0050,3,82
Priors only (no rarity),120,0.5750,0.6900,20000,0.0050,3,82
Date tests not collapsed,120,0.6583,0.7900,20000,0.0050,3,82
No amount multiplier,120,0.5250,0.6300,20000,0.0050,3,82
No Benford diversity scaling,120,0.6583,0.7900,20000,0.0050,3,82
Ceiling (flagged lines),120,0.8333,1.0000,20000,0.0050,3,82
Risk score,130,0.6231,0.8100,20000,0.0050,3,82
Number of tests hit,130,0.5462,0.7100,20000,0.0050,3,82
Amount only,130,0.3692,0.4800,20000,0.0050,3,82
Random flagged lines,130,0.0308,0.0400,20000,0.0050,3,82
Isolation Forest,130,0.4692,0.6100,20000,0.0050,3,82
Rarity only (priors = 1),130,0.6692,0.8700,20000,0.0050,3,82
Priors only (no rarity),130,0.5308,0.6900,20000,0.0050,3,82
Date tests not collapsed,130,0.6231,0.8100,20000,0.0050,3,82
No amount multiplier,130,0.5000,0.6500,20000,0.0050,3,82
No Benford diversity scaling,130,0.6231,0.8100,20000,0.0050,3,82
Ceiling (flagged lines),130,0.7692,1.0000,20000,0.0050,3,82
Risk score,140,0.6000,0.8400,20000,0.0050,3,82
Number of tests hit,140,0.5071,0.7100,20000,0.0050,3,82
Amount only,140,0.3429,0.4800,20000,0.0050,3,82
Random flagged lines,140,0.0286,0.0400,20000,0.0050,3,82
Isolation Forest,140,0.4429,0.6200,20000,0.0050,3,82
Rarity only (priors = 1),140,0.6286,0.8800,20000,0.0050,3,82
Priors only (no rarity),140,0.4929,0.6900,20000,0.0050,3,82
Date tests not collapsed,140,0.6000,0.8400,20000,0.0050,3,82
No amount multiplier,140,0.4643,0.6500,20000,0.0050,3,82
No Benford diversity scaling,140,0.6000,0.8400,20000,0.0050,3,82
Ceiling (flagged lines),140,0.7143,1.0000,20000,0.0050,3,82
Risk score,150,0.5600,0.8400,20000,0.0050,3,82
Number of tests hit,150,0.4733,0.7100,20000,0.0050,3,82
Amount only,150,0.3333,0.5000,20000,0.0050,3,82
Random flagged lines,150,0.0333,0.0500,20000,0.0050,3,82
Isolation Forest,150,0.4133,0.6200,20000,0.0050,3,82
Rarity only (priors = 1),150,0.5867,0.8800,20000,0.0050,3,82
Priors only (no rarity),150,0.4667,0.7000,20000,0.0050,3,82
Date tests not collapsed,150,0.5600,0.8400,20000,0.0050,3,82
No amount multiplier,150,0.4333,0.6500,20000,0.0050,3,82
No Benford diversity scaling,150,0.5600,0.8400,20000,0.0050,3,82
Ceiling (flagged lines),150,0.6667,1.0000,20000,0.0050,3,82
Risk score,160,0.5375,0.8600,20000,0.0050,3,82
Number of tests hit,160,0.4437,0.7100,20000,0.0050,3,82
Amount only,160,0.3125,0.5000,20000,0.0050,3,82
Random flagged lines,160,0.0312,0.0500,20000,0.0050,3,82
Isolation Forest,160,0.3937,0.6300,20000,0.0050,3,82
Rarity only (priors = 1),160,0.5500,0.8800,20000,0.0050,3,82
Priors only (no rarity),160,0.4375,0.7000,20000,0.0050,3,82
Date tests not collapsed,160,0.5375,0.8600,20000,0.0050,3,82
No amount multiplier,160,0.4062,0.6500,20000,0.0050,3,82
No Benford diversity scaling,160,0.5375,0.8600,20000,0.0050,3,82
Ceiling (flagged lines),160,0.6250,1.0000,20000,0.0050,3,82
Risk score,170,0.5059,0.8600,20000,0.0050,3,82
Number of tests hit,170,0.4176,0.7100,20000,0.0050,3,82
Amount only,170,0.2941,0.5000,20000,0.0050,3,82
Random flagged lines,170,0.0294,0.0500,20000,0.0050,3,82
Isolation Forest,170,0.3706,0.6300,20000,0.0050,3,82
Rarity only (priors = 1),170,0.5176,0.8800,20000,0.0050,3,82
Priors only (no rarity),170,0.4176,0.7100,20000,0.0050,3,82
Date tests not collapsed,170,0.5059,0.8600,20000,0.0050,3,82
No amount multiplier,170,0.3824,0.6500,20000,0.0050,3,82
No Benford diversity scaling,170,0.5059,0.8600,20000,0.0050,3,82
Ceiling (flagged lines),170,0.5882,1.0000,20000,0.0050,3,82
Risk score,180,0.4778,0.8600,20000,0.0050,3,82
Number of tests hit,180,0.3944,0.7100,20000,0.0050,3,82
Amount only,180,0.2778,0.5000,20000,0.0050,3,82
Random flagged lines,180,0.0278,0.0500,20000,0.0050,3,82
Isolation Forest,180,0.3500,0.6300,20000,0.0050,3,82
Rarity only (priors = 1),180,0.4889,0.8800,20000,0.0050,3,82
Priors only (no rarity),180,0.4000,0.7200,20000,0.0050,3,82
Date tests not collapsed,180,0.4778,0.8600,20000,0.0050,3,82
No amount multiplier,180,0.3611,0.6500,20000,0.0050,3,82
No Benford diversity scaling,180,0.4778,0.8600,20000,0.0050,3,82
Ceiling (flagged lines),180,0.5556,1.0000,20000,0.0050,3,82
Risk score,190,0.4526,0.8600,20000,0.0050,3,82
Number of tests hit,190,0.3737,0.7100,20000,0.0050,3,82
Amount only,190,0.2632,0.5000,20000,0.0050,3,82
Random flagged lines,190,0.0263,0.0500,20000,0.0050,3,82
Isolation Forest,190,0.3421,0.6500,20000,0.0050,3,82
Rarity only (priors = 1),190,0.4632,0.8800,20000,0.0050,3,82
Priors only (no rarity),190,0.3789,0.7200,20000,0.0050,3,82
Date tests not collapsed,190,0.4526,0.8600,20000,0.0050,3,82
No amount multiplier,190,0.3421,0.6500,20000,0.0050,3,82
No Benford diversity scaling,190,0.4526,0.8600,20000,0.0050,3,82
Ceiling (flagged lines),190,0.5263,1.0000,20000,0.0050,3,82
Risk score,200,0.4300,0.8600,20000,0.0050,3,82
Number of tests hit,200,0.3550,0.7100,20000,0.0050,3,82
Amount only,200,0.2500,0.5000,20000,0.0050,3,82
Random flagged lines,200,0.0250,0.0500,20000,0.0050,3,82
Isolation Forest,200,0.3250,0.6500,20000,0.0050,3,82
Rarity only (priors = 1),200,0.4400,0.8800,20000,0.0050,3,82
Priors only (no rarity),200,0.3650,0.7300,20000,0.0050,3,82
Date tests not collapsed,200,0.4300,0.8600,20000,0.0050,3,82
No amount multiplier,200,0.3300,0.6600,20000,0.0050,3,82
No Benford diversity scaling,200,0.4300,0.8600,20000,0.0050,3,82
Ceiling (flagged lines),200,0.5000,1.0000,20000,0.0050,3,82
Risk score,210,0.4095,0.8600,20000,0.0050,3,82
Number of tests hit,210,0.3381,0.7100,20000,0.0050,3,82
Amount only,210,0.2476,0.5200,20000,0.0050,3,82
Random flagged lines,210,0.0238,0.0500,20000,0.0050,3,82
Isolation Forest,210,0.3095,0.6500,20000,0.0050,3,82
Rarity only (priors = 1),210,0.4238,0.8900,20000,0.0050,3,82
Priors only (no rarity),210,0.3524,0.7400,20000,0.0050,3,82
Date tests not collapsed,210,0.4095,0.8600,20000,0.0050,3,82
No amount multiplier,210,0.3190,0.6700,20000,0.0050,3,82
No Benford diversity scaling,210,0.4095,0.8600,20000,0.0050,3,82
Ceiling (flagged lines),210,0.4762,1.0000,20000,0.0050,3,82
Risk score,220,0.3909,0.8600,20000,0.0050,3,82
Number of tests hit,220,0.3227,0.7100,20000,0.0050,3,82
Amount only,220,0.2409,0.5300,20000,0.0050,3,82
Random flagged lines,220,0.0227,0.0500,20000,0.0050,3,82
Isolation Forest,220,0.3091,0.6800,20000,0.0050,3,82
Rarity only (priors = 1),220,0.4045,0.8900,20000,0.0050,3,82
Priors only (no rarity),220,0.3455,0.7600,20000,0.0050,3,82
Date tests not collapsed,220,0.3909,0.8600,20000,0.0050,3,82
No amount multiplier,220,0.3409,0.7500,20000,0.0050,3,82
No Benford diversity scaling,220,0.3909,0.8600,20000,0.0050,3,82
Ceiling (flagged lines),220,0.4545,1.0000,20000,0.0050,3,82
Risk score,230,0.3739,0.8600,20000,0.0050,3,82
Number of tests hit,230,0.3087,0.7100,20000,0.0050,3,82
Amount only,230,0.2304,0.5300,20000,0.0050,3,82
Random flagged lines,230,0.0217,0.0500,20000,0.0050,3,82
Isolation Forest,230,0.2957,0.6800,20000,0.0050,3,82
Rarity only (priors = 1),230,0.3870,0.8900,20000,0.0050,3,82
Priors only (no rarity),230,0.3304,0.7600,20000,0.0050,3,82
Date tests not collapsed,230,0.3739,0.8600,20000,0.0050,3,82
No amount multiplier,230,0.3261,0.7500,20000,0.0050,3,82
No Benford diversity scaling,230,0.3739,0.8600,20000,0.0050,3,82
Ceiling (flagged lines),230,0.4348,1.0000,20000,0.0050,3,82
Risk score,240,0.3583,0.8600,20000,0.0050,3,82
Number of tests hit,240,0.2958,0.7100,20000,0.0050,3,82
Amount only,240,0.2250,0.5400,20000,0.0050,3,82
Random flagged lines,240,0.0208,0.0500,20000,0.0050,3,82
Isolation Forest,240,0.2833,0.6800,20000,0.0050,3,82
Rarity only (priors = 1),240,0.3750,0.9000,20000,0.0050,3,82
Priors only (no rarity),240,0.3167,0.7600,20000,0.0050,3,82
Date tests not collapsed,240,0.3583,0.8600,20000,0.0050,3,82
No amount multiplier,240,0.3125,0.7500,20000,0.0050,3,82
No Benford diversity scaling,240,0.3583,0.8600,20000,0.0050,3,82
Ceiling (flagged lines),240,0.4167,1.0000,20000,0.0050,3,82
Risk score,250,0.3440,0.8600,20000,0.0050,3,82
Number of tests hit,250,0.2840,0.7100,20000,0.0050,3,82
Amount only,250,0.2200,0.5500,20000,0.0050,3,82
Random flagged lines,250,0.0200,0.0500,20000,0.0050,3,82
Isolation Forest,250,0.2720,0.6800,20000,0.0050,3,82
Rarity only (priors = 1),250,0.3600,0.9000,20000,0.0050,3,82
Priors only (no rarity),250,0.3040,0.7600,20000,0.0050,3,82
Date tests not collapsed,250,0.3440,0.8600,20000,0.0050,3,82
No amount multiplier,250,0.3000,0.7500,20000,0.0050,3,82
No Benford diversity scaling,250,0.3440,0.8600,20000,0.0050,3,82
Ceiling (flagged lines),250,0.4000,1.0000,20000,0.0050,3,82
Risk score,260,0.3385,0.8800,20000,0.0050,3,82
Number of tests hit,260,0.2731,0.7100,20000,0.0050,3,82
Amount only,260,0.2115,0.5500,20000,0.0050,3,82
Random flagged lines,260,0.0192,0.0500,20000,0.0050,3,82
Isolation Forest,260,0.2654,0.6900,20000,0.0050,3,82
Rarity only (priors = 1),260,0.3462,0.9000,20000,0.0050,3,82
Priors only (no rarity),260,0.2923,0.7600,20000,0.0050,3,82
Date tests not collapsed,260,0.3346,0.8700,20000,0.0050,3,82
No amount multiplier,260,0.2885,0.7500,20000,0.0050,3,82
No Benford diversity scaling,260,0.3385,0.8800,20000,0.0050,3,82
Ceiling (flagged lines),260,0.3846,1.0000,20000,0.0050,3,82
Risk score,270,0.3296,0.8900,20000,0.0050,3,82
Number of tests hit,270,0.2630,0.7100,20000,0.0050,3,82
Amount only,270,0.2037,0.5500,20000,0.0050,3,82
Random flagged lines,270,0.0185,0.0500,20000,0.0050,3,82
Isolation Forest,270,0.2556,0.6900,20000,0.0050,3,82
Rarity only (priors = 1),270,0.3333,0.9000,20000,0.0050,3,82
Priors only (no rarity),270,0.2852,0.7700,20000,0.0050,3,82
Date tests not collapsed,270,0.3259,0.8800,20000,0.0050,3,82
No amount multiplier,270,0.2815,0.7600,20000,0.0050,3,82
No Benford diversity scaling,270,0.3296,0.8900,20000,0.0050,3,82
Ceiling (flagged lines),270,0.3704,1.0000,20000,0.0050,3,82
Risk score,280,0.3179,0.8900,20000,0.0050,3,82
Number of tests hit,280,0.2536,0.7100,20000,0.0050,3,82
Amount only,280,0.2071,0.5800,20000,0.0050,3,82
Random flagged lines,280,0.0179,0.0500,20000,0.0050,3,82
Isolation Forest,280,0.2464,0.6900,20000,0.0050,3,82
Rarity only (priors = 1),280,0.3214,0.9000,20000,0.0050,3,82
Priors only (no rarity),280,0.2750,0.7700,20000,0.0050,3,82
Date tests not collapsed,280,0.3179,0.8900,20000,0.0050,3,82
No amount multiplier,280,0.2714,0.7600,20000,0.0050,3,82
No Benford diversity scaling,280,0.3179,0.8900,20000,0.0050,3,82
Ceiling (flagged lines),280,0.3571,1.0000,20000,0.0050,3,82
Risk score,290,0.3069,0.8900,20000,0.0050,3,82
Number of tests hit,290,0.2448,0.7100,20000,0.0050,3,82
Amount only,290,0.2000,0.5800,20000,0.0050,3,82
Random flagged lines,290,0.0207,0.0600,20000,0.0050,3,82
Isolation Forest,290,0.2379,0.6900,20000,0.0050,3,82
Rarity only (priors = 1),290,0.3103,0.9000,20000,0.0050,3,82
Priors only (no rarity),290,0.2690,0.7800,20000,0.0050,3,82
Date tests not collapsed,290,0.3069,0.8900,20000,0.0050,3,82
No amount multiplier,290,0.2621,0.7600,20000,0.0050,3,82
No Benford diversity scaling,290,0.3069,0.8900,20000,0.0050,3,82
Ceiling (flagged lines),290,0.3448,1.0000,20000,0.0050,3,82
Risk score,300,0.2967,0.8900,20000,0.0050,3,82
Number of tests hit,300,0.2367,0.7100,20000,0.0050,3,82
Amount only,300,0.1967,0.5900,20000,0.0050,3,82
Random flagged lines,300,0.0200,0.0600,20000,0.0050,3,82
Isolation Forest,300,0.2300,0.6900,20000,0.0050,3,82
Rarity only (priors = 1),300,0.3000,0.9000,20000,0.0050,3,82
Priors only (no rarity),300,0.2600,0.7800,20000,0.0050,3,82
Date tests not collapsed,300,0.2967,0.8900,20000,0.0050,3,82
No amount multiplier,300,0.2567,0.7700,20000,0.0050,3,82
No Benford diversity scaling,300,0.2967,0.8900,20000,0.0050,3,82
Ceiling (flagged lines),300,0.3333,1.0000,20000,0.0050,3,82
Risk score,10,1.0000,0.1000,20000,0.0050,4,82
Number of tests hit,10,1.0000,0.1000,20000,0.0050,4,82
Amount only,10,0.8000,0.0800,20000,0.0050,4,82
Random flagged lines,10,0.0000,0.0000,20000,0.0050,4,82
Isolation Forest,10,1.0000,0.1000,20000,0.0050,4,82
Rarity only (priors = 1),10,1.0000,0.1000,20000,0.0050,4,82
Priors only (no rarity),10,1.0000,0.1000,20000,0.0050,4,82
Date tests not collapsed,10,1.0000,0.1000,20000,0.0050,4,82
No amount multiplier,10,1.0000,0.1000,20000,0.0050,4,82
No Benford diversity scaling,10,1.0000,0.1000,20000,0.0050,4,82
Ceiling (flagged lines),10,1.0000,1.0000,20000,0.0050,4,82
Risk score,20,1.0000,0.2000,20000,0.0050,4,82
Number of tests hit,20,1.0000,0.2000,20000,0.0050,4,82
Amount only,20,0.7500,0.1500,20000,0.0050,4,82
Random flagged lines,20,0.0000,0.0000,20000,0.0050,4,82
Isolation Forest,20,1.0000,0.2000,20000,0.0050,4,82
Rarity only (priors = 1),20,1.0000,0.2000,20000,0.0050,4,82
Priors only (no rarity),20,1.0000,0.2000,20000,0.0050,4,82
Date tests not collapsed,20,1.0000,0.2000,20000,0.0050,4,82
No amount multiplier,20,1.0000,0.2000,20000,0.0050,4,82
No Benford diversity scaling,20,1.0000,0.2000,20000,0.0050,4,82
Ceiling (flagged lines),20,1.0000,1.0000,20000,0.0050,4,82
Risk score,30,1.0000,0.3000,20000,0.0050,4,82
Number of tests hit,30,1.0000,0.3000,20000,0.0050,4,82
Amount only,30,0.7333,0.2200,20000,0.0050,4,82
Random flagged lines,30,0.0333,0.0100,20000,0.0050,4,82
Isolation Forest,30,0.9667,0.2900,20000,0.0050,4,82
Rarity only (priors = 1),30,1.0000,0.3000,20000,0.0050,4,82
Priors only (no rarity),30,1.0000,0.3000,20000,0.0050,4,82
Date tests not collapsed,30,1.0000,0.3000,20000,0.0050,4,82
No amount multiplier,30,1.0000,0.3000,20000,0.0050,4,82
No Benford diversity scaling,30,1.0000,0.3000,20000,0.0050,4,82
Ceiling (flagged lines),30,1.0000,1.0000,20000,0.0050,4,82
Risk score,40,1.0000,0.4000,20000,0.0050,4,82
Number of tests hit,40,0.9750,0.3900,20000,0.0050,4,82
Amount only,40,0.7000,0.2800,20000,0.0050,4,82
Random flagged lines,40,0.0500,0.0200,20000,0.0050,4,82
Isolation Forest,40,0.9750,0.3900,20000,0.0050,4,82
Rarity only (priors = 1),40,1.0000,0.4000,20000,0.0050,4,82
Priors only (no rarity),40,1.0000,0.4000,20000,0.0050,4,82
Date tests not collapsed,40,1.0000,0.4000,20000,0.0050,4,82
No amount multiplier,40,1.0000,0.4000,20000,0.0050,4,82
No Benford diversity scaling,40,1.0000,0.4000,20000,0.0050,4,82
Ceiling (flagged lines),40,1.0000,1.0000,20000,0.0050,4,82
Risk score,50,1.0000,0.5000,20000,0.0050,4,82
Number of tests hit,50,0.9800,0.4900,20000,0.0050,4,82
Amount only,50,0.5800,0.2900,20000,0.0050,4,82
Random flagged lines,50,0.0400,0.0200,20000,0.0050,4,82
Isolation Forest,50,0.9400,0.4700,20000,0.0050,4,82
Rarity only (priors = 1),50,1.0000,0.5000,20000,0.0050,4,82
Priors only (no rarity),50,1.0000,0.5000,20000,0.0050,4,82
Date tests not collapsed,50,1.0000,0.5000,20000,0.0050,4,82
No amount multiplier,50,1.0000,0.5000,20000,0.0050,4,82
No Benford diversity scaling,50,1.0000,0.5000,20000,0.0050,4,82
Ceiling (flagged lines),50,1.0000,1.0000,20000,0.0050,4,82
Risk score,60,1.0000,0.6000,20000,0.0050,4,82
Number of tests hit,60,0.8833,0.5300,20000,0.0050,4,82
Amount only,60,0.5000,0.3000,20000,0.0050,4,82
Random flagged lines,60,0.0333,0.0200,20000,0.0050,4,82
Isolation Forest,60,0.9333,0.5600,20000,0.0050,4,82
Rarity only (priors = 1),60,1.0000,0.6000,20000,0.0050,4,82
Priors only (no rarity),60,0.9667,0.5800,20000,0.0050,4,82
Date tests not collapsed,60,1.0000,0.6000,20000,0.0050,4,82
No amount multiplier,60,1.0000,0.6000,20000,0.0050,4,82
No Benford diversity scaling,60,1.0000,0.6000,20000,0.0050,4,82
Ceiling (flagged lines),60,1.0000,1.0000,20000,0.0050,4,82
Risk score,70,1.0000,0.7000,20000,0.0050,4,82
Number of tests hit,70,0.9000,0.6300,20000,0.0050,4,82
Amount only,70,0.4571,0.3200,20000,0.0050,4,82
Random flagged lines,70,0.0286,0.0200,20000,0.0050,4,82
Isolation Forest,70,0.9000,0.6300,20000,0.0050,4,82
Rarity only (priors = 1),70,0.9857,0.6900,20000,0.0050,4,82
Priors only (no rarity),70,0.9429,0.6600,20000,0.0050,4,82
Date tests not collapsed,70,1.0000,0.7000,20000,0.0050,4,82
No amount multiplier,70,0.9429,0.6600,20000,0.0050,4,82
No Benford diversity scaling,70,1.0000,0.7000,20000,0.0050,4,82
Ceiling (flagged lines),70,1.0000,1.0000,20000,0.0050,4,82
Risk score,80,0.9625,0.7700,20000,0.0050,4,82
Number of tests hit,80,0.8500,0.6800,20000,0.0050,4,82
Amount only,80,0.4000,0.3200,20000,0.0050,4,82
Random flagged lines,80,0.0250,0.0200,20000,0.0050,4,82
Isolation Forest,80,0.8500,0.6800,20000,0.0050,4,82
Rarity only (priors = 1),80,0.9750,0.7800,20000,0.0050,4,82
Priors only (no rarity),80,0.9000,0.7200,20000,0.0050,4,82
Date tests not collapsed,80,0.9625,0.7700,20000,0.0050,4,82
No amount multiplier,80,0.9000,0.7200,20000,0.0050,4,82
No Benford diversity scaling,80,0.9625,0.7700,20000,0.0050,4,82
Ceiling (flagged lines),80,1.0000,1.0000,20000,0.0050,4,82
Risk score,82,0.9634,0.7900,20000,0.0050,4,82
Number of tests hit,82,0.8415,0.6900,20000,0.0050,4,82
Amount only,82,0.3902,0.3200,20000,0.0050,4,82
Random flagged lines,82,0.0244,0.0200,20000,0.0050,4,82
Isolation Forest,82,0.8415,0.6900,20000,0.0050,4,82
Rarity only (priors = 1),82,0.9512,0.7800,20000,0.0050,4,82
Priors only (no rarity),82,0.9024,0.7400,20000,0.0050,4,82
Date tests not collapsed,82,0.9634,0.7900,20000,0.0050,4,82
No amount multiplier,82,0.8902,0.7300,20000,0.0050,4,82
No Benford diversity scaling,82,0.9634,0.7900,20000,0.0050,4,82
Ceiling (flagged lines),82,1.0000,1.0000,20000,0.0050,4,82
Risk score,90,0.9333,0.8400,20000,0.0050,4,82
Number of tests hit,90,0.7778,0.7000,20000,0.0050,4,82
Amount only,90,0.4000,0.3600,20000,0.0050,4,82
Random flagged lines,90,0.0222,0.0200,20000,0.0050,4,82
Isolation Forest,90,0.7889,0.7100,20000,0.0050,4,82
Rarity only (priors = 1),90,0.8889,0.8000,20000,0.0050,4,82
Priors only (no rarity),90,0.8889,0.8000,20000,0.0050,4,82
Date tests not collapsed,90,0.9333,0.8400,20000,0.0050,4,82
No amount multiplier,90,0.8889,0.8000,20000,0.0050,4,82
No Benford diversity scaling,90,0.9333,0.8400,20000,0.0050,4,82
Ceiling (flagged lines),90,1.0000,1.0000,20000,0.0050,4,82
Risk score,100,0.9000,0.9000,20000,0.0050,4,82
Number of tests hit,100,0.8000,0.8000,20000,0.0050,4,82
Amount only,100,0.3900,0.3900,20000,0.0050,4,82
Random flagged lines,100,0.0200,0.0200,20000,0.0050,4,82
Isolation Forest,100,0.7200,0.7200,20000,0.0050,4,82
Rarity only (priors = 1),100,0.8700,0.8700,20000,0.0050,4,82
Priors only (no rarity),100,0.8400,0.8400,20000,0.0050,4,82
Date tests not collapsed,100,0.9000,0.9000,20000,0.0050,4,82
No amount multiplier,100,0.8400,0.8400,20000,0.0050,4,82
No Benford diversity scaling,100,0.9000,0.9000,20000,0.0050,4,82
Ceiling (flagged lines),100,1.0000,1.0000,20000,0.0050,4,82
Risk score,110,0.8455,0.9300,20000,0.0050,4,82
Number of tests hit,110,0.7455,0.8200,20000,0.0050,4,82
Amount only,110,0.3818,0.4200,20000,0.0050,4,82
Random flagged lines,110,0.0182,0.0200,20000,0.0050,4,82
Isolation Forest,110,0.6727,0.7400,20000,0.0050,4,82
Rarity only (priors = 1),110,0.8182,0.9000,20000,0.0050,4,82
Priors only (no rarity),110,0.7909,0.8700,20000,0.0050,4,82
Date tests not collapsed,110,0.8455,0.9300,20000,0.0050,4,82
No amount multiplier,110,0.7727,0.8500,20000,0.0050,4,82
No Benford diversity scaling,110,0.8455,0.9300,20000,0.0050,4,82
Ceiling (flagged lines),110,0.9091,1.0000,20000,0.0050,4,82
Risk score,120,0.8000,0.9600,20000,0.0050,4,82
Number of tests hit,120,0.6917,0.8300,20000,0.0050,4,82
Amount only,120,0.3917,0.4700,20000,0.0050,4,82
Random flagged lines,120,0.0250,0.0300,20000,0.0050,4,82
Isolation Forest,120,0.6167,0.7400,20000,0.0050,4,82
Rarity only (priors = 1),120,0.7583,0.9100,20000,0.0050,4,82
Priors only (no rarity),120,0.7417,0.8900,20000,0.0050,4,82
Date tests not collapsed,120,0.8000,0.9600,20000,0.0050,4,82
No amount multiplier,120,0.7083,0.8500,20000,0.0050,4,82
No Benford diversity scaling,120,0.8000,0.9600,20000,0.0050,4,82
Ceiling (flagged lines),120,0.8333,1.0000,20000,0.0050,4,82
Risk score,130,0.7385,0.9600,20000,0.0050,4,82
Number of tests hit,130,0.6385,0.8300,20000,0.0050,4,82
Amount only,130,0.3692,0.4800,20000,0.0050,4,82
Random flagged lines,130,0.0231,0.0300,20000,0.0050,4,82
Isolation Forest,130,0.5769,0.7500,20000,0.0050,4,82
Rarity only (priors = 1),130,0.7154,0.9300,20000,0.0050,4,82
Priors only (no rarity),130,0.6923,0.9000,20000,0.0050,4,82
Date tests not collapsed,130,0.7385,0.9600,20000,0.0050,4,82
No amount multiplier,130,0.6538,0.8500,20000,0.0050,4,82
No Benford diversity scaling,130,0.7385,0.9600,20000,0.0050,4,82
Ceiling (flagged lines),130,0.7692,1.0000,20000,0.0050,4,82
Risk score,140,0.6857,0.9600,20000,0.0050,4,82
Number of tests hit,140,0.5929,0.8300,20000,0.0050,4,82
Amount only,140,0.3571,0.5000,20000,0.0050,4,82
Random flagged lines,140,0.0214,0.0300,20000,0.0050,4,82
Isolation Forest,140,0.5429,0.7600,20000,0.0050,4,82
Rarity only (priors = 1),140,0.6643,0.9300,20000,0.0050,4,82
Priors only (no rarity),140,0.6429,0.9000,20000,0.0050,4,82
Date tests not collapsed,140,0.6857,0.9600,20000,0.0050,4,82
No amount multiplier,140,0.6071,0.8500,20000,0.0050,4,82
No Benford diversity scaling,140,0.6857,0.9600,20000,0.0050,4,82
Ceiling (flagged lines),140,0.7143,1.0000,20000,0.0050,4,82
Risk score,150,0.6400,0.9600,20000,0.0050,4,82
Number of tests hit,150,0.5533,0.8300,20000,0.0050,4,82
Amount only,150,0.3333,0.5000,20000,0.0050,4,82
Random flagged lines,150,0.0200,0.0300,20000,0.0050,4,82
Isolation Forest,150,0.5067,0.7600,20000,0.0050,4,82
Rarity only (priors = 1),150,0.6200,0.9300,20000,0.0050,4,82
Priors only (no rarity),150,0.6000,0.9000,20000,0.0050,4,82
Date tests not collapsed,150,0.6400,0.9600,20000,0.0050,4,82
No amount multiplier,150,0.5667,0.8500,20000,0.0050,4,82
No Benford diversity scaling,150,0.6400,0.9600,20000,0.0050,4,82
Ceiling (flagged lines),150,0.6667,1.0000,20000,0.0050,4,82
Risk score,160,0.6000,0.9600,20000,0.0050,4,82
Number of tests hit,160,0.5188,0.8300,20000,0.0050,4,82
Amount only,160,0.3125,0.5000,20000,0.0050,4,82
Random flagged lines,160,0.0187,0.0300,20000,0.0050,4,82
Isolation Forest,160,0.4813,0.7700,20000,0.0050,4,82
Rarity only (priors = 1),160,0.5813,0.9300,20000,0.0050,4,82
Priors only (no rarity),160,0.5625,0.9000,20000,0.0050,4,82
Date tests not collapsed,160,0.6000,0.9600,20000,0.0050,4,82
No amount multiplier,160,0.5312,0.8500,20000,0.0050,4,82
No Benford diversity scaling,160,0.6000,0.9600,20000,0.0050,4,82
Ceiling (flagged lines),160,0.6250,1.0000,20000,0.0050,4,82
Risk score,170,0.5647,0.9600,20000,0.0050,4,82
Number of tests hit,170,0.4882,0.8300,20000,0.0050,4,82
Amount only,170,0.3000,0.5100,20000,0.0050,4,82
Random flagged lines,170,0.0235,0.0400,20000,0.0050,4,82
Isolation Forest,170,0.4529,0.7700,20000,0.0050,4,82
Rarity only (priors = 1),170,0.5471,0.9300,20000,0.0050,4,82
Priors only (no rarity),170,0.5294,0.9000,20000,0.0050,4,82
Date tests not collapsed,170,0.5647,0.9600,20000,0.0050,4,82
No amount multiplier,170,0.5000,0.8500,20000,0.0050,4,82
No Benford diversity scaling,170,0.5647,0.9600,20000,0.0050,4,82
Ceiling (flagged lines),170,0.5882,1.0000,20000,0.0050,4,82
Risk score,180,0.5333,0.9600,20000,0.0050,4,82
Number of tests hit,180,0.4611,0.8300,20000,0.0050,4,82
Amount only,180,0.2889,0.5200,20000,0.0050,4,82
Random flagged lines,180,0.0222,0.0400,20000,0.0050,4,82
Isolation Forest,180,0.4278,0.7700,20000,0.0050,4,82
Rarity only (priors = 1),180,0.5167,0.9300,20000,0.0050,4,82
Priors only (no rarity),180,0.5000,0.9000,20000,0.0050,4,82
Date tests not collapsed,180,0.5333,0.9600,20000,0.0050,4,82
No amount multiplier,180,0.4722,0.8500,20000,0.0050,4,82
No Benford diversity scaling,180,0.5333,0.9600,20000,0.0050,4,82
Ceiling (flagged lines),180,0.5556,1.0000,20000,0.0050,4,82
Risk score,190,0.5053,0.9600,20000,0.0050,4,82
Number of tests hit,190,0.4368,0.8300,20000,0.0050,4,82
Amount only,190,0.2737,0.5200,20000,0.0050,4,82
Random flagged lines,190,0.0263,0.0500,20000,0.0050,4,82
Isolation Forest,190,0.4053,0.7700,20000,0.0050,4,82
Rarity only (priors = 1),190,0.4895,0.9300,20000,0.0050,4,82
Priors only (no rarity),190,0.4737,0.9000,20000,0.0050,4,82
Date tests not collapsed,190,0.5053,0.9600,20000,0.0050,4,82
No amount multiplier,190,0.4474,0.8500,20000,0.0050,4,82
No Benford diversity scaling,190,0.5053,0.9600,20000,0.0050,4,82
Ceiling (flagged lines),190,0.5263,1.0000,20000,0.0050,4,82
Risk score,200,0.4800,0.9600,20000,0.0050,4,82
Number of tests hit,200,0.4150,0.8300,20000,0.0050,4,82
Amount only,200,0.2650,0.5300,20000,0.0050,4,82
Random flagged lines,200,0.0300,0.0600,20000,0.0050,4,82
Isolation Forest,200,0.3850,0.7700,20000,0.0050,4,82
Rarity only (priors = 1),200,0.4650,0.9300,20000,0.0050,4,82
Priors only (no rarity),200,0.4600,0.9200,20000,0.0050,4,82
Date tests not collapsed,200,0.4800,0.9600,20000,0.0050,4,82
No amount multiplier,200,0.4250,0.8500,20000,0.0050,4,82
No Benford diversity scaling,200,0.4800,0.9600,20000,0.0050,4,82
Ceiling (flagged lines),200,0.5000,1.0000,20000,0.0050,4,82
Risk score,210,0.4571,0.9600,20000,0.0050,4,82
Number of tests hit,210,0.3952,0.8300,20000,0.0050,4,82
Amount only,210,0.2571,0.5400,20000,0.0050,4,82
Random flagged lines,210,0.0286,0.0600,20000,0.0050,4,82
Isolation Forest,210,0.3714,0.7800,20000,0.0050,4,82
Rarity only (priors = 1),210,0.4476,0.9400,20000,0.0050,4,82
Priors only (no rarity),210,0.4381,0.9200,20000,0.0050,4,82
Date tests not collapsed,210,0.4571,0.9600,20000,0.0050,4,82
No amount multiplier,210,0.4048,0.8500,20000,0.0050,4,82
No Benford diversity scaling,210,0.4571,0.9600,20000,0.0050,4,82
Ceiling (flagged lines),210,0.4762,1.0000,20000,0.0050,4,82
Risk score,220,0.4364,0.9600,20000,0.0050,4,82
Number of tests hit,220,0.3773,0.8300,20000,0.0050,4,82
Amount only,220,0.2500,0.5500,20000,0.0050,4,82
Random flagged lines,220,0.0273,0.0600,20000,0.0050,4,82
Isolation Forest,220,0.3545,0.7800,20000,0.0050,4,82
Rarity only (priors = 1),220,0.4318,0.9500,20000,0.0050,4,82
Priors only (no rarity),220,0.4182,0.9200,20000,0.0050,4,82
Date tests not collapsed,220,0.4364,0.9600,20000,0.0050,4,82
No amount multiplier,220,0.4000,0.8800,20000,0.0050,4,82
No Benford diversity scaling,220,0.4364,0.9600,20000,0.0050,4,82
Ceiling (flagged lines),220,0.4545,1.0000,20000,0.0050,4,82
Risk score,230,0.4174,0.9600,20000,0.0050,4,82
Number of tests hit,230,0.3609,0.8300,20000,0.0050,4,82
Amount only,230,0.2391,0.5500,20000,0.0050,4,82
Random flagged lines,230,0.0261,0.0600,20000,0.0050,4,82
Isolation Forest,230,0.3478,0.8000,20000,0.0050,4,82
Rarity only (priors = 1),230,0.4130,0.9500,20000,0.0050,4,82
Priors only (no rarity),230,0.4087,0.9400,20000,0.0050,4,82
Date tests not collapsed,230,0.4174,0.9600,20000,0.0050,4,82
No amount multiplier,230,0.3870,0.8900,20000,0.0050,4,82
No Benford diversity scaling,230,0.4174,0.9600,20000,0.0050,4,82
Ceiling (flagged lines),230,0.4348,1.0000,20000,0.0050,4,82
Risk score,240,0.4000,0.9600,20000,0.0050,4,82
Number of tests hit,240,0.3458,0.8300,20000,0.0050,4,82
Amount only,240,0.2292,0.5500,20000,0.0050,4,82
Random flagged lines,240,0.0250,0.0600,20000,0.0050,4,82
Isolation Forest,240,0.3333,0.8000,20000,0.0050,4,82
Rarity only (priors = 1),240,0.4000,0.9600,20000,0.0050,4,82
Priors only (no rarity),240,0.3917,0.9400,20000,0.0050,4,82
Date tests not collapsed,240,0.4000,0.9600,20000,0.0050,4,82
No amount multiplier,240,0.3792,0.9100,20000,0.0050,4,82
No Benford diversity scaling,240,0.4000,0.9600,20000,0.0050,4,82
Ceiling (flagged lines),240,0.4167,1.0000,20000,0.0050,4,82
Risk score,250,0.3840,0.9600,20000,0.0050,4,82
Number of tests hit,250,0.3320,0.8300,20000,0.0050,4,82
Amount only,250,0.2200,0.5500,20000,0.0050,4,82
Random flagged lines,250,0.0240,0.0600,20000,0.0050,4,82
Isolation Forest,250,0.3200,0.8000,20000,0.0050,4,82
Rarity only (priors = 1),250,0.3880,0.9700,20000,0.0050,4,82
Priors only (no rarity),250,0.3760,0.9400,20000,0.0050,4,82
Date tests not collapsed,250,0.3840,0.9600,20000,0.0050,4,82
No amount multiplier,250,0.3640,0.9100,20000,0.0050,4,82
No Benford diversity scaling,250,0.3840,0.9600,20000,0.0050,4,82
Ceiling (flagged lines),250,0.4000,1.0000,20000,0.0050,4,82
Risk score,260,0.3731,0.9700,20000,0.0050,4,82
Number of tests hit,260,0.3192,0.8300,20000,0.0050,4,82
Amount only,260,0.2115,0.5500,20000,0.0050,4,82
Random flagged lines,260,0.0231,0.0600,20000,0.0050,4,82
Isolation Forest,260,0.3154,0.8200,20000,0.0050,4,82
Rarity only (priors = 1),260,0.3769,0.9800,20000,0.0050,4,82
Priors only (no rarity),260,0.3615,0.9400,20000,0.0050,4,82
Date tests not collapsed,260,0.3731,0.9700,20000,0.0050,4,82
No amount multiplier,260,0.3500,0.9100,20000,0.0050,4,82
No Benford diversity scaling,260,0.3731,0.9700,20000,0.0050,4,82
Ceiling (flagged lines),260,0.3846,1.0000,20000,0.0050,4,82
Risk score,270,0.3593,0.9700,20000,0.0050,4,82
Number of tests hit,270,0.3074,0.8300,20000,0.0050,4,82
Amount only,270,0.2148,0.5800,20000,0.0050,4,82
Random flagged lines,270,0.0259,0.0700,20000,0.0050,4,82
Isolation Forest,270,0.3037,0.8200,20000,0.0050,4,82
Rarity only (priors = 1),270,0.3667,0.9900,20000,0.0050,4,82
Priors only (no rarity),270,0.3519,0.9500,20000,0.0050,4,82
Date tests not collapsed,270,0.3593,0.9700,20000,0.0050,4,82
No amount multiplier,270,0.3370,0.9100,20000,0.0050,4,82
No Benford diversity scaling,270,0.3593,0.9700,20000,0.0050,4,82
Ceiling (flagged lines),270,0.3704,1.0000,20000,0.0050,4,82
Risk score,280,0.3464,0.9700,20000,0.0050,4,82
Number of tests hit,280,0.2964,0.8300,20000,0.0050,4,82
Amount only,280,0.2107,0.5900,20000,0.0050,4,82
Random flagged lines,280,0.0286,0.0800,20000,0.0050,4,82
Isolation Forest,280,0.2929,0.8200,20000,0.0050,4,82
Rarity only (priors = 1),280,0.3536,0.9900,20000,0.0050,4,82
Priors only (no rarity),280,0.3393,0.9500,20000,0.0050,4,82
Date tests not collapsed,280,0.3464,0.9700,20000,0.0050,4,82
No amount multiplier,280,0.3250,0.9100,20000,0.0050,4,82
No Benford diversity scaling,280,0.3464,0.9700,20000,0.0050,4,82
Ceiling (flagged lines),280,0.3571,1.0000,20000,0.0050,4,82
Risk score,290,0.3345,0.9700,20000,0.0050,4,82
Number of tests hit,290,0.2862,0.8300,20000,0.0050,4,82
Amount only,290,0.2069,0.6000,20000,0.0050,4,82
Random flagged lines,290,0.0310,0.0900,20000,0.0050,4,82
Isolation Forest,290,0.2828,0.8200,20000,0.0050,4,82
Rarity only (priors = 1),290,0.3414,0.9900,20000,0.0050,4,82
Priors only (no rarity),290,0.3276,0.9500,20000,0.0050,4,82
Date tests not collapsed,290,0.3345,0.9700,20000,0.0050,4,82
No amount multiplier,290,0.3138,0.9100,20000,0.0050,4,82
No Benford diversity scaling,290,0.3345,0.9700,20000,0.0050,4,82
Ceiling (flagged lines),290,0.3448,1.0000,20000,0.0050,4,82
Risk score,300,0.3233,0.9700,20000,0.0050,4,82
Number of tests hit,300,0.2767,0.8300,20000,0.0050,4,82
Amount only,300,0.2000,0.6000,20000,0.0050,4,82
Random flagged lines,300,0.0300,0.0900,20000,0.0050,4,82
Isolation Forest,300,0.2767,0.8300,20000,0.0050,4,82
Rarity only (priors = 1),300,0.3300,0.9900,20000,0.0050,4,82
Priors only (no rarity),300,0.3167,0.9500,20000,0.0050,4,82
Date tests not collapsed,300,0.3233,0.9700,20000,0.0050,4,82
No amount multiplier,300,0.3033,0.9100,20000,0.0050,4,82
No Benford diversity scaling,300,0.3233,0.9700,20000,0.0050,4,82
Ceiling (flagged lines),300,0.3333,1.0000,20000,0.0050,4,82
Risk score,10,1.0000,0.1000,20000,0.0050,5,82
Number of tests hit,10,1.0000,0.1000,20000,0.0050,5,82
Amount only,10,0.3000,0.0300,20000,0.0050,5,82
Random flagged lines,10,0.0000,0.0000,20000,0.0050,5,82
Isolation Forest,10,1.0000,0.1000,20000,0.0050,5,82
Rarity only (priors = 1),10,1.0000,0.1000,20000,0.0050,5,82
Priors only (no rarity),10,1.0000,0.1000,20000,0.0050,5,82
Date tests not collapsed,10,1.0000,0.1000,20000,0.0050,5,82
No amount multiplier,10,1.0000,0.1000,20000,0.0050,5,82
No Benford diversity scaling,10,1.0000,0.1000,20000,0.0050,5,82
Ceiling (flagged lines),10,1.0000,1.0000,20000,0.0050,5,82
Risk score,20,1.0000,0.2000,20000,0.0050,5,82
Number of tests hit,20,1.0000,0.2000,20000,0.0050,5,82
Amount only,20,0.6000,0.1200,20000,0.0050,5,82
Random flagged lines,20,0.0000,0.0000,20000,0.0050,5,82
Isolation Forest,20,1.0000,0.2000,20000,0.0050,5,82
Rarity only (priors = 1),20,1.0000,0.2000,20000,0.0050,5,82
Priors only (no rarity),20,1.0000,0.2000,20000,0.0050,5,82
Date tests not collapsed,20,1.0000,0.2000,20000,0.0050,5,82
No amount multiplier,20,1.0000,0.2000,20000,0.0050,5,82
No Benford diversity scaling,20,1.0000,0.2000,20000,0.0050,5,82
Ceiling (flagged lines),20,1.0000,1.0000,20000,0.0050,5,82
Risk score,30,1.0000,0.3000,20000,0.0050,5,82
Number of tests hit,30,1.0000,0.3000,20000,0.0050,5,82
Amount only,30,0.5333,0.1600,20000,0.0050,5,82
Random flagged lines,30,0.0333,0.0100,20000,0.0050,5,82
Isolation Forest,30,0.9333,0.2800,20000,0.0050,5,82
Rarity only (priors = 1),30,1.0000,0.3000,20000,0.0050,5,82
Priors only (no rarity),30,1.0000,0.3000,20000,0.0050,5,82
Date tests not collapsed,30,1.0000,0.3000,20000,0.0050,5,82
No amount multiplier,30,1.0000,0.3000,20000,0.0050,5,82
No Benford diversity scaling,30,1.0000,0.3000,20000,0.0050,5,82
Ceiling (flagged lines),30,1.0000,1.0000,20000,0.0050,5,82
Risk score,40,1.0000,0.4000,20000,0.0050,5,82
Number of tests hit,40,1.0000,0.4000,20000,0.0050,5,82
Amount only,40,0.5000,0.2000,20000,0.0050,5,82
Random flagged lines,40,0.0250,0.0100,20000,0.0050,5,82
Isolation Forest,40,0.9250,0.3700,20000,0.0050,5,82
Rarity only (priors = 1),40,1.0000,0.4000,20000,0.0050,5,82
Priors only (no rarity),40,1.0000,0.4000,20000,0.0050,5,82
Date tests not collapsed,40,1.0000,0.4000,20000,0.0050,5,82
No amount multiplier,40,1.0000,0.4000,20000,0.0050,5,82
No Benford diversity scaling,40,1.0000,0.4000,20000,0.0050,5,82
Ceiling (flagged lines),40,1.0000,1.0000,20000,0.0050,5,82
Risk score,50,1.0000,0.5000,20000,0.0050,5,82
Number of tests hit,50,0.9800,0.4900,20000,0.0050,5,82
Amount only,50,0.4800,0.2400,20000,0.0050,5,82
Random flagged lines,50,0.0200,0.0100,20000,0.0050,5,82
Isolation Forest,50,0.8800,0.4400,20000,0.0050,5,82
Rarity only (priors = 1),50,1.0000,0.5000,20000,0.0050,5,82
Priors only (no rarity),50,0.9600,0.4800,20000,0.0050,5,82
Date tests not collapsed,50,1.0000,0.5000,20000,0.0050,5,82
No amount multiplier,50,1.0000,0.5000,20000,0.0050,5,82
No Benford diversity scaling,50,1.0000,0.5000,20000,0.0050,5,82
Ceiling (flagged lines),50,1.0000,1.0000,20000,0.0050,5,82
Risk score,60,1.0000,0.6000,20000,0.0050,5,82
Number of tests hit,60,0.8333,0.5000,20000,0.0050,5,82
Amount only,60,0.4333,0.2600,20000,0.0050,5,82
Random flagged lines,60,0.0167,0.0100,20000,0.0050,5,82
Isolation Forest,60,0.8500,0.5100,20000,0.0050,5,82
Rarity only (priors = 1),60,1.0000,0.6000,20000,0.0050,5,82
Priors only (no rarity),60,0.9500,0.5700,20000,0.0050,5,82
Date tests not collapsed,60,1.0000,0.6000,20000,0.0050,5,82
No amount multiplier,60,0.9333,0.5600,20000,0.0050,5,82
No Benford diversity scaling,60,1.0000,0.6000,20000,0.0050,5,82
Ceiling (flagged lines),60,1.0000,1.0000,20000,0.0050,5,82
Risk score,70,0.9714,0.6800,20000,0.0050,5,82
Number of tests hit,70,0.8571,0.6000,20000,0.0050,5,82
Amount only,70,0.4286,0.3000,20000,0.0050,5,82
Random flagged lines,70,0.0143,0.0100,20000,0.0050,5,82
Isolation Forest,70,0.7714,0.5400,20000,0.0050,5,82
Rarity only (priors = 1),70,0.9714,0.6800,20000,0.0050,5,82
Priors only (no rarity),70,0.8857,0.6200,20000,0.0050,5,82
Date tests not collapsed,70,0.9714,0.6800,20000,0.0050,5,82
No amount multiplier,70,0.9286,0.6500,20000,0.0050,5,82
No Benford diversity scaling,70,0.9714,0.6800,20000,0.0050,5,82
Ceiling (flagged lines),70,1.0000,1.0000,20000,0.0050,5,82
Risk score,80,0.8875,0.7100,20000,0.0050,5,82
Number of tests hit,80,0.8000,0.6400,20000,0.0050,5,82
Amount only,80,0.4375,0.3500,20000,0.0050,5,82
Random flagged lines,80,0.0125,0.0100,20000,0.0050,5,82
Isolation Forest,80,0.7250,0.5800,20000,0.0050,5,82
Rarity only (priors = 1),80,0.8875,0.7100,20000,0.0050,5,82
Priors only (no rarity),80,0.8125,0.6500,20000,0.0050,5,82
Date tests not collapsed,80,0.8875,0.7100,20000,0.0050,5,82
No amount multiplier,80,0.8125,0.6500,20000,0.0050,5,82
No Benford diversity scaling,80,0.8875,0.7100,20000,0.0050,5,82
Ceiling (flagged lines),80,1.0000,1.0000,20000,0.0050,5,82
Risk score,82,0.8780,0.7200,20000,0.0050,5,82
Number of tests hit,82,0.7927,0.6500,20000,0.0050,5,82
Amount only,82,0.4390,0.3600,20000,0.0050,5,82
Random flagged lines,82,0.0122,0.0100,20000,0.0050,5,82
Isolation Forest,82,0.7073,0.5800,20000,0.0050,5,82
Rarity only (priors = 1),82,0.8659,0.7100,20000,0.0050,5,82
Priors only (no rarity),82,0.7927,0.6500,20000,0.0050,5,82
Date tests not collapsed,82,0.8780,0.7200,20000,0.0050,5,82
No amount multiplier,82,0.8171,0.6700,20000,0.0050,5,82
No Benford diversity scaling,82,0.8780,0.7200,20000,0.0050,5,82
Ceiling (flagged lines),82,1.0000,1.0000,20000,0.0050,5,82
Risk score,90,0.8333,0.7500,20000,0.0050,5,82
Number of tests hit,90,0.7556,0.6800,20000,0.0050,5,82
Amount only,90,0.4000,0.3600,20000,0.0050,5,82
Random flagged lines,90,0.0111,0.0100,20000,0.0050,5,82
Isolation Forest,90,0.6778,0.6100,20000,0.0050,5,82
Rarity only (priors = 1),90,0.8222,0.7400,20000,0.0050,5,82
Priors only (no rarity),90,0.7778,0.7000,20000,0.0050,5,82
Date tests not collapsed,90,0.8333,0.7500,20000,0.0050,5,82
No amount multiplier,90,0.7889,0.7100,20000,0.0050,5,82
No Benford diversity scaling,90,0.8333,0.7500,20000,0.0050,5,82
Ceiling (flagged lines),90,1.0000,1.0000,20000,0.0050,5,82
Risk score,100,0.7800,0.7800,20000,0.0050,5,82
Number of tests hit,100,0.7100,0.7100,20000,0.0050,5,82
Amount only,100,0.3800,0.3800,20000,0.0050,5,82
Random flagged lines,100,0.0200,0.0200,20000,0.0050,5,82
Isolation Forest,100,0.6300,0.6300,20000,0.0050,5,82
Rarity only (priors = 1),100,0.7900,0.7900,20000,0.0050,5,82
Priors only (no rarity),100,0.7300,0.7300,20000,0.0050,5,82
Date tests not collapsed,100,0.7800,0.7800,20000,0.0050,5,82
No amount multiplier,100,0.7200,0.7200,20000,0.0050,5,82
No Benford diversity scaling,100,0.7800,0.7800,20000,0.0050,5,82
Ceiling (flagged lines),100,1.0000,1.0000,20000,0.0050,5,82
Risk score,110,0.7364,0.8100,20000,0.0050,5,82
Number of tests hit,110,0.6545,0.7200,20000,0.0050,5,82
Amount only,110,0.3818,0.4200,20000,0.0050,5,82
Random flagged lines,110,0.0182,0.0200,20000,0.0050,5,82
Isolation Forest,110,0.5818,0.6400,20000,0.0050,5,82
Rarity only (priors = 1),110,0.7545,0.8300,20000,0.0050,5,82
Priors only (no rarity),110,0.6727,0.7400,20000,0.0050,5,82
Date tests not collapsed,110,0.7364,0.8100,20000,0.0050,5,82
No amount multiplier,110,0.6545,0.7200,20000,0.0050,5,82
No Benford diversity scaling,110,0.7364,0.8100,20000,0.0050,5,82
Ceiling (flagged lines),110,0.9091,1.0000,20000,0.0050,5,82
Risk score,120,0.6917,0.8300,20000,0.0050,5,82
Number of tests hit,120,0.6000,0.7200,20000,0.0050,5,82
Amount only,120,0.4000,0.4800,20000,0.0050,5,82
Random flagged lines,120,0.0167,0.0200,20000,0.0050,5,82
Isolation Forest,120,0.5500,0.6600,20000,0.0050,5,82
Rarity only (priors = 1),120,0.7083,0.8500,20000,0.0050,5,82
Priors only (no rarity),120,0.6167,0.7400,20000,0.0050,5,82
Date tests not collapsed,120,0.6917,0.8300,20000,0.0050,5,82
No amount multiplier,120,0.6000,0.7200,20000,0.0050,5,82
No Benford diversity scaling,120,0.6917,0.8300,20000,0.0050,5,82
Ceiling (flagged lines),120,0.8333,1.0000,20000,0.0050,5,82
Risk score,130,0.6462,0.8400,20000,0.0050,5,82
Number of tests hit,130,0.5538,0.7200,20000,0.0050,5,82
Amount only,130,0.3769,0.4900,20000,0.0050,5,82
Random flagged lines,130,0.0154,0.0200,20000,0.0050,5,82
Isolation Forest,130,0.5077,0.6600,20000,0.0050,5,82
Rarity only (priors = 1),130,0.6692,0.8700,20000,0.0050,5,82
Priors only (no rarity),130,0.5769,0.7500,20000,0.0050,5,82
Date tests not collapsed,130,0.6462,0.8400,20000,0.0050,5,82
No amount multiplier,130,0.5615,0.7300,20000,0.0050,5,82
No Benford diversity scaling,130,0.6462,0.8400,20000,0.0050,5,82
Ceiling (flagged lines),130,0.7692,1.0000,20000,0.0050,5,82
Risk score,140,0.6143,0.8600,20000,0.0050,5,82
Number of tests hit,140,0.5143,0.7200,20000,0.0050,5,82
Amount only,140,0.3500,0.4900,20000,0.0050,5,82
Random flagged lines,140,0.0143,0.0200,20000,0.0050,5,82
Isolation Forest,140,0.4857,0.6800,20000,0.0050,5,82
Rarity only (priors = 1),140,0.6429,0.9000,20000,0.0050,5,82
Priors only (no rarity),140,0.5500,0.7700,20000,0.0050,5,82
Date tests not collapsed,140,0.6143,0.8600,20000,0.0050,5,82
No amount multiplier,140,0.5214,0.7300,20000,0.0050,5,82
No Benford diversity scaling,140,0.6143,0.8600,20000,0.0050,5,82
Ceiling (flagged lines),140,0.7143,1.0000,20000,0.0050,5,82
Risk score,150,0.5733,0.8600,20000,0.0050,5,82
Number of tests hit,150,0.4800,0.7200,20000,0.0050,5,82
Amount only,150,0.3333,0.5000,20000,0.0050,5,82
Random flagged lines,150,0.0133,0.0200,20000,0.0050,5,82
Isolation Forest,150,0.4533,0.6800,20000,0.0050,5,82
Rarity only (priors = 1),150,0.6067,0.9100,20000,0.0050,5,82
Priors only (no rarity),150,0.5133,0.7700,20000,0.0050,5,82
Date tests not collapsed,150,0.5733,0.8600,20000,0.0050,5,82
No amount multiplier,150,0.5133,0.7700,20000,0.0050,5,82
No Benford diversity scaling,150,0.5733,0.8600,20000,0.0050,5,82
Ceiling (flagged lines),150,0.6667,1.0000,20000,0.0050,5,82
Risk score,160,0.5375,0.8600,20000,0.0050,5,82
Number of tests hit,160,0.4500,0.7200,20000,0.0050,5,82
Amount only,160,0.3187,0.5100,20000,0.0050,5,82
Random flagged lines,160,0.0125,0.0200,20000,0.0050,5,82
Isolation Forest,160,0.4250,0.6800,20000,0.0050,5,82
Rarity only (priors = 1),160,0.5750,0.9200,20000,0.0050,5,82
Priors only (no rarity),160,0.4813,0.7700,20000,0.0050,5,82
Date tests not collapsed,160,0.5375,0.8600,20000,0.0050,5,82
No amount multiplier,160,0.4938,0.7900,20000,0.0050,5,82
No Benford diversity scaling,160,0.5375,0.8600,20000,0.0050,5,82
Ceiling (flagged lines),160,0.6250,1.0000,20000,0.0050,5,82
Risk score,170,0.5059,0.8600,20000,0.0050,5,82
Number of tests hit,170,0.4235,0.7200,20000,0.0050,5,82
Amount only,170,0.3118,0.5300,20000,0.0050,5,82
Random flagged lines,170,0.0176,0.0300,20000,0.0050,5,82
Isolation Forest,170,0.4000,0.6800,20000,0.0050,5,82
Rarity only (priors = 1),170,0.5412,0.9200,20000,0.0050,5,82
Priors only (no rarity),170,0.4529,0.7700,20000,0.0050,5,82
Date tests not collapsed,170,0.5059,0.8600,20000,0.0050,5,82
No amount multiplier,170,0.4647,0.7900,20000,0.0050,5,82
No Benford diversity scaling,170,0.5059,0.8600,20000,0.0050,5,82
Ceiling (flagged lines),170,0.5882,1.0000,20000,0.0050,5,82
Risk score,180,0.4778,0.8600,20000,0.0050,5,82
Number of tests hit,180,0.4000,0.7200,20000,0.0050,5,82
Amount only,180,0.3000,0.5400,20000,0.0050,5,82
Random flagged lines,180,0.0222,0.0400,20000,0.0050,5,82
Isolation Forest,180,0.3778,0.6800,20000,0.0050,5,82
Rarity only (priors = 1),180,0.5111,0.9200,20000,0.0050,5,82
Priors only (no rarity),180,0.4278,0.7700,20000,0.0050,5,82
Date tests not collapsed,180,0.4778,0.8600,20000,0.0050,5,82
No amount multiplier,180,0.4500,0.8100,20000,0.0050,5,82
No Benford diversity scaling,180,0.4778,0.8600,20000,0.0050,5,82
Ceiling (flagged lines),180,0.5556,1.0000,20000,0.0050,5,82
Risk score,190,0.4526,0.8600,20000,0.0050,5,82
Number of tests hit,190,0.3789,0.7200,20000,0.0050,5,82
Amount only,190,0.2842,0.5400,20000,0.0050,5,82
Random flagged lines,190,0.0211,0.0400,20000,0.0050,5,82
Isolation Forest,190,0.3579,0.6800,20000,0.0050,5,82
Rarity only (priors = 1),190,0.4842,0.9200,20000,0.0050,5,82
Priors only (no rarity),190,0.4053,0.7700,20000,0.0050,5,82
Date tests not collapsed,190,0.4526,0.8600,20000,0.0050,5,82
No amount multiplier,190,0.4263,0.8100,20000,0.0050,5,82
No Benford diversity scaling,190,0.4526,0.8600,20000,0.0050,5,82
Ceiling (flagged lines),190,0.5263,1.0000,20000,0.0050,5,82
Risk score,200,0.4300,0.8600,20000,0.0050,5,82
Number of tests hit,200,0.3600,0.7200,20000,0.0050,5,82
Amount only,200,0.2750,0.5500,20000,0.0050,5,82
Random flagged lines,200,0.0250,0.0500,20000,0.0050,5,82
Isolation Forest,200,0.3500,0.7000,20000,0.0050,5,82
Rarity only (priors = 1),200,0.4600,0.9200,20000,0.0050,5,82
Priors only (no rarity),200,0.3850,0.7700,20000,0.0050,5,82
Date tests not collapsed,200,0.4300,0.8600,20000,0.0050,5,82
No amount multiplier,200,0.4050,0.8100,20000,0.0050,5,82
No Benford diversity scaling,200,0.4300,0.8600,20000,0.0050,5,82
Ceiling (flagged lines),200,0.5000,1.0000,20000,0.0050,5,82
Risk score,210,0.4095,0.8600,20000,0.0050,5,82
Number of tests hit,210,0.3429,0.7200,20000,0.0050,5,82
Amount only,210,0.2619,0.5500,20000,0.0050,5,82
Random flagged lines,210,0.0238,0.0500,20000,0.0050,5,82
Isolation Forest,210,0.3333,0.7000,20000,0.0050,5,82
Rarity only (priors = 1),210,0.4381,0.9200,20000,0.0050,5,82
Priors only (no rarity),210,0.3714,0.7800,20000,0.0050,5,82
Date tests not collapsed,210,0.4095,0.8600,20000,0.0050,5,82
No amount multiplier,210,0.3857,0.8100,20000,0.0050,5,82
No Benford diversity scaling,210,0.4095,0.8600,20000,0.0050,5,82
Ceiling (flagged lines),210,0.4762,1.0000,20000,0.0050,5,82
Risk score,220,0.3955,0.8700,20000,0.0050,5,82
Number of tests hit,220,0.3273,0.7200,20000,0.0050,5,82
Amount only,220,0.2500,0.5500,20000,0.0050,5,82
Random flagged lines,220,0.0273,0.0600,20000,0.0050,5,82
Isolation Forest,220,0.3227,0.7100,20000,0.0050,5,82
Rarity only (priors = 1),220,0.4227,0.9300,20000,0.0050,5,82
Priors only (no rarity),220,0.3545,0.7800,20000,0.0050,5,82
Date tests not collapsed,220,0.3955,0.8700,20000,0.0050,5,82
No amount multiplier,220,0.3682,0.8100,20000,0.0050,5,82
No Benford diversity scaling,220,0.3955,0.8700,20000,0.0050,5,82
Ceiling (flagged lines),220,0.4545,1.0000,20000,0.0050,5,82
Risk score,230,0.3913,0.9000,20000,0.0050,5,82
Number of tests hit,230,0.3130,0.7200,20000,0.0050,5,82
Amount only,230,0.2435,0.5600,20000,0.0050,5,82
Random flagged lines,230,0.0261,0.0600,20000,0.0050,5,82
Isolation Forest,230,0.3087,0.7100,20000,0.0050,5,82
Rarity only (priors = 1),230,0.4043,0.9300,20000,0.0050,5,82
Priors only (no rarity),230,0.3435,0.7900,20000,0.0050,5,82
Date tests not collapsed,230,0.3913,0.9000,20000,0.0050,5,82
No amount multiplier,230,0.3522,0.8100,20000,0.0050,5,82
No Benford diversity scaling,230,0.3913,0.9000,20000,0.0050,5,82
Ceiling (flagged lines),230,0.4348,1.0000,20000,0.0050,5,82
Risk score,240,0.3750,0.9000,20000,0.0050,5,82
Number of tests hit,240,0.3000,0.7200,20000,0.0050,5,82
Amount only,240,0.2375,0.5700,20000,0.0050,5,82
Random flagged lines,240,0.0250,0.0600,20000,0.0050,5,82
Isolation Forest,240,0.3000,0.7200,20000,0.0050,5,82
Rarity only (priors = 1),240,0.3875,0.9300,20000,0.0050,5,82
Priors only (no rarity),240,0.3292,0.7900,20000,0.0050,5,82
Date tests not collapsed,240,0.3750,0.9000,20000,0.0050,5,82
No amount multiplier,240,0.3375,0.8100,20000,0.0050,5,82
No Benford diversity scaling,240,0.3750,0.9000,20000,0.0050,5,82
Ceiling (flagged lines),240,0.4167,1.0000,20000,0.0050,5,82
Risk score,250,0.3600,0.9000,20000,0.0050,5,82
Number of tests hit,250,0.2880,0.7200,20000,0.0050,5,82
Amount only,250,0.2280,0.5700,20000,0.0050,5,82
Random flagged lines,250,0.0240,0.0600,20000,0.0050,5,82
Isolation Forest,250,0.2880,0.7200,20000,0.0050,5,82
Rarity only (priors = 1),250,0.3720,0.9300,20000,0.0050,5,82
Priors only (no rarity),250,0.3160,0.7900,20000,0.0050,5,82
Date tests not collapsed,250,0.3600,0.9000,20000,0.0050,5,82
No amount multiplier,250,0.3280,0.8200,20000,0.0050,5,82
No Benford diversity scaling,250,0.3600,0.9000,20000,0.0050,5,82
Ceiling (flagged lines),250,0.4000,1.0000,20000,0.0050,5,82
Risk score,260,0.3538,0.9200,20000,0.0050,5,82
Number of tests hit,260,0.2769,0.7200,20000,0.0050,5,82
Amount only,260,0.2231,0.5800,20000,0.0050,5,82
Random flagged lines,260,0.0231,0.0600,20000,0.0050,5,82
Isolation Forest,260,0.2769,0.7200,20000,0.0050,5,82
Rarity only (priors = 1),260,0.3615,0.9400,20000,0.0050,5,82
Priors only (no rarity),260,0.3038,0.7900,20000,0.0050,5,82
Date tests not collapsed,260,0.3538,0.9200,20000,0.0050,5,82
No amount multiplier,260,0.3154,0.8200,20000,0.0050,5,82
No Benford diversity scaling,260,0.3538,0.9200,20000,0.0050,5,82
Ceiling (flagged lines),260,0.3846,1.0000,20000,0.0050,5,82
Risk score,270,0.3407,0.9200,20000,0.0050,5,82
Number of tests hit,270,0.2667,0.7200,20000,0.0050,5,82
Amount only,270,0.2148,0.5800,20000,0.0050,5,82
Random flagged lines,270,0.0222,0.0600,20000,0.0050,5,82
Isolation Forest,270,0.2667,0.7200,20000,0.0050,5,82
Rarity only (priors = 1),270,0.3556,0.9600,20000,0.0050,5,82
Priors only (no rarity),270,0.2926,0.7900,20000,0.0050,5,82
Date tests not collapsed,270,0.3407,0.9200,20000,0.0050,5,82
No amount multiplier,270,0.3037,0.8200,20000,0.0050,5,82
No Benford diversity scaling,270,0.3407,0.9200,20000,0.0050,5,82
Ceiling (flagged lines),270,0.3704,1.0000,20000,0.0050,5,82
Risk score,280,0.3321,0.9300,20000,0.0050,5,82
Number of tests hit,280,0.2571,0.7200,20000,0.0050,5,82
Amount only,280,0.2071,0.5800,20000,0.0050,5,82
Random flagged lines,280,0.0214,0.0600,20000,0.0050,5,82
Isolation Forest,280,0.2607,0.7300,20000,0.0050,5,82
Rarity only (priors = 1),280,0.3429,0.9600,20000,0.0050,5,82
Priors only (no rarity),280,0.2821,0.7900,20000,0.0050,5,82
Date tests not collapsed,280,0.3321,0.9300,20000,0.0050,5,82
No amount multiplier,280,0.2929,0.8200,20000,0.0050,5,82
No Benford diversity scaling,280,0.3321,0.9300,20000,0.0050,5,82
Ceiling (flagged lines),280,0.3571,1.0000,20000,0.0050,5,82
Risk score,290,0.3241,0.9400,20000,0.0050,5,82
Number of tests hit,290,0.2483,0.7200,20000,0.0050,5,82
Amount only,290,0.2172,0.6300,20000,0.0050,5,82
Random flagged lines,290,0.0241,0.0700,20000,0.0050,5,82
Isolation Forest,290,0.2517,0.7300,20000,0.0050,5,82
Rarity only (priors = 1),290,0.3310,0.9600,20000,0.0050,5,82
Priors only (no rarity),290,0.2793,0.8100,20000,0.0050,5,82
Date tests not collapsed,290,0.3241,0.9400,20000,0.0050,5,82
No amount multiplier,290,0.2828,0.8200,20000,0.0050,5,82
No Benford diversity scaling,290,0.3241,0.9400,20000,0.0050,5,82
Ceiling (flagged lines),290,0.3448,1.0000,20000,0.0050,5,82
Risk score,300,0.3133,0.9400,20000,0.0050,5,82
Number of tests hit,300,0.2400,0.7200,20000,0.0050,5,82
Amount only,300,0.2133,0.6400,20000,0.0050,5,82
Random flagged lines,300,0.0233,0.0700,20000,0.0050,5,82
Isolation Forest,300,0.2467,0.7400,20000,0.0050,5,82
Rarity only (priors = 1),300,0.3200,0.9600,20000,0.0050,5,82
Priors only (no rarity),300,0.2700,0.8100,20000,0.0050,5,82
Date tests not collapsed,300,0.3133,0.9400,20000,0.0050,5,82
No amount multiplier,300,0.2733,0.8200,20000,0.0050,5,82
No Benford diversity scaling,300,0.3133,0.9400,20000,0.0050,5,82
Ceiling (flagged lines),300,0.3333,1.0000,20000,0.0050,5,82
Risk score,10,1.0000,0.1000,20000,0.0050,6,82
Number of tests hit,10,1.0000,0.1000,20000,0.0050,6,82
Amount only,10,0.5000,0.0500,20000,0.0050,6,82
Random flagged lines,10,0.0000,0.0000,20000,0.0050,6,82
Isolation Forest,10,1.0000,0.1000,20000,0.0050,6,82
Rarity only (priors = 1),10,1.0000,0.1000,20000,0.0050,6,82
Priors only (no rarity),10,1.0000,0.1000,20000,0.0050,6,82
Date tests not collapsed,10,1.0000,0.1000,20000,0.0050,6,82
No amount multiplier,10,1.0000,0.1000,20000,0.0050,6,82
No Benford diversity scaling,10,1.0000,0.1000,20000,0.0050,6,82
Ceiling (flagged lines),10,1.0000,1.0000,20000,0.0050,6,82
Risk score,20,1.0000,0.2000,20000,0.0050,6,82
Number of tests hit,20,1.0000,0.2000,20000,0.0050,6,82
Amount only,20,0.6000,0.1200,20000,0.0050,6,82
Random flagged lines,20,0.1000,0.0200,20000,0.0050,6,82
Isolation Forest,20,1.0000,0.2000,20000,0.0050,6,82
Rarity only (priors = 1),20,1.0000,0.2000,20000,0.0050,6,82
Priors only (no rarity),20,1.0000,0.2000,20000,0.0050,6,82
Date tests not collapsed,20,1.0000,0.2000,20000,0.0050,6,82
No amount multiplier,20,1.0000,0.2000,20000,0.0050,6,82
No Benford diversity scaling,20,1.0000,0.2000,20000,0.0050,6,82
Ceiling (flagged lines),20,1.0000,1.0000,20000,0.0050,6,82
Risk score,30,1.0000,0.3000,20000,0.0050,6,82
Number of tests hit,30,1.0000,0.3000,20000,0.0050,6,82
Amount only,30,0.6000,0.1800,20000,0.0050,6,82
Random flagged lines,30,0.0667,0.0200,20000,0.0050,6,82
Isolation Forest,30,0.9000,0.2700,20000,0.0050,6,82
Rarity only (priors = 1),30,1.0000,0.3000,20000,0.0050,6,82
Priors only (no rarity),30,1.0000,0.3000,20000,0.0050,6,82
Date tests not collapsed,30,1.0000,0.3000,20000,0.0050,6,82
No amount multiplier,30,1.0000,0.3000,20000,0.0050,6,82
No Benford diversity scaling,30,1.0000,0.3000,20000,0.0050,6,82
Ceiling (flagged lines),30,1.0000,1.0000,20000,0.0050,6,82
Risk score,40,1.0000,0.4000,20000,0.0050,6,82
Number of tests hit,40,1.0000,0.4000,20000,0.0050,6,82
Amount only,40,0.5500,0.2200,20000,0.0050,6,82
Random flagged lines,40,0.0500,0.0200,20000,0.0050,6,82
Isolation Forest,40,0.9000,0.3600,20000,0.0050,6,82
Rarity only (priors = 1),40,1.0000,0.4000,20000,0.0050,6,82
Priors only (no rarity),40,0.9500,0.3800,20000,0.0050,6,82
Date tests not collapsed,40,1.0000,0.4000,20000,0.0050,6,82
No amount multiplier,40,1.0000,0.4000,20000,0.0050,6,82
No Benford diversity scaling,40,1.0000,0.4000,20000,0.0050,6,82
Ceiling (flagged lines),40,1.0000,1.0000,20000,0.0050,6,82
Risk score,50,1.0000,0.5000,20000,0.0050,6,82
Number of tests hit,50,0.9800,0.4900,20000,0.0050,6,82
Amount only,50,0.4800,0.2400,20000,0.0050,6,82
Random flagged lines,50,0.0400,0.0200,20000,0.0050,6,82
Isolation Forest,50,0.9200,0.4600,20000,0.0050,6,82
Rarity only (priors = 1),50,1.0000,0.5000,20000,0.0050,6,82
Priors only (no rarity),50,0.9400,0.4700,20000,0.0050,6,82
Date tests not collapsed,50,1.0000,0.5000,20000,0.0050,6,82
No amount multiplier,50,0.9600,0.4800,20000,0.0050,6,82
No Benford diversity scaling,50,1.0000,0.5000,20000,0.0050,6,82
Ceiling (flagged lines),50,1.0000,1.0000,20000,0.0050,6,82
Risk score,60,0.9667,0.5800,20000,0.0050,6,82
Number of tests hit,60,0.8167,0.4900,20000,0.0050,6,82
Amount only,60,0.4167,0.2500,20000,0.0050,6,82
Random flagged lines,60,0.0333,0.0200,20000,0.0050,6,82
Isolation Forest,60,0.8833,0.5300,20000,0.0050,6,82
Rarity only (priors = 1),60,1.0000,0.6000,20000,0.0050,6,82
Priors only (no rarity),60,0.9167,0.5500,20000,0.0050,6,82
Date tests not collapsed,60,0.9667,0.5800,20000,0.0050,6,82
No amount multiplier,60,0.9667,0.5800,20000,0.0050,6,82
No Benford diversity scaling,60,0.9667,0.5800,20000,0.0050,6,82
Ceiling (flagged lines),60,1.0000,1.0000,20000,0.0050,6,82
Risk score,70,0.9286,0.6500,20000,0.0050,6,82
Number of tests hit,70,0.8286,0.5800,20000,0.0050,6,82
Amount only,70,0.4143,0.2900,20000,0.0050,6,82
Random flagged lines,70,0.0286,0.0200,20000,0.0050,6,82
Isolation Forest,70,0.7857,0.5500,20000,0.0050,6,82
Rarity only (priors = 1),70,0.9571,0.6700,20000,0.0050,6,82
Priors only (no rarity),70,0.8714,0.6100,20000,0.0050,6,82
Date tests not collapsed,70,0.9286,0.6500,20000,0.0050,6,82
No amount multiplier,70,0.8857,0.6200,20000,0.0050,6,82
No Benford diversity scaling,70,0.9286,0.6500,20000,0.0050,6,82
Ceiling (flagged lines),70,1.0000,1.0000,20000,0.0050,6,82
Risk score,80,0.8625,0.6900,20000,0.0050,6,82
Number of tests hit,80,0.7750,0.6200,20000,0.0050,6,82
Amount only,80,0.4250,0.3400,20000,0.0050,6,82
Random flagged lines,80,0.0250,0.0200,20000,0.0050,6,82
Isolation Forest,80,0.7000,0.5600,20000,0.0050,6,82
Rarity only (priors = 1),80,0.8750,0.7000,20000,0.0050,6,82
Priors only (no rarity),80,0.8250,0.6600,20000,0.0050,6,82
Date tests not collapsed,80,0.8625,0.6900,20000,0.0050,6,82
No amount multiplier,80,0.8375,0.6700,20000,0.0050,6,82
No Benford diversity scaling,80,0.8625,0.6900,20000,0.0050,6,82
Ceiling (flagged lines),80,1.0000,1.0000,20000,0.0050,6,82
Risk score,82,0.8659,0.7100,20000,0.0050,6,82
Number of tests hit,82,0.7561,0.6200,20000,0.0050,6,82
Amount only,82,0.4390,0.3600,20000,0.0050,6,82
Random flagged lines,82,0.0244,0.0200,20000,0.0050,6,82
Isolation Forest,82,0.6829,0.5600,20000,0.0050,6,82
Rarity only (priors = 1),82,0.8780,0.7200,20000,0.0050,6,82
Priors only (no rarity),82,0.8293,0.6800,20000,0.0050,6,82
Date tests not collapsed,82,0.8659,0.7100,20000,0.0050,6,82
No amount multiplier,82,0.8171,0.6700,20000,0.0050,6,82
No Benford diversity scaling,82,0.8659,0.7100,20000,0.0050,6,82
Ceiling (flagged lines),82,1.0000,1.0000,20000,0.0050,6,82
Risk score,90,0.8444,0.7600,20000,0.0050,6,82
Number of tests hit,90,0.7222,0.6500,20000,0.0050,6,82
Amount only,90,0.4000,0.3600,20000,0.0050,6,82
Random flagged lines,90,0.0222,0.0200,20000,0.0050,6,82
Isolation Forest,90,0.6222,0.5600,20000,0.0050,6,82
Rarity only (priors = 1),90,0.8222,0.7400,20000,0.0050,6,82
Priors only (no rarity),90,0.8000,0.7200,20000,0.0050,6,82
Date tests not collapsed,90,0.8444,0.7600,20000,0.0050,6,82
No amount multiplier,90,0.7444,0.6700,20000,0.0050,6,82
No Benford diversity scaling,90,0.8444,0.7600,20000,0.0050,6,82
Ceiling (flagged lines),90,1.0000,1.0000,20000,0.0050,6,82
Risk score,100,0.7900,0.7900,20000,0.0050,6,82
Number of tests hit,100,0.7300,0.7300,20000,0.0050,6,82
Amount only,100,0.3800,0.3800,20000,0.0050,6,82
Random flagged lines,100,0.0200,0.0200,20000,0.0050,6,82
Isolation Forest,100,0.5700,0.5700,20000,0.0050,6,82
Rarity only (priors = 1),100,0.8000,0.8000,20000,0.0050,6,82
Priors only (no rarity),100,0.7500,0.7500,20000,0.0050,6,82
Date tests not collapsed,100,0.7900,0.7900,20000,0.0050,6,82
No amount multiplier,100,0.7000,0.7000,20000,0.0050,6,82
No Benford diversity scaling,100,0.7900,0.7900,20000,0.0050,6,82
Ceiling (flagged lines),100,1.0000,1.0000,20000,0.0050,6,82
Risk score,110,0.7545,0.8300,20000,0.0050,6,82
Number of tests hit,110,0.6727,0.7400,20000,0.0050,6,82
Amount only,110,0.3727,0.4100,20000,0.0050,6,82
Random flagged lines,110,0.0273,0.0300,20000,0.0050,6,82
Isolation Forest,110,0.5455,0.6000,20000,0.0050,6,82
Rarity only (priors = 1),110,0.7545,0.8300,20000,0.0050,6,82
Priors only (no rarity),110,0.6818,0.7500,20000,0.0050,6,82
Date tests not collapsed,110,0.7545,0.8300,20000,0.0050,6,82
No amount multiplier,110,0.6364,0.7000,20000,0.0050,6,82
No Benford diversity scaling,110,0.7545,0.8300,20000,0.0050,6,82
Ceiling (flagged lines),110,0.9091,1.0000,20000,0.0050,6,82
Risk score,120,0.7167,0.8600,20000,0.0050,6,82
Number of tests hit,120,0.6167,0.7400,20000,0.0050,6,82
Amount only,120,0.3500,0.4200,20000,0.0050,6,82
Random flagged lines,120,0.0250,0.0300,20000,0.0050,6,82
Isolation Forest,120,0.5333,0.6400,20000,0.0050,6,82
Rarity only (priors = 1),120,0.7000,0.8400,20000,0.0050,6,82
Priors only (no rarity),120,0.6333,0.7600,20000,0.0050,6,82
Date tests not collapsed,120,0.7167,0.8600,20000,0.0050,6,82
No amount multiplier,120,0.5833,0.7000,20000,0.0050,6,82
No Benford diversity scaling,120,0.7167,0.8600,20000,0.0050,6,82
Ceiling (flagged lines),120,0.8333,1.0000,20000,0.0050,6,82
Risk score,130,0.6769,0.8800,20000,0.0050,6,82
Number of tests hit,130,0.5692,0.7400,20000,0.0050,6,82
Amount only,130,0.3308,0.4300,20000,0.0050,6,82
Random flagged lines,130,0.0231,0.0300,20000,0.0050,6,82
Isolation Forest,130,0.5000,0.6500,20000,0.0050,6,82
Rarity only (priors = 1),130,0.6615,0.8600,20000,0.0050,6,82
Priors only (no rarity),130,0.5923,0.7700,20000,0.0050,6,82
Date tests not collapsed,130,0.6769,0.8800,20000,0.0050,6,82
No amount multiplier,130,0.5538,0.7200,20000,0.0050,6,82
No Benford diversity scaling,130,0.6769,0.8800,20000,0.0050,6,82
Ceiling (flagged lines),130,0.7692,1.0000,20000,0.0050,6,82
Risk score,140,0.6429,0.9000,20000,0.0050,6,82
Number of tests hit,140,0.5286,0.7400,20000,0.0050,6,82
Amount only,140,0.3071,0.4300,20000,0.0050,6,82
Random flagged lines,140,0.0214,0.0300,20000,0.0050,6,82
Isolation Forest,140,0.4786,0.6700,20000,0.0050,6,82
Rarity only (priors = 1),140,0.6429,0.9000,20000,0.0050,6,82
Priors only (no rarity),140,0.5500,0.7700,20000,0.0050,6,82
Date tests not collapsed,140,0.6429,0.9000,20000,0.0050,6,82
No amount multiplier,140,0.5286,0.7400,20000,0.0050,6,82
No Benford diversity scaling,140,0.6429,0.9000,20000,0.0050,6,82
Ceiling (flagged lines),140,0.7143,1.0000,20000,0.0050,6,82
Risk score,150,0.6000,0.9000,20000,0.0050,6,82
Number of tests hit,150,0.4933,0.7400,20000,0.0050,6,82
Amount only,150,0.2933,0.4400,20000,0.0050,6,82
Random flagged lines,150,0.0200,0.0300,20000,0.0050,6,82
Isolation Forest,150,0.4533,0.6800,20000,0.0050,6,82
Rarity only (priors = 1),150,0.6000,0.9000,20000,0.0050,6,82
Priors only (no rarity),150,0.5200,0.7800,20000,0.0050,6,82
Date tests not collapsed,150,0.6000,0.9000,20000,0.0050,6,82
No amount multiplier,150,0.5067,0.7600,20000,0.0050,6,82
No Benford diversity scaling,150,0.6000,0.9000,20000,0.0050,6,82
Ceiling (flagged lines),150,0.6667,1.0000,20000,0.0050,6,82
Risk score,160,0.5625,0.9000,20000,0.0050,6,82
Number of tests hit,160,0.4625,0.7400,20000,0.0050,6,82
Amount only,160,0.2750,0.4400,20000,0.0050,6,82
Random flagged lines,160,0.0187,0.0300,20000,0.0050,6,82
Isolation Forest,160,0.4313,0.6900,20000,0.0050,6,82
Rarity only (priors = 1),160,0.5625,0.9000,20000,0.0050,6,82
Priors only (no rarity),160,0.4875,0.7800,20000,0.0050,6,82
Date tests not collapsed,160,0.5625,0.9000,20000,0.0050,6,82
No amount multiplier,160,0.4750,0.7600,20000,0.0050,6,82
No Benford diversity scaling,160,0.5625,0.9000,20000,0.0050,6,82
Ceiling (flagged lines),160,0.6250,1.0000,20000,0.0050,6,82
Risk score,170,0.5294,0.9000,20000,0.0050,6,82
Number of tests hit,170,0.4353,0.7400,20000,0.0050,6,82
Amount only,170,0.2588,0.4400,20000,0.0050,6,82
Random flagged lines,170,0.0176,0.0300,20000,0.0050,6,82
Isolation Forest,170,0.4118,0.7000,20000,0.0050,6,82
Rarity only (priors = 1),170,0.5294,0.9000,20000,0.0050,6,82
Priors only (no rarity),170,0.4588,0.7800,20000,0.0050,6,82
Date tests not collapsed,170,0.5294,0.9000,20000,0.0050,6,82
No amount multiplier,170,0.4471,0.7600,20000,0.0050,6,82
No Benford diversity scaling,170,0.5294,0.9000,20000,0.0050,6,82
Ceiling (flagged lines),170,0.5882,1.0000,20000,0.0050,6,82
Risk score,180,0.5000,0.9000,20000,0.0050,6,82
Number of tests hit,180,0.4111,0.7400,20000,0.0050,6,82
Amount only,180,0.2444,0.4400,20000,0.0050,6,82
Random flagged lines,180,0.0222,0.0400,20000,0.0050,6,82
Isolation Forest,180,0.3889,0.7000,20000,0.0050,6,82
Rarity only (priors = 1),180,0.5000,0.9000,20000,0.0050,6,82
Priors only (no rarity),180,0.4333,0.7800,20000,0.0050,6,82
Date tests not collapsed,180,0.5000,0.9000,20000,0.0050,6,82
No amount multiplier,180,0.4222,0.7600,20000,0.0050,6,82
No Benford diversity scaling,180,0.5000,0.9000,20000,0.0050,6,82
Ceiling (flagged lines),180,0.5556,1.0000,20000,0.0050,6,82
Risk score,190,0.4737,0.9000,20000,0.0050,6,82
Number of tests hit,190,0.3895,0.7400,20000,0.0050,6,82
Amount only,190,0.2368,0.4500,20000,0.0050,6,82
Random flagged lines,190,0.0211,0.0400,20000,0.0050,6,82
Isolation Forest,190,0.3684,0.7000,20000,0.0050,6,82
Rarity only (priors = 1),190,0.4737,0.9000,20000,0.0050,6,82
Priors only (no rarity),190,0.4105,0.7800,20000,0.0050,6,82
Date tests not collapsed,190,0.4737,0.9000,20000,0.0050,6,82
No amount multiplier,190,0.4053,0.7700,20000,0.0050,6,82
No Benford diversity scaling,190,0.4737,0.9000,20000,0.0050,6,82
Ceiling (flagged lines),190,0.5263,1.0000,20000,0.0050,6,82
Risk score,200,0.4500,0.9000,20000,0.0050,6,82
Number of tests hit,200,0.3700,0.7400,20000,0.0050,6,82
Amount only,200,0.2300,0.4600,20000,0.0050,6,82
Random flagged lines,200,0.0200,0.0400,20000,0.0050,6,82
Isolation Forest,200,0.3500,0.7000,20000,0.0050,6,82
Rarity only (priors = 1),200,0.4500,0.9000,20000,0.0050,6,82
Priors only (no rarity),200,0.3950,0.7900,20000,0.0050,6,82
Date tests not collapsed,200,0.4500,0.9000,20000,0.0050,6,82
No amount multiplier,200,0.3850,0.7700,20000,0.0050,6,82
No Benford diversity scaling,200,0.4500,0.9000,20000,0.0050,6,82
Ceiling (flagged lines),200,0.5000,1.0000,20000,0.0050,6,82
Risk score,210,0.4286,0.9000,20000,0.0050,6,82
Number of tests hit,210,0.3524,0.7400,20000,0.0050,6,82
Amount only,210,0.2238,0.4700,20000,0.0050,6,82
Random flagged lines,210,0.0238,0.0500,20000,0.0050,6,82
Isolation Forest,210,0.3333,0.7000,20000,0.0050,6,82
Rarity only (priors = 1),210,0.4286,0.9000,20000,0.0050,6,82
Priors only (no rarity),210,0.3762,0.7900,20000,0.0050,6,82
Date tests not collapsed,210,0.4286,0.9000,20000,0.0050,6,82
No amount multiplier,210,0.3667,0.7700,20000,0.0050,6,82
No Benford diversity scaling,210,0.4286,0.9000,20000,0.0050,6,82
Ceiling (flagged lines),210,0.4762,1.0000,20000,0.0050,6,82
Risk score,220,0.4182,0.9200,20000,0.0050,6,82
Number of tests hit,220,0.3364,0.7400,20000,0.0050,6,82
Amount only,220,0.2136,0.4700,20000,0.0050,6,82
Random flagged lines,220,0.0227,0.0500,20000,0.0050,6,82
Isolation Forest,220,0.3182,0.7000,20000,0.0050,6,82
Rarity only (priors = 1),220,0.4091,0.9000,20000,0.0050,6,82
Priors only (no rarity),220,0.3591,0.7900,20000,0.0050,6,82
Date tests not collapsed,220,0.4182,0.9200,20000,0.0050,6,82
No amount multiplier,220,0.3545,0.7800,20000,0.0050,6,82
No Benford diversity scaling,220,0.4182,0.9200,20000,0.0050,6,82
Ceiling (flagged lines),220,0.4545,1.0000,20000,0.0050,6,82
Risk score,230,0.4000,0.9200,20000,0.0050,6,82
Number of tests hit,230,0.3217,0.7400,20000,0.0050,6,82
Amount only,230,0.2130,0.4900,20000,0.0050,6,82
Random flagged lines,230,0.0217,0.0500,20000,0.0050,6,82
Isolation Forest,230,0.3087,0.7100,20000,0.0050,6,82
Rarity only (priors = 1),230,0.3957,0.9100,20000,0.0050,6,82
Priors only (no rarity),230,0.3435,0.7900,20000,0.0050,6,82
Date tests not collapsed,230,0.4000,0.9200,20000,0.0050,6,82
No amount multiplier,230,0.3391,0.7800,20000,0.0050,6,82
No Benford diversity scaling,230,0.4000,0.9200,20000,0.0050,6,82
Ceiling (flagged lines),230,0.4348,1.0000,20000,0.0050,6,82
Risk score,240,0.3917,0.9400,20000,0.0050,6,82
Number of tests hit,240,0.3083,0.7400,20000,0.0050,6,82
Amount only,240,0.2083,0.5000,20000,0.0050,6,82
Random flagged lines,240,0.0208,0.0500,20000,0.0050,6,82
Isolation Forest,240,0.3000,0.7200,20000,0.0050,6,82
Rarity only (priors = 1),240,0.3792,0.9100,20000,0.0050,6,82
Priors only (no rarity),240,0.3333,0.8000,20000,0.0050,6,82
Date tests not collapsed,240,0.3917,0.9400,20000,0.0050,6,82
No amount multiplier,240,0.3375,0.8100,20000,0.0050,6,82
No Benford diversity scaling,240,0.3917,0.9400,20000,0.0050,6,82
Ceiling (flagged lines),240,0.4167,1.0000,20000,0.0050,6,82
Risk score,250,0.3760,0.9400,20000,0.0050,6,82
Number of tests hit,250,0.2960,0.7400,20000,0.0050,6,82
Amount only,250,0.2000,0.5000,20000,0.0050,6,82
Random flagged lines,250,0.0240,0.0600,20000,0.0050,6,82
Isolation Forest,250,0.2880,0.7200,20000,0.0050,6,82
Rarity only (priors = 1),250,0.3720,0.9300,20000,0.0050,6,82
Priors only (no rarity),250,0.3200,0.8000,20000,0.0050,6,82
Date tests not collapsed,250,0.3760,0.9400,20000,0.0050,6,82
No amount multiplier,250,0.3240,0.8100,20000,0.0050,6,82
No Benford diversity scaling,250,0.3760,0.9400,20000,0.0050,6,82
Ceiling (flagged lines),250,0.4000,1.0000,20000,0.0050,6,82
Risk score,260,0.3654,0.9500,20000,0.0050,6,82
Number of tests hit,260,0.2846,0.7400,20000,0.0050,6,82
Amount only,260,0.1923,0.5000,20000,0.0050,6,82
Random flagged lines,260,0.0231,0.0600,20000,0.0050,6,82
Isolation Forest,260,0.2846,0.7400,20000,0.0050,6,82
Rarity only (priors = 1),260,0.3615,0.9400,20000,0.0050,6,82
Priors only (no rarity),260,0.3077,0.8000,20000,0.0050,6,82
Date tests not collapsed,260,0.3654,0.9500,20000,0.0050,6,82
No amount multiplier,260,0.3115,0.8100,20000,0.0050,6,82
No Benford diversity scaling,260,0.3654,0.9500,20000,0.0050,6,82
Ceiling (flagged lines),260,0.3846,1.0000,20000,0.0050,6,82
Risk score,270,0.3556,0.9600,20000,0.0050,6,82
Number of tests hit,270,0.2741,0.7400,20000,0.0050,6,82
Amount only,270,0.1852,0.5000,20000,0.0050,6,82
Random flagged lines,270,0.0222,0.0600,20000,0.0050,6,82
Isolation Forest,270,0.2741,0.7400,20000,0.0050,6,82
Rarity only (priors = 1),270,0.3481,0.9400,20000,0.0050,6,82
Priors only (no rarity),270,0.3000,0.8100,20000,0.0050,6,82
Date tests not collapsed,270,0.3556,0.9600,20000,0.0050,6,82
No amount multiplier,270,0.3000,0.8100,20000,0.0050,6,82
No Benford diversity scaling,270,0.3556,0.9600,20000,0.0050,6,82
Ceiling (flagged lines),270,0.3704,1.0000,20000,0.0050,6,82
Risk score,280,0.3429,0.9600,20000,0.0050,6,82
Number of tests hit,280,0.2643,0.7400,20000,0.0050,6,82
Amount only,280,0.1893,0.5300,20000,0.0050,6,82
Random flagged lines,280,0.0214,0.0600,20000,0.0050,6,82
Isolation Forest,280,0.2679,0.7500,20000,0.0050,6,82
Rarity only (priors = 1),280,0.3357,0.9400,20000,0.0050,6,82
Priors only (no rarity),280,0.2893,0.8100,20000,0.0050,6,82
Date tests not collapsed,280,0.3429,0.9600,20000,0.0050,6,82
No amount multiplier,280,0.2893,0.8100,20000,0.0050,6,82
No Benford diversity scaling,280,0.3429,0.9600,20000,0.0050,6,82
Ceiling (flagged lines),280,0.3571,1.0000,20000,0.0050,6,82
Risk score,290,0.3310,0.9600,20000,0.0050,6,82
Number of tests hit,290,0.2552,0.7400,20000,0.0050,6,82
Amount only,290,0.1897,0.5500,20000,0.0050,6,82
Random flagged lines,290,0.0207,0.0600,20000,0.0050,6,82
Isolation Forest,290,0.2586,0.7500,20000,0.0050,6,82
Rarity only (priors = 1),290,0.3241,0.9400,20000,0.0050,6,82
Priors only (no rarity),290,0.2793,0.8100,20000,0.0050,6,82
Date tests not collapsed,290,0.3310,0.9600,20000,0.0050,6,82
No amount multiplier,290,0.2793,0.8100,20000,0.0050,6,82
No Benford diversity scaling,290,0.3310,0.9600,20000,0.0050,6,82
Ceiling (flagged lines),290,0.3448,1.0000,20000,0.0050,6,82
Risk score,300,0.3200,0.9600,20000,0.0050,6,82
Number of tests hit,300,0.2467,0.7400,20000,0.0050,6,82
Amount only,300,0.1867,0.5600,20000,0.0050,6,82
Random flagged lines,300,0.0200,0.0600,20000,0.0050,6,82
Isolation Forest,300,0.2500,0.7500,20000,0.0050,6,82
Rarity only (priors = 1),300,0.3133,0.9400,20000,0.0050,6,82
Priors only (no rarity),300,0.2700,0.8100,20000,0.0050,6,82
Date tests not collapsed,300,0.3200,0.9600,20000,0.0050,6,82
No amount multiplier,300,0.2700,0.8100,20000,0.0050,6,82
No Benford diversity scaling,300,0.3200,0.9600,20000,0.0050,6,82
Ceiling (flagged lines),300,0.3333,1.0000,20000,0.0050,6,82
Risk score,10,1.0000,0.1000,20000,0.0050,7,82
Number of tests hit,10,1.0000,0.1000,20000,0.0050,7,82
Amount only,10,0.4000,0.0400,20000,0.0050,7,82
Random flagged lines,10,0.0000,0.0000,20000,0.0050,7,82
Isolation Forest,10,1.0000,0.1000,20000,0.0050,7,82
Rarity only (priors = 1),10,1.0000,0.1000,20000,0.0050,7,82
Priors only (no rarity),10,1.0000,0.1000,20000,0.0050,7,82
Date tests not collapsed,10,1.0000,0.1000,20000,0.0050,7,82
No amount multiplier,10,1.0000,0.1000,20000,0.0050,7,82
No Benford diversity scaling,10,1.0000,0.1000,20000,0.0050,7,82
Ceiling (flagged lines),10,1.0000,1.0000,20000,0.0050,7,82
Risk score,20,1.0000,0.2000,20000,0.0050,7,82
Number of tests hit,20,1.0000,0.2000,20000,0.0050,7,82
Amount only,20,0.6000,0.1200,20000,0.0050,7,82
Random flagged lines,20,0.0000,0.0000,20000,0.0050,7,82
Isolation Forest,20,1.0000,0.2000,20000,0.0050,7,82
Rarity only (priors = 1),20,1.0000,0.2000,20000,0.0050,7,82
Priors only (no rarity),20,1.0000,0.2000,20000,0.0050,7,82
Date tests not collapsed,20,1.0000,0.2000,20000,0.0050,7,82
No amount multiplier,20,1.0000,0.2000,20000,0.0050,7,82
No Benford diversity scaling,20,1.0000,0.2000,20000,0.0050,7,82
Ceiling (flagged lines),20,1.0000,1.0000,20000,0.0050,7,82
Risk score,30,1.0000,0.3000,20000,0.0050,7,82
Number of tests hit,30,1.0000,0.3000,20000,0.0050,7,82
Amount only,30,0.6000,0.1800,20000,0.0050,7,82
Random flagged lines,30,0.0000,0.0000,20000,0.0050,7,82
Isolation Forest,30,0.9333,0.2800,20000,0.0050,7,82
Rarity only (priors = 1),30,1.0000,0.3000,20000,0.0050,7,82
Priors only (no rarity),30,1.0000,0.3000,20000,0.0050,7,82
Date tests not collapsed,30,1.0000,0.3000,20000,0.0050,7,82
No amount multiplier,30,1.0000,0.3000,20000,0.0050,7,82
No Benford diversity scaling,30,1.0000,0.3000,20000,0.0050,7,82
Ceiling (flagged lines),30,1.0000,1.0000,20000,0.0050,7,82
Risk score,40,1.0000,0.4000,20000,0.0050,7,82
Number of tests hit,40,1.0000,0.4000,20000,0.0050,7,82
Amount only,40,0.6250,0.2500,20000,0.0050,7,82
Random flagged lines,40,0.0000,0.0000,20000,0.0050,7,82
Isolation Forest,40,0.9250,0.3700,20000,0.0050,7,82
Rarity only (priors = 1),40,1.0000,0.4000,20000,0.0050,7,82
Priors only (no rarity),40,1.0000,0.4000,20000,0.0050,7,82
Date tests not collapsed,40,1.0000,0.4000,20000,0.0050,7,82
No amount multiplier,40,1.0000,0.4000,20000,0.0050,7,82
No Benford diversity scaling,40,1.0000,0.4000,20000,0.0050,7,82
Ceiling (flagged lines),40,1.0000,1.0000,20000,0.0050,7,82
Risk score,50,1.0000,0.5000,20000,0.0050,7,82
Number of tests hit,50,0.9600,0.4800,20000,0.0050,7,82
Amount only,50,0.5600,0.2800,20000,0.0050,7,82
Random flagged lines,50,0.0200,0.0100,20000,0.0050,7,82
Isolation Forest,50,0.9000,0.4500,20000,0.0050,7,82
Rarity only (priors = 1),50,1.0000,0.5000,20000,0.0050,7,82
Priors only (no rarity),50,0.9600,0.4800,20000,0.0050,7,82
Date tests not collapsed,50,1.0000,0.5000,20000,0.0050,7,82
No amount multiplier,50,1.0000,0.5000,20000,0.0050,7,82
No Benford diversity scaling,50,1.0000,0.5000,20000,0.0050,7,82
Ceiling (flagged lines),50,1.0000,1.0000,20000,0.0050,7,82
Risk score,60,1.0000,0.6000,20000,0.0050,7,82
Number of tests hit,60,0.8833,0.5300,20000,0.0050,7,82
Amount only,60,0.5000,0.3000,20000,0.0050,7,82
Random flagged lines,60,0.0333,0.0200,20000,0.0050,7,82
Isolation Forest,60,0.8167,0.4900,20000,0.0050,7,82
Rarity only (priors = 1),60,1.0000,0.6000,20000,0.0050,7,82
Priors only (no rarity),60,0.9333,0.5600,20000,0.0050,7,82
Date tests not collapsed,60,1.0000,0.6000,20000,0.0050,7,82
No amount multiplier,60,0.9500,0.5700,20000,0.0050,7,82
No Benford diversity scaling,60,1.0000,0.6000,20000,0.0050,7,82
Ceiling (flagged lines),60,1.0000,1.0000,20000,0.0050,7,82
Risk score,70,0.9429,0.6600,20000,0.0050,7,82
Number of tests hit,70,0.9000,0.6300,20000,0.0050,7,82
Amount only,70,0.4857,0.3400,20000,0.0050,7,82
Random flagged lines,70,0.0286,0.0200,20000,0.0050,7,82
Isolation Forest,70,0.7143,0.5000,20000,0.0050,7,82
Rarity only (priors = 1),70,0.9714,0.6800,20000,0.0050,7,82
Priors only (no rarity),70,0.9143,0.6400,20000,0.0050,7,82
Date tests not collapsed,70,0.9429,0.6600,20000,0.0050,7,82
No amount multiplier,70,0.9286,0.6500,20000,0.0050,7,82
No Benford diversity scaling,70,0.9429,0.6600,20000,0.0050,7,82
Ceiling (flagged lines),70,1.0000,1.0000,20000,0.0050,7,82
Risk score,80,0.9000,0.7200,20000,0.0050,7,82
Number of tests hit,80,0.8125,0.6500,20000,0.0050,7,82
Amount only,80,0.4625,0.3700,20000,0.0050,7,82
Random flagged lines,80,0.0250,0.0200,20000,0.0050,7,82
Isolation Forest,80,0.6625,0.5300,20000,0.0050,7,82
Rarity only (priors = 1),80,0.9125,0.7300,20000,0.0050,7,82
Priors only (no rarity),80,0.8625,0.6900,20000,0.0050,7,82
Date tests not collapsed,80,0.9000,0.7200,20000,0.0050,7,82
No amount multiplier,80,0.8500,0.6800,20000,0.0050,7,82
No Benford diversity scaling,80,0.9000,0.7200,20000,0.0050,7,82
Ceiling (flagged lines),80,1.0000,1.0000,20000,0.0050,7,82
Risk score,82,0.9024,0.7400,20000,0.0050,7,82
Number of tests hit,82,0.7927,0.6500,20000,0.0050,7,82
Amount only,82,0.4512,0.3700,20000,0.0050,7,82
Random flagged lines,82,0.0244,0.0200,20000,0.0050,7,82
Isolation Forest,82,0.6463,0.5300,20000,0.0050,7,82
Rarity only (priors = 1),82,0.9024,0.7400,20000,0.0050,7,82
Priors only (no rarity),82,0.8415,0.6900,20000,0.0050,7,82
Date tests not collapsed,82,0.9024,0.7400,20000,0.0050,7,82
No amount multiplier,82,0.8415,0.6900,20000,0.0050,7,82
No Benford diversity scaling,82,0.9024,0.7400,20000,0.0050,7,82
Ceiling (flagged lines),82,1.0000,1.0000,20000,0.0050,7,82
Risk score,90,0.8667,0.7800,20000,0.0050,7,82
Number of tests hit,90,0.7667,0.6900,20000,0.0050,7,82
Amount only,90,0.4333,0.3900,20000,0.0050,7,82
Random flagged lines,90,0.0222,0.0200,20000,0.0050,7,82
Isolation Forest,90,0.6111,0.5500,20000,0.0050,7,82
Rarity only (priors = 1),90,0.8667,0.7800,20000,0.0050,7,82
Priors only (no rarity),90,0.8111,0.7300,20000,0.0050,7,82
Date tests not collapsed,90,0.8667,0.7800,20000,0.0050,7,82
No amount multiplier,90,0.8222,0.7400,20000,0.0050,7,82
No Benford diversity scaling,90,0.8667,0.7800,20000,0.0050,7,82
Ceiling (flagged lines),90,1.0000,1.0000,20000,0.0050,7,82
Risk score,100,0.8300,0.8300,20000,0.0050,7,82
Number of tests hit,100,0.7600,0.7600,20000,0.0050,7,82
Amount only,100,0.3900,0.3900,20000,0.0050,7,82
Random flagged lines,100,0.0300,0.0300,20000,0.0050,7,82
Isolation Forest,100,0.6000,0.6000,20000,0.0050,7,82
Rarity only (priors = 1),100,0.8300,0.8300,20000,0.0050,7,82
Priors only (no rarity),100,0.7700,0.7700,20000,0.0050,7,82
Date tests not collapsed,100,0.8300,0.8300,20000,0.0050,7,82
No amount multiplier,100,0.7500,0.7500,20000,0.0050,7,82
No Benford diversity scaling,100,0.8300,0.8300,20000,0.0050,7,82
Ceiling (flagged lines),100,1.0000,1.0000,20000,0.0050,7,82
Risk score,110,0.7909,0.8700,20000,0.0050,7,82
Number of tests hit,110,0.7273,0.8000,20000,0.0050,7,82
Amount only,110,0.3727,0.4100,20000,0.0050,7,82
Random flagged lines,110,0.0273,0.0300,20000,0.0050,7,82
Isolation Forest,110,0.5545,0.6100,20000,0.0050,7,82
Rarity only (priors = 1),110,0.7909,0.8700,20000,0.0050,7,82
Priors only (no rarity),110,0.7182,0.7900,20000,0.0050,7,82
Date tests not collapsed,110,0.7909,0.8700,20000,0.0050,7,82
No amount multiplier,110,0.7091,0.7800,20000,0.0050,7,82
No Benford diversity scaling,110,0.7909,0.8700,20000,0.0050,7,82
Ceiling (flagged lines),110,0.9091,1.0000,20000,0.0050,7,82
Risk score,120,0.7417,0.8900,20000,0.0050,7,82
Number of tests hit,120,0.6833,0.8200,20000,0.0050,7,82
Amount only,120,0.3833,0.4600,20000,0.0050,7,82
Random flagged lines,120,0.0250,0.0300,20000,0.0050,7,82
Isolation Forest,120,0.5250,0.6300,20000,0.0050,7,82
Rarity only (priors = 1),120,0.7333,0.8800,20000,0.0050,7,82
Priors only (no rarity),120,0.6667,0.8000,20000,0.0050,7,82
Date tests not collapsed,120,0.7417,0.8900,20000,0.0050,7,82
No amount multiplier,120,0.6500,0.7800,20000,0.0050,7,82
No Benford diversity scaling,120,0.7417,0.8900,20000,0.0050,7,82
Ceiling (flagged lines),120,0.8333,1.0000,20000,0.0050,7,82
Risk score,130,0.6923,0.9000,20000,0.0050,7,82
Number of tests hit,130,0.6308,0.8200,20000,0.0050,7,82
Amount only,130,0.3769,0.4900,20000,0.0050,7,82
Random flagged lines,130,0.0308,0.0400,20000,0.0050,7,82
Isolation Forest,130,0.5000,0.6500,20000,0.0050,7,82
Rarity only (priors = 1),130,0.7000,0.9100,20000,0.0050,7,82
Priors only (no rarity),130,0.6385,0.8300,20000,0.0050,7,82
Date tests not collapsed,130,0.6923,0.9000,20000,0.0050,7,82
No amount multiplier,130,0.6000,0.7800,20000,0.0050,7,82
No Benford diversity scaling,130,0.6923,0.9000,20000,0.0050,7,82
Ceiling (flagged lines),130,0.7692,1.0000,20000,0.0050,7,82
Risk score,140,0.6571,0.9200,20000,0.0050,7,82
Number of tests hit,140,0.5857,0.8200,20000,0.0050,7,82
Amount only,140,0.3500,0.4900,20000,0.0050,7,82
Random flagged lines,140,0.0357,0.0500,20000,0.0050,7,82
Isolation Forest,140,0.4857,0.6800,20000,0.0050,7,82
Rarity only (priors = 1),140,0.6500,0.9100,20000,0.0050,7,82
Priors only (no rarity),140,0.5929,0.8300,20000,0.0050,7,82
Date tests not collapsed,140,0.6571,0.9200,20000,0.0050,7,82
No amount multiplier,140,0.5571,0.7800,20000,0.0050,7,82
No Benford diversity scaling,140,0.6571,0.9200,20000,0.0050,7,82
Ceiling (flagged lines),140,0.7143,1.0000,20000,0.0050,7,82
Risk score,150,0.6133,0.9200,20000,0.0050,7,82
Number of tests hit,150,0.5467,0.8200,20000,0.0050,7,82
Amount only,150,0.3333,0.5000,20000,0.0050,7,82
Random flagged lines,150,0.0333,0.0500,20000,0.0050,7,82
Isolation Forest,150,0.4667,0.7000,20000,0.0050,7,82
Rarity only (priors = 1),150,0.6067,0.9100,20000,0.0050,7,82
Priors only (no rarity),150,0.5533,0.8300,20000,0.0050,7,82
Date tests not collapsed,150,0.6133,0.9200,20000,0.0050,7,82
No amount multiplier,150,0.5333,0.8000,20000,0.0050,7,82
No Benford diversity scaling,150,0.6133,0.9200,20000,0.0050,7,82
Ceiling (flagged lines),150,0.6667,1.0000,20000,0.0050,7,82
Risk score,160,0.5750,0.9200,20000,0.0050,7,82
Number of tests hit,160,0.5125,0.8200,20000,0.0050,7,82
Amount only,160,0.3187,0.5100,20000,0.0050,7,82
Random flagged lines,160,0.0375,0.0600,20000,0.0050,7,82
Isolation Forest,160,0.4375,0.7000,20000,0.0050,7,82
Rarity only (priors = 1),160,0.5687,0.9100,20000,0.0050,7,82
Priors only (no rarity),160,0.5188,0.8300,20000,0.0050,7,82
Date tests not collapsed,160,0.5750,0.9200,20000,0.0050,7,82
No amount multiplier,160,0.5125,0.8200,20000,0.0050,7,82
No Benford diversity scaling,160,0.5750,0.9200,20000,0.0050,7,82
Ceiling (flagged lines),160,0.6250,1.0000,20000,0.0050,7,82
Risk score,170,0.5412,0.9200,20000,0.0050,7,82
Number of tests hit,170,0.4824,0.8200,20000,0.0050,7,82
Amount only,170,0.3000,0.5100,20000,0.0050,7,82
Random flagged lines,170,0.0353,0.0600,20000,0.0050,7,82
Isolation Forest,170,0.4118,0.7000,20000,0.0050,7,82
Rarity only (priors = 1),170,0.5353,0.9100,20000,0.0050,7,82
Priors only (no rarity),170,0.4882,0.8300,20000,0.0050,7,82
Date tests not collapsed,170,0.5412,0.9200,20000,0.0050,7,82
No amount multiplier,170,0.4824,0.8200,20000,0.0050,7,82
No Benford diversity scaling,170,0.5412,0.9200,20000,0.0050,7,82
Ceiling (flagged lines),170,0.5882,1.0000,20000,0.0050,7,82
Risk score,180,0.5111,0.9200,20000,0.0050,7,82
Number of tests hit,180,0.4556,0.8200,20000,0.0050,7,82
Amount only,180,0.2889,0.5200,20000,0.0050,7,82
Random flagged lines,180,0.0333,0.0600,20000,0.0050,7,82
Isolation Forest,180,0.4056,0.7300,20000,0.0050,7,82
Rarity only (priors = 1),180,0.5056,0.9100,20000,0.0050,7,82
Priors only (no rarity),180,0.4611,0.8300,20000,0.0050,7,82
Date tests not collapsed,180,0.5111,0.9200,20000,0.0050,7,82
No amount multiplier,180,0.4556,0.8200,20000,0.0050,7,82
No Benford diversity scaling,180,0.5111,0.9200,20000,0.0050,7,82
Ceiling (flagged lines),180,0.5556,1.0000,20000,0.0050,7,82
Risk score,190,0.4842,0.9200,20000,0.0050,7,82
Number of tests hit,190,0.4316,0.8200,20000,0.0050,7,82
Amount only,190,0.2737,0.5200,20000,0.0050,7,82
Random flagged lines,190,0.0316,0.0600,20000,0.0050,7,82
Isolation Forest,190,0.3842,0.7300,20000,0.0050,7,82
Rarity only (priors = 1),190,0.4789,0.9100,20000,0.0050,7,82
Priors only (no rarity),190,0.4368,0.8300,20000,0.0050,7,82
Date tests not collapsed,190,0.4842,0.9200,20000,0.0050,7,82
No amount multiplier,190,0.4316,0.8200,20000,0.0050,7,82
No Benford diversity scaling,190,0.4842,0.9200,20000,0.0050,7,82
Ceiling (flagged lines),190,0.5263,1.0000,20000,0.0050,7,82
Risk score,200,0.4650,0.9300,20000,0.0050,7,82
Number of tests hit,200,0.4100,0.8200,20000,0.0050,7,82
Amount only,200,0.2600,0.5200,20000,0.0050,7,82
Random flagged lines,200,0.0300,0.0600,20000,0.0050,7,82
Isolation Forest,200,0.3700,0.7400,20000,0.0050,7,82
Rarity only (priors = 1),200,0.4600,0.9200,20000,0.0050,7,82
Priors only (no rarity),200,0.4150,0.8300,20000,0.0050,7,82
Date tests not collapsed,200,0.4650,0.9300,20000,0.0050,7,82
No amount multiplier,200,0.4100,0.8200,20000,0.0050,7,82
No Benford diversity scaling,200,0.4650,0.9300,20000,0.0050,7,82
Ceiling (flagged lines),200,0.5000,1.0000,20000,0.0050,7,82
Risk score,210,0.4429,0.9300,20000,0.0050,7,82
Number of tests hit,210,0.3905,0.8200,20000,0.0050,7,82
Amount only,210,0.2476,0.5200,20000,0.0050,7,82
Random flagged lines,210,0.0286,0.0600,20000,0.0050,7,82
Isolation Forest,210,0.3524,0.7400,20000,0.0050,7,82
Rarity only (priors = 1),210,0.4381,0.9200,20000,0.0050,7,82
Priors only (no rarity),210,0.3952,0.8300,20000,0.0050,7,82
Date tests not collapsed,210,0.4429,0.9300,20000,0.0050,7,82
No amount multiplier,210,0.3905,0.8200,20000,0.0050,7,82
No Benford diversity scaling,210,0.4429,0.9300,20000,0.0050,7,82
Ceiling (flagged lines),210,0.4762,1.0000,20000,0.0050,7,82
Risk score,220,0.4227,0.9300,20000,0.0050,7,82
Number of tests hit,220,0.3727,0.8200,20000,0.0050,7,82
Amount only,220,0.2364,0.5200,20000,0.0050,7,82
Random flagged lines,220,0.0273,0.0600,20000,0.0050,7,82
Isolation Forest,220,0.3364,0.7400,20000,0.0050,7,82
Rarity only (priors = 1),220,0.4182,0.9200,20000,0.0050,7,82
Priors only (no rarity),220,0.3864,0.8500,20000,0.0050,7,82
Date tests not collapsed,220,0.4227,0.9300,20000,0.0050,7,82
No amount multiplier,220,0.3727,0.8200,20000,0.0050,7,82
No Benford diversity scaling,220,0.4227,0.9300,20000,0.0050,7,82
Ceiling (flagged lines),220,0.4545,1.0000,20000,0.0050,7,82
Risk score,230,0.4087,0.9400,20000,0.0050,7,82
Number of tests hit,230,0.3565,0.8200,20000,0.0050,7,82
Amount only,230,0.2261,0.5200,20000,0.0050,7,82
Random flagged lines,230,0.0304,0.0700,20000,0.0050,7,82
Isolation Forest,230,0.3348,0.7700,20000,0.0050,7,82
Rarity only (priors = 1),230,0.4000,0.9200,20000,0.0050,7,82
Priors only (no rarity),230,0.3696,0.8500,20000,0.0050,7,82
Date tests not collapsed,230,0.4087,0.9400,20000,0.0050,7,82
No amount multiplier,230,0.3565,0.8200,20000,0.0050,7,82
No Benford diversity scaling,230,0.4087,0.9400,20000,0.0050,7,82
Ceiling (flagged lines),230,0.4348,1.0000,20000,0.0050,7,82
Risk score,240,0.3958,0.9500,20000,0.0050,7,82
Number of tests hit,240,0.3417,0.8200,20000,0.0050,7,82
Amount only,240,0.2167,0.5200,20000,0.0050,7,82
Random flagged lines,240,0.0292,0.0700,20000,0.0050,7,82
Isolation Forest,240,0.3208,0.7700,20000,0.0050,7,82
Rarity only (priors = 1),240,0.3833,0.9200,20000,0.0050,7,82
Priors only (no rarity),240,0.3542,0.8500,20000,0.0050,7,82
Date tests not collapsed,240,0.3958,0.9500,20000,0.0050,7,82
No amount multiplier,240,0.3417,0.8200,20000,0.0050,7,82
No Benford diversity scaling,240,0.3958,0.9500,20000,0.0050,7,82
Ceiling (flagged lines),240,0.4167,1.0000,20000,0.0050,7,82
Risk score,250,0.3800,0.9500,20000,0.0050,7,82
Number of tests hit,250,0.3280,0.8200,20000,0.0050,7,82
Amount only,250,0.2120,0.5300,20000,0.0050,7,82
Random flagged lines,250,0.0280,0.0700,20000,0.0050,7,82
Isolation Forest,250,0.3120,0.7800,20000,0.0050,7,82
Rarity only (priors = 1),250,0.3680,0.9200,20000,0.0050,7,82
Priors only (no rarity),250,0.3400,0.8500,20000,0.0050,7,82
Date tests not collapsed,250,0.3800,0.9500,20000,0.0050,7,82
No amount multiplier,250,0.3280,0.8200,20000,0.0050,7,82
No Benford diversity scaling,250,0.3800,0.9500,20000,0.0050,7,82
Ceiling (flagged lines),250,0.4000,1.0000,20000,0.0050,7,82
Risk score,260,0.3654,0.9500,20000,0.0050,7,82
Number of tests hit,260,0.3154,0.8200,20000,0.0050,7,82
Amount only,260,0.2077,0.5400,20000,0.0050,7,82
Random flagged lines,260,0.0269,0.0700,20000,0.0050,7,82
Isolation Forest,260,0.3000,0.7800,20000,0.0050,7,82
Rarity only (priors = 1),260,0.3538,0.9200,20000,0.0050,7,82
Priors only (no rarity),260,0.3308,0.8600,20000,0.0050,7,82
Date tests not collapsed,260,0.3654,0.9500,20000,0.0050,7,82
No amount multiplier,260,0.3154,0.8200,20000,0.0050,7,82
No Benford diversity scaling,260,0.3654,0.9500,20000,0.0050,7,82
Ceiling (flagged lines),260,0.3846,1.0000,20000,0.0050,7,82
Risk score,270,0.3519,0.9500,20000,0.0050,7,82
Number of tests hit,270,0.3037,0.8200,20000,0.0050,7,82
Amount only,270,0.2000,0.5400,20000,0.0050,7,82
Random flagged lines,270,0.0259,0.0700,20000,0.0050,7,82
Isolation Forest,270,0.2889,0.7800,20000,0.0050,7,82
Rarity only (priors = 1),270,0.3444,0.9300,20000,0.0050,7,82
Priors only (no rarity),270,0.3259,0.8800,20000,0.0050,7,82
Date tests not collapsed,270,0.3519,0.9500,20000,0.0050,7,82
No amount multiplier,270,0.3259,0.8800,20000,0.0050,7,82
No Benford diversity scaling,270,0.3519,0.9500,20000,0.0050,7,82
Ceiling (flagged lines),270,0.3704,1.0000,20000,0.0050,7,82
Risk score,280,0.3393,0.9500,20000,0.0050,7,82
Number of tests hit,280,0.2929,0.8200,20000,0.0050,7,82
Amount only,280,0.2036,0.5700,20000,0.0050,7,82
Random flagged lines,280,0.0250,0.0700,20000,0.0050,7,82
Isolation Forest,280,0.2857,0.8000,20000,0.0050,7,82
Rarity only (priors = 1),280,0.3393,0.9500,20000,0.0050,7,82
Priors only (no rarity),280,0.3179,0.8900,20000,0.0050,7,82
Date tests not collapsed,280,0.3393,0.9500,20000,0.0050,7,82
No amount multiplier,280,0.3143,0.8800,20000,0.0050,7,82
No Benford diversity scaling,280,0.3393,0.9500,20000,0.0050,7,82
Ceiling (flagged lines),280,0.3571,1.0000,20000,0.0050,7,82
Risk score,290,0.3276,0.9500,20000,0.0050,7,82
Number of tests hit,290,0.2828,0.8200,20000,0.0050,7,82
Amount only,290,0.1966,0.5700,20000,0.0050,7,82
Random flagged lines,290,0.0241,0.0700,20000,0.0050,7,82
Isolation Forest,290,0.2759,0.8000,20000,0.0050,7,82
Rarity only (priors = 1),290,0.3276,0.9500,20000,0.0050,7,82
Priors only (no rarity),290,0.3103,0.9000,20000,0.0050,7,82
Date tests not collapsed,290,0.3276,0.9500,20000,0.0050,7,82
No amount multiplier,290,0.3034,0.8800,20000,0.0050,7,82
No Benford diversity scaling,290,0.3276,0.9500,20000,0.0050,7,82
Ceiling (flagged lines),290,0.3448,1.0000,20000,0.0050,7,82
Risk score,300,0.3167,0.9500,20000,0.0050,7,82
Number of tests hit,300,0.2733,0.8200,20000,0.0050,7,82
Amount only,300,0.1900,0.5700,20000,0.0050,7,82
Random flagged lines,300,0.0233,0.0700,20000,0.0050,7,82
Isolation Forest,300,0.2667,0.8000,20000,0.0050,7,82
Rarity only (priors = 1),300,0.3167,0.9500,20000,0.0050,7,82
Priors only (no rarity),300,0.3000,0.9000,20000,0.0050,7,82
Date tests not collapsed,300,0.3167,0.9500,20000,0.0050,7,82
No amount multiplier,300,0.2933,0.8800,20000,0.0050,7,82
No Benford diversity scaling,300,0.3167,0.9500,20000,0.0050,7,82
Ceiling (flagged lines),300,0.3333,1.0000,20000,0.0050,7,82
Risk score,10,1.0000,0.1000,20000,0.0050,8,82
Number of tests hit,10,1.0000,0.1000,20000,0.0050,8,82
Amount only,10,0.6000,0.0600,20000,0.0050,8,82
Random flagged lines,10,0.0000,0.0000,20000,0.0050,8,82
Isolation Forest,10,1.0000,0.1000,20000,0.0050,8,82
Rarity only (priors = 1),10,1.0000,0.1000,20000,0.0050,8,82
Priors only (no rarity),10,1.0000,0.1000,20000,0.0050,8,82
Date tests not collapsed,10,1.0000,0.1000,20000,0.0050,8,82
No amount multiplier,10,1.0000,0.1000,20000,0.0050,8,82
No Benford diversity scaling,10,1.0000,0.1000,20000,0.0050,8,82
Ceiling (flagged lines),10,1.0000,1.0000,20000,0.0050,8,82
Risk score,20,1.0000,0.2000,20000,0.0050,8,82
Number of tests hit,20,1.0000,0.2000,20000,0.0050,8,82
Amount only,20,0.7500,0.1500,20000,0.0050,8,82
Random flagged lines,20,0.0000,0.0000,20000,0.0050,8,82
Isolation Forest,20,0.9500,0.1900,20000,0.0050,8,82
Rarity only (priors = 1),20,1.0000,0.2000,20000,0.0050,8,82
Priors only (no rarity),20,1.0000,0.2000,20000,0.0050,8,82
Date tests not collapsed,20,1.0000,0.2000,20000,0.0050,8,82
No amount multiplier,20,1.0000,0.2000,20000,0.0050,8,82
No Benford diversity scaling,20,1.0000,0.2000,20000,0.0050,8,82
Ceiling (flagged lines),20,1.0000,1.0000,20000,0.0050,8,82
Risk score,30,1.0000,0.3000,20000,0.0050,8,82
Number of tests hit,30,1.0000,0.3000,20000,0.0050,8,82
Amount only,30,0.7000,0.2100,20000,0.0050,8,82
Random flagged lines,30,0.0000,0.0000,20000,0.0050,8,82
Isolation Forest,30,0.8667,0.2600,20000,0.0050,8,82
Rarity only (priors = 1),30,1.0000,0.3000,20000,0.0050,8,82
Priors only (no rarity),30,1.0000,0.3000,20000,0.0050,8,82
Date tests not collapsed,30,1.0000,0.3000,20000,0.0050,8,82
No amount multiplier,30,1.0000,0.3000,20000,0.0050,8,82
No Benford diversity scaling,30,1.0000,0.3000,20000,0.0050,8,82
Ceiling (flagged lines),30,1.0000,1.0000,20000,0.0050,8,82
Risk score,40,1.0000,0.4000,20000,0.0050,8,82
Number of tests hit,40,1.0000,0.4000,20000,0.0050,8,82
Amount only,40,0.7000,0.2800,20000,0.0050,8,82
Random flagged lines,40,0.0000,0.0000,20000,0.0050,8,82
Isolation Forest,40,0.9000,0.3600,20000,0.0050,8,82
Rarity only (priors = 1),40,1.0000,0.4000,20000,0.0050,8,82
Priors only (no rarity),40,1.0000,0.4000,20000,0.0050,8,82
Date tests not collapsed,40,1.0000,0.4000,20000,0.0050,8,82
No amount multiplier,40,1.0000,0.4000,20000,0.0050,8,82
No Benford diversity scaling,40,1.0000,0.4000,20000,0.0050,8,82
Ceiling (flagged lines),40,1.0000,1.0000,20000,0.0050,8,82
Risk score,50,1.0000,0.5000,20000,0.0050,8,82
Number of tests hit,50,1.0000,0.5000,20000,0.0050,8,82
Amount only,50,0.6800,0.3400,20000,0.0050,8,82
Random flagged lines,50,0.0200,0.0100,20000,0.0050,8,82
Isolation Forest,50,0.8200,0.4100,20000,0.0050,8,82
Rarity only (priors = 1),50,1.0000,0.5000,20000,0.0050,8,82
Priors only (no rarity),50,1.0000,0.5000,20000,0.0050,8,82
Date tests not collapsed,50,1.0000,0.5000,20000,0.0050,8,82
No amount multiplier,50,1.0000,0.5000,20000,0.0050,8,82
No Benford diversity scaling,50,1.0000,0.5000,20000,0.0050,8,82
Ceiling (flagged lines),50,1.0000,1.0000,20000,0.0050,8,82
Risk score,60,1.0000,0.6000,20000,0.0050,8,82
Number of tests hit,60,0.8333,0.5000,20000,0.0050,8,82
Amount only,60,0.6333,0.3800,20000,0.0050,8,82
Random flagged lines,60,0.0167,0.0100,20000,0.0050,8,82
Isolation Forest,60,0.8000,0.4800,20000,0.0050,8,82
Rarity only (priors = 1),60,1.0000,0.6000,20000,0.0050,8,82
Priors only (no rarity),60,0.9000,0.5400,20000,0.0050,8,82
Date tests not collapsed,60,1.0000,0.6000,20000,0.0050,8,82
No amount multiplier,60,0.9667,0.5800,20000,0.0050,8,82
No Benford diversity scaling,60,1.0000,0.6000,20000,0.0050,8,82
Ceiling (flagged lines),60,1.0000,1.0000,20000,0.0050,8,82
Risk score,70,0.9429,0.6600,20000,0.0050,8,82
Number of tests hit,70,0.8571,0.6000,20000,0.0050,8,82
Amount only,70,0.5857,0.4100,20000,0.0050,8,82
Random flagged lines,70,0.0429,0.0300,20000,0.0050,8,82
Isolation Forest,70,0.7143,0.5000,20000,0.0050,8,82
Rarity only (priors = 1),70,0.9857,0.6900,20000,0.0050,8,82
Priors only (no rarity),70,0.8714,0.6100,20000,0.0050,8,82
Date tests not collapsed,70,0.9429,0.6600,20000,0.0050,8,82
No amount multiplier,70,0.9429,0.6600,20000,0.0050,8,82
No Benford diversity scaling,70,0.9429,0.6600,20000,0.0050,8,82
Ceiling (flagged lines),70,1.0000,1.0000,20000,0.0050,8,82
Risk score,80,0.8875,0.7100,20000,0.0050,8,82
Number of tests hit,80,0.8375,0.6700,20000,0.0050,8,82
Amount only,80,0.5375,0.4300,20000,0.0050,8,82
Random flagged lines,80,0.0500,0.0400,20000,0.0050,8,82
Isolation Forest,80,0.7000,0.5600,20000,0.0050,8,82
Rarity only (priors = 1),80,0.9250,0.7400,20000,0.0050,8,82
Priors only (no rarity),80,0.8375,0.6700,20000,0.0050,8,82
Date tests not collapsed,80,0.8875,0.7100,20000,0.0050,8,82
No amount multiplier,80,0.8625,0.6900,20000,0.0050,8,82
No Benford diversity scaling,80,0.8875,0.7100,20000,0.0050,8,82
Ceiling (flagged lines),80,1.0000,1.0000,20000,0.0050,8,82
Risk score,82,0.8902,0.7300,20000,0.0050,8,82
Number of tests hit,82,0.8171,0.6700,20000,0.0050,8,82
Amount only,82,0.5244,0.4300,20000,0.0050,8,82
Random flagged lines,82,0.0488,0.0400,20000,0.0050,8,82
Isolation Forest,82,0.6829,0.5600,20000,0.0050,8,82
Rarity only (priors = 1),82,0.9024,0.7400,20000,0.0050,8,82
Priors only (no rarity),82,0.8293,0.6800,20000,0.0050,8,82
Date tests not collapsed,82,0.8902,0.7300,20000,0.0050,8,82
No amount multiplier,82,0.8415,0.6900,20000,0.0050,8,82
No Benford diversity scaling,82,0.8902,0.7300,20000,0.0050,8,82
Ceiling (flagged lines),82,1.0000,1.0000,20000,0.0050,8,82
Risk score,90,0.8444,0.7600,20000,0.0050,8,82
Number of tests hit,90,0.7556,0.6800,20000,0.0050,8,82
Amount only,90,0.4778,0.4300,20000,0.0050,8,82
Random flagged lines,90,0.0444,0.0400,20000,0.0050,8,82
Isolation Forest,90,0.6333,0.5700,20000,0.0050,8,82
Rarity only (priors = 1),90,0.8556,0.7700,20000,0.0050,8,82
Priors only (no rarity),90,0.8000,0.7200,20000,0.0050,8,82
Date tests not collapsed,90,0.8444,0.7600,20000,0.0050,8,82
No amount multiplier,90,0.8000,0.7200,20000,0.0050,8,82
No Benford diversity scaling,90,0.8444,0.7600,20000,0.0050,8,82
Ceiling (flagged lines),90,1.0000,1.0000,20000,0.0050,8,82
Risk score,100,0.7700,0.7700,20000,0.0050,8,82
Number of tests hit,100,0.7400,0.7400,20000,0.0050,8,82
Amount only,100,0.4700,0.4700,20000,0.0050,8,82
Random flagged lines,100,0.0500,0.0500,20000,0.0050,8,82
Isolation Forest,100,0.6100,0.6100,20000,0.0050,8,82
Rarity only (priors = 1),100,0.8000,0.8000,20000,0.0050,8,82
Priors only (no rarity),100,0.7500,0.7500,20000,0.0050,8,82
Date tests not collapsed,100,0.7700,0.7700,20000,0.0050,8,82
No amount multiplier,100,0.7300,0.7300,20000,0.0050,8,82
No Benford diversity scaling,100,0.7700,0.7700,20000,0.0050,8,82
Ceiling (flagged lines),100,1.0000,1.0000,20000,0.0050,8,82
Risk score,110,0.7273,0.8000,20000,0.0050,8,82
Number of tests hit,110,0.6818,0.7500,20000,0.0050,8,82
Amount only,110,0.4545,0.5000,20000,0.0050,8,82
Random flagged lines,110,0.0545,0.0600,20000,0.0050,8,82
Isolation Forest,110,0.5545,0.6100,20000,0.0050,8,82
Rarity only (priors = 1),110,0.7364,0.8100,20000,0.0050,8,82
Priors only (no rarity),110,0.7091,0.7800,20000,0.0050,8,82
Date tests not collapsed,110,0.7273,0.8000,20000,0.0050,8,82
No amount multiplier,110,0.6727,0.7400,20000,0.0050,8,82
No Benford diversity scaling,110,0.7273,0.8000,20000,0.0050,8,82
Ceiling (flagged lines),110,0.9091,1.0000,20000,0.0050,8,82
Risk score,120,0.7083,0.8500,20000,0.0050,8,82
Number of tests hit,120,0.6333,0.7600,20000,0.0050,8,82
Amount only,120,0.4333,0.5200,20000,0.0050,8,82
Random flagged lines,120,0.0500,0.0600,20000,0.0050,8,82
Isolation Forest,120,0.5167,0.6200,20000,0.0050,8,82
Rarity only (priors = 1),120,0.7000,0.8400,20000,0.0050,8,82
Priors only (no rarity),120,0.6500,0.7800,20000,0.0050,8,82
Date tests not collapsed,120,0.7083,0.8500,20000,0.0050,8,82
No amount multiplier,120,0.6167,0.7400,20000,0.0050,8,82
No Benford diversity scaling,120,0.7083,0.8500,20000,0.0050,8,82
Ceiling (flagged lines),120,0.8333,1.0000,20000,0.0050,8,82
Risk score,130,0.6769,0.8800,20000,0.0050,8,82
Number of tests hit,130,0.5846,0.7600,20000,0.0050,8,82
Amount only,130,0.4077,0.5300,20000,0.0050,8,82
Random flagged lines,130,0.0462,0.0600,20000,0.0050,8,82
Isolation Forest,130,0.5000,0.6500,20000,0.0050,8,82
Rarity only (priors = 1),130,0.6769,0.8800,20000,0.0050,8,82
Priors only (no rarity),130,0.6077,0.7900,20000,0.0050,8,82
Date tests not collapsed,130,0.6769,0.8800,20000,0.0050,8,82
No amount multiplier,130,0.5692,0.7400,20000,0.0050,8,82
No Benford diversity scaling,130,0.6769,0.8800,20000,0.0050,8,82
Ceiling (flagged lines),130,0.7692,1.0000,20000,0.0050,8,82
Risk score,140,0.6429,0.9000,20000,0.0050,8,82
Number of tests hit,140,0.5429,0.7600,20000,0.0050,8,82
Amount only,140,0.3929,0.5500,20000,0.0050,8,82
Random flagged lines,140,0.0429,0.0600,20000,0.0050,8,82
Isolation Forest,140,0.4786,0.6700,20000,0.0050,8,82
Rarity only (priors = 1),140,0.6500,0.9100,20000,0.0050,8,82
Priors only (no rarity),140,0.5643,0.7900,20000,0.0050,8,82
Date tests not collapsed,140,0.6429,0.9000,20000,0.0050,8,82
No amount multiplier,140,0.5286,0.7400,20000,0.0050,8,82
No Benford diversity scaling,140,0.6429,0.9000,20000,0.0050,8,82
Ceiling (flagged lines),140,0.7143,1.0000,20000,0.0050,8,82
Risk score,150,0.6133,0.9200,20000,0.0050,8,82
Number of tests hit,150,0.5067,0.7600,20000,0.0050,8,82
Amount only,150,0.3733,0.5600,20000,0.0050,8,82
Random flagged lines,150,0.0400,0.0600,20000,0.0050,8,82
Isolation Forest,150,0.4467,0.6700,20000,0.0050,8,82
Rarity only (priors = 1),150,0.6067,0.9100,20000,0.0050,8,82
Priors only (no rarity),150,0.5267,0.7900,20000,0.0050,8,82
Date tests not collapsed,150,0.6133,0.9200,20000,0.0050,8,82
No amount multiplier,150,0.4933,0.7400,20000,0.0050,8,82
No Benford diversity scaling,150,0.6133,0.9200,20000,0.0050,8,82
Ceiling (flagged lines),150,0.6667,1.0000,20000,0.0050,8,82
Risk score,160,0.5750,0.9200,20000,0.0050,8,82
Number of tests hit,160,0.4750,0.7600,20000,0.0050,8,82
Amount only,160,0.3500,0.5600,20000,0.0050,8,82
Random flagged lines,160,0.0437,0.0700,20000,0.0050,8,82
Isolation Forest,160,0.4250,0.6800,20000,0.0050,8,82
Rarity only (priors = 1),160,0.5750,0.9200,20000,0.0050,8,82
Priors only (no rarity),160,0.4938,0.7900,20000,0.0050,8,82
Date tests not collapsed,160,0.5750,0.9200,20000,0.0050,8,82
No amount multiplier,160,0.4625,0.7400,20000,0.0050,8,82
No Benford diversity scaling,160,0.5750,0.9200,20000,0.0050,8,82
Ceiling (flagged lines),160,0.6250,1.0000,20000,0.0050,8,82
Risk score,170,0.5412,0.9200,20000,0.0050,8,82
Number of tests hit,170,0.4471,0.7600,20000,0.0050,8,82
Amount only,170,0.3353,0.5700,20000,0.0050,8,82
Random flagged lines,170,0.0412,0.0700,20000,0.0050,8,82
Isolation Forest,170,0.4000,0.6800,20000,0.0050,8,82
Rarity only (priors = 1),170,0.5412,0.9200,20000,0.0050,8,82
Priors only (no rarity),170,0.4647,0.7900,20000,0.0050,8,82
Date tests not collapsed,170,0.5412,0.9200,20000,0.0050,8,82
No amount multiplier,170,0.4353,0.7400,20000,0.0050,8,82
No Benford diversity scaling,170,0.5412,0.9200,20000,0.0050,8,82
Ceiling (flagged lines),170,0.5882,1.0000,20000,0.0050,8,82
Risk score,180,0.5111,0.9200,20000,0.0050,8,82
Number of tests hit,180,0.4222,0.7600,20000,0.0050,8,82
Amount only,180,0.3167,0.5700,20000,0.0050,8,82
Random flagged lines,180,0.0389,0.0700,20000,0.0050,8,82
Isolation Forest,180,0.3778,0.6800,20000,0.0050,8,82
Rarity only (priors = 1),180,0.5111,0.9200,20000,0.0050,8,82
Priors only (no rarity),180,0.4444,0.8000,20000,0.0050,8,82
Date tests not collapsed,180,0.5111,0.9200,20000,0.0050,8,82
No amount multiplier,180,0.4111,0.7400,20000,0.0050,8,82
No Benford diversity scaling,180,0.5111,0.9200,20000,0.0050,8,82
Ceiling (flagged lines),180,0.5556,1.0000,20000,0.0050,8,82
Risk score,190,0.4842,0.9200,20000,0.0050,8,82
Number of tests hit,190,0.4000,0.7600,20000,0.0050,8,82
Amount only,190,0.3000,0.5700,20000,0.0050,8,82
Random flagged lines,190,0.0368,0.0700,20000,0.0050,8,82
Isolation Forest,190,0.3579,0.6800,20000,0.0050,8,82
Rarity only (priors = 1),190,0.4842,0.9200,20000,0.0050,8,82
Priors only (no rarity),190,0.4211,0.8000,20000,0.0050,8,82
Date tests not collapsed,190,0.4842,0.9200,20000,0.0050,8,82
No amount multiplier,190,0.3895,0.7400,20000,0.0050,8,82
No Benford diversity scaling,190,0.4842,0.9200,20000,0.0050,8,82
Ceiling (flagged lines),190,0.5263,1.0000,20000,0.0050,8,82
Risk score,200,0.4600,0.9200,20000,0.0050,8,82
Number of tests hit,200,0.3800,0.7600,20000,0.0050,8,82
Amount only,200,0.2850,0.5700,20000,0.0050,8,82
Random flagged lines,200,0.0350,0.0700,20000,0.0050,8,82
Isolation Forest,200,0.3400,0.6800,20000,0.0050,8,82
Rarity only (priors = 1),200,0.4600,0.9200,20000,0.0050,8,82
Priors only (no rarity),200,0.4050,0.8100,20000,0.0050,8,82
Date tests not collapsed,200,0.4600,0.9200,20000,0.0050,8,82
No amount multiplier,200,0.3700,0.7400,20000,0.0050,8,82
No Benford diversity scaling,200,0.4600,0.9200,20000,0.0050,8,82
Ceiling (flagged lines),200,0.5000,1.0000,20000,0.0050,8,82
Risk score,210,0.4381,0.9200,20000,0.0050,8,82
Number of tests hit,210,0.3619,0.7600,20000,0.0050,8,82
Amount only,210,0.2762,0.5800,20000,0.0050,8,82
Random flagged lines,210,0.0333,0.0700,20000,0.0050,8,82
Isolation Forest,210,0.3238,0.6800,20000,0.0050,8,82
Rarity only (priors = 1),210,0.4381,0.9200,20000,0.0050,8,82
Priors only (no rarity),210,0.3952,0.8300,20000,0.0050,8,82
Date tests not collapsed,210,0.4381,0.9200,20000,0.0050,8,82
No amount multiplier,210,0.3524,0.7400,20000,0.0050,8,82
No Benford diversity scaling,210,0.4381,0.9200,20000,0.0050,8,82
Ceiling (flagged lines),210,0.4762,1.0000,20000,0.0050,8,82
Risk score,220,0.4182,0.9200,20000,0.0050,8,82
Number of tests hit,220,0.3455,0.7600,20000,0.0050,8,82
Amount only,220,0.2727,0.6000,20000,0.0050,8,82
Random flagged lines,220,0.0318,0.0700,20000,0.0050,8,82
Isolation Forest,220,0.3091,0.6800,20000,0.0050,8,82
Rarity only (priors = 1),220,0.4182,0.9200,20000,0.0050,8,82
Priors only (no rarity),220,0.3818,0.8400,20000,0.0050,8,82
Date tests not collapsed,220,0.4182,0.9200,20000,0.0050,8,82
No amount multiplier,220,0.3409,0.7500,20000,0.0050,8,82
No Benford diversity scaling,220,0.4182,0.9200,20000,0.0050,8,82
Ceiling (flagged lines),220,0.4545,1.0000,20000,0.0050,8,82
Risk score,230,0.4000,0.9200,20000,0.0050,8,82
Number of tests hit,230,0.3304,0.7600,20000,0.0050,8,82
Amount only,230,0.2652,0.6100,20000,0.0050,8,82
Random flagged lines,230,0.0304,0.0700,20000,0.0050,8,82
Isolation Forest,230,0.2957,0.6800,20000,0.0050,8,82
Rarity only (priors = 1),230,0.4043,0.9300,20000,0.0050,8,82
Priors only (no rarity),230,0.3696,0.8500,20000,0.0050,8,82
Date tests not collapsed,230,0.4000,0.9200,20000,0.0050,8,82
No amount multiplier,230,0.3391,0.7800,20000,0.0050,8,82
No Benford diversity scaling,230,0.4000,0.9200,20000,0.0050,8,82
Ceiling (flagged lines),230,0.4348,1.0000,20000,0.0050,8,82
Risk score,240,0.3875,0.9300,20000,0.0050,8,82
Number of tests hit,240,0.3167,0.7600,20000,0.0050,8,82
Amount only,240,0.2542,0.6100,20000,0.0050,8,82
Random flagged lines,240,0.0292,0.0700,20000,0.0050,8,82
Isolation Forest,240,0.2833,0.6800,20000,0.0050,8,82
Rarity only (priors = 1),240,0.3958,0.9500,20000,0.0050,8,82
Priors only (no rarity),240,0.3542,0.8500,20000,0.0050,8,82
Date tests not collapsed,240,0.3875,0.9300,20000,0.0050,8,82
No amount multiplier,240,0.3292,0.7900,20000,0.0050,8,82
No Benford diversity scaling,240,0.3875,0.9300,20000,0.0050,8,82
Ceiling (flagged lines),240,0.4167,1.0000,20000,0.0050,8,82
Risk score,250,0.3720,0.9300,20000,0.0050,8,82
Number of tests hit,250,0.3040,0.7600,20000,0.0050,8,82
Amount only,250,0.2480,0.6200,20000,0.0050,8,82
Random flagged lines,250,0.0280,0.0700,20000,0.0050,8,82
Isolation Forest,250,0.2760,0.6900,20000,0.0050,8,82
Rarity only (priors = 1),250,0.3800,0.9500,20000,0.0050,8,82
Priors only (no rarity),250,0.3400,0.8500,20000,0.0050,8,82
Date tests not collapsed,250,0.3720,0.9300,20000,0.0050,8,82
No amount multiplier,250,0.3200,0.8000,20000,0.0050,8,82
No Benford diversity scaling,250,0.3720,0.9300,20000,0.0050,8,82
Ceiling (flagged lines),250,0.4000,1.0000,20000,0.0050,8,82
Risk score,260,0.3577,0.9300,20000,0.0050,8,82
Number of tests hit,260,0.2923,0.7600,20000,0.0050,8,82
Amount only,260,0.2423,0.6300,20000,0.0050,8,82
Random flagged lines,260,0.0269,0.0700,20000,0.0050,8,82
Isolation Forest,260,0.2654,0.6900,20000,0.0050,8,82
Rarity only (priors = 1),260,0.3654,0.9500,20000,0.0050,8,82
Priors only (no rarity),260,0.3308,0.8600,20000,0.0050,8,82
Date tests not collapsed,260,0.3577,0.9300,20000,0.0050,8,82
No amount multiplier,260,0.3077,0.8000,20000,0.0050,8,82
No Benford diversity scaling,260,0.3577,0.9300,20000,0.0050,8,82
Ceiling (flagged lines),260,0.3846,1.0000,20000,0.0050,8,82
Risk score,270,0.3444,0.9300,20000,0.0050,8,82
Number of tests hit,270,0.2815,0.7600,20000,0.0050,8,82
Amount only,270,0.2333,0.6300,20000,0.0050,8,82
Random flagged lines,270,0.0296,0.0800,20000,0.0050,8,82
Isolation Forest,270,0.2593,0.7000,20000,0.0050,8,82
Rarity only (priors = 1),270,0.3519,0.9500,20000,0.0050,8,82
Priors only (no rarity),270,0.3185,0.8600,20000,0.0050,8,82
Date tests not collapsed,270,0.3444,0.9300,20000,0.0050,8,82
No amount multiplier,270,0.2963,0.8000,20000,0.0050,8,82
No Benford diversity scaling,270,0.3444,0.9300,20000,0.0050,8,82
Ceiling (flagged lines),270,0.3704,1.0000,20000,0.0050,8,82
Risk score,280,0.3321,0.9300,20000,0.0050,8,82
Number of tests hit,280,0.2714,0.7600,20000,0.0050,8,82
Amount only,280,0.2250,0.6300,20000,0.0050,8,82
Random flagged lines,280,0.0357,0.1000,20000,0.0050,8,82
Isolation Forest,280,0.2536,0.7100,20000,0.0050,8,82
Rarity only (priors = 1),280,0.3429,0.9600,20000,0.0050,8,82
Priors only (no rarity),280,0.3071,0.8600,20000,0.0050,8,82
Date tests not collapsed,280,0.3321,0.9300,20000,0.0050,8,82
No amount multiplier,280,0.2857,0.8000,20000,0.0050,8,82
No Benford diversity scaling,280,0.3321,0.9300,20000,0.0050,8,82
Ceiling (flagged lines),280,0.3571,1.0000,20000,0.0050,8,82
Risk score,290,0.3207,0.9300,20000,0.0050,8,82
Number of tests hit,290,0.2621,0.7600,20000,0.0050,8,82
Amount only,290,0.2207,0.6400,20000,0.0050,8,82
Random flagged lines,290,0.0345,0.1000,20000,0.0050,8,82
Isolation Forest,290,0.2448,0.7100,20000,0.0050,8,82
Rarity only (priors = 1),290,0.3310,0.9600,20000,0.0050,8,82
Priors only (no rarity),290,0.2966,0.8600,20000,0.0050,8,82
Date tests not collapsed,290,0.3207,0.9300,20000,0.0050,8,82
No amount multiplier,290,0.2759,0.8000,20000,0.0050,8,82
No Benford diversity scaling,290,0.3207,0.9300,20000,0.0050,8,82
Ceiling (flagged lines),290,0.3448,1.0000,20000,0.0050,8,82
Risk score,300,0.3100,0.9300,20000,0.0050,8,82
Number of tests hit,300,0.2533,0.7600,20000,0.0050,8,82
Amount only,300,0.2133,0.6400,20000,0.0050,8,82
Random flagged lines,300,0.0333,0.1000,20000,0.0050,8,82
Isolation Forest,300,0.2400,0.7200,20000,0.0050,8,82
Rarity only (priors = 1),300,0.3200,0.9600,20000,0.0050,8,82
Priors only (no rarity),300,0.2867,0.8600,20000,0.0050,8,82
Date tests not collapsed,300,0.3100,0.9300,20000,0.0050,8,82
No amount multiplier,300,0.2667,0.8000,20000,0.0050,8,82
No Benford diversity scaling,300,0.3100,0.9300,20000,0.0050,8,82
Ceiling (flagged lines),300,0.3333,1.0000,20000,0.0050,8,82
Risk score,10,1.0000,0.1000,20000,0.0050,9,82
Number of tests hit,10,1.0000,0.1000,20000,0.0050,9,82
Amount only,10,0.5000,0.0500,20000,0.0050,9,82
Random flagged lines,10,0.0000,0.0000,20000,0.0050,9,82
Isolation Forest,10,1.0000,0.1000,20000,0.0050,9,82
Rarity only (priors = 1),10,1.0000,0.1000,20000,0.0050,9,82
Priors only (no rarity),10,1.0000,0.1000,20000,0.0050,9,82
Date tests not collapsed,10,1.0000,0.1000,20000,0.0050,9,82
No amount multiplier,10,1.0000,0.1000,20000,0.0050,9,82
No Benford diversity scaling,10,1.0000,0.1000,20000,0.0050,9,82
Ceiling (flagged lines),10,1.0000,1.0000,20000,0.0050,9,82
Risk score,20,1.0000,0.2000,20000,0.0050,9,82
Number of tests hit,20,1.0000,0.2000,20000,0.0050,9,82
Amount only,20,0.6000,0.1200,20000,0.0050,9,82
Random flagged lines,20,0.0000,0.0000,20000,0.0050,9,82
Isolation Forest,20,1.0000,0.2000,20000,0.0050,9,82
Rarity only (priors = 1),20,1.0000,0.2000,20000,0.0050,9,82
Priors only (no rarity),20,1.0000,0.2000,20000,0.0050,9,82
Date tests not collapsed,20,1.0000,0.2000,20000,0.0050,9,82
No amount multiplier,20,1.0000,0.2000,20000,0.0050,9,82
No Benford diversity scaling,20,1.0000,0.2000,20000,0.0050,9,82
Ceiling (flagged lines),20,1.0000,1.0000,20000,0.0050,9,82
Risk score,30,1.0000,0.3000,20000,0.0050,9,82
Number of tests hit,30,1.0000,0.3000,20000,0.0050,9,82
Amount only,30,0.5333,0.1600,20000,0.0050,9,82
Random flagged lines,30,0.0000,0.0000,20000,0.0050,9,82
Isolation Forest,30,0.9333,0.2800,20000,0.0050,9,82
Rarity only (priors = 1),30,1.0000,0.3000,20000,0.0050,9,82
Priors only (no rarity),30,1.0000,0.3000,20000,0.0050,9,82
Date tests not collapsed,30,1.0000,0.3000,20000,0.0050,9,82
No amount multiplier,30,1.0000,0.3000,20000,0.0050,9,82
No Benford diversity scaling,30,1.0000,0.3000,20000,0.0050,9,82
Ceiling (flagged lines),30,1.0000,1.0000,20000,0.0050,9,82
Risk score,40,1.0000,0.4000,20000,0.0050,9,82
Number of tests hit,40,1.0000,0.4000,20000,0.0050,9,82
Amount only,40,0.4250,0.1700,20000,0.0050,9,82
Random flagged lines,40,0.0000,0.0000,20000,0.0050,9,82
Isolation Forest,40,0.8750,0.3500,20000,0.0050,9,82
Rarity only (priors = 1),40,1.0000,0.4000,20000,0.0050,9,82
Priors only (no rarity),40,0.9750,0.3900,20000,0.0050,9,82
Date tests not collapsed,40,1.0000,0.4000,20000,0.0050,9,82
No amount multiplier,40,1.0000,0.4000,20000,0.0050,9,82
No Benford diversity scaling,40,1.0000,0.4000,20000,0.0050,9,82
Ceiling (flagged lines),40,1.0000,1.0000,20000,0.0050,9,82
Risk score,50,0.9800,0.4900,20000,0.0050,9,82
Number of tests hit,50,0.9600,0.4800,20000,0.0050,9,82
Amount only,50,0.4600,0.2300,20000,0.0050,9,82
Random flagged lines,50,0.0000,0.0000,20000,0.0050,9,82
Isolation Forest,50,0.8400,0.4200,20000,0.0050,9,82
Rarity only (priors = 1),50,1.0000,0.5000,20000,0.0050,9,82
Priors only (no rarity),50,0.9400,0.4700,20000,0.0050,9,82
Date tests not collapsed,50,0.9800,0.4900,20000,0.0050,9,82
No amount multiplier,50,0.9400,0.4700,20000,0.0050,9,82
No Benford diversity scaling,50,0.9800,0.4900,20000,0.0050,9,82
Ceiling (flagged lines),50,1.0000,1.0000,20000,0.0050,9,82
Risk score,60,0.9667,0.5800,20000,0.0050,9,82
Number of tests hit,60,0.9167,0.5500,20000,0.0050,9,82
Amount only,60,0.3833,0.2300,20000,0.0050,9,82
Random flagged lines,60,0.0000,0.0000,20000,0.0050,9,82
Isolation Forest,60,0.7667,0.4600,20000,0.0050,9,82
Rarity only (priors = 1),60,0.9833,0.5900,20000,0.0050,9,82
Priors only (no rarity),60,0.8500,0.5100,20000,0.0050,9,82
Date tests not collapsed,60,0.9667,0.5800,20000,0.0050,9,82
No amount multiplier,60,0.8667,0.5200,20000,0.0050,9,82
No Benford diversity scaling,60,0.9667,0.5800,20000,0.0050,9,82
Ceiling (flagged lines),60,1.0000,1.0000,20000,0.0050,9,82
Risk score,70,0.9143,0.6400,20000,0.0050,9,82
Number of tests hit,70,0.8857,0.6200,20000,0.0050,9,82
Amount only,70,0.4143,0.2900,20000,0.0050,9,82
Random flagged lines,70,0.0000,0.0000,20000,0.0050,9,82
Isolation Forest,70,0.7000,0.4900,20000,0.0050,9,82
Rarity only (priors = 1),70,0.9429,0.6600,20000,0.0050,9,82
Priors only (no rarity),70,0.8571,0.6000,20000,0.0050,9,82
Date tests not collapsed,70,0.9143,0.6400,20000,0.0050,9,82
No amount multiplier,70,0.8571,0.6000,20000,0.0050,9,82
No Benford diversity scaling,70,0.9143,0.6400,20000,0.0050,9,82
Ceiling (flagged lines),70,1.0000,1.0000,20000,0.0050,9,82
Risk score,80,0.8750,0.7000,20000,0.0050,9,82
Number of tests hit,80,0.8000,0.6400,20000,0.0050,9,82
Amount only,80,0.3875,0.3100,20000,0.0050,9,82
Random flagged lines,80,0.0125,0.0100,20000,0.0050,9,82
Isolation Forest,80,0.6375,0.5100,20000,0.0050,9,82
Rarity only (priors = 1),80,0.8875,0.7100,20000,0.0050,9,82
Priors only (no rarity),80,0.7750,0.6200,20000,0.0050,9,82
Date tests not collapsed,80,0.8750,0.7000,20000,0.0050,9,82
No amount multiplier,80,0.7875,0.6300,20000,0.0050,9,82
No Benford diversity scaling,80,0.8750,0.7000,20000,0.0050,9,82
Ceiling (flagged lines),80,1.0000,1.0000,20000,0.0050,9,82
Risk score,82,0.8659,0.7100,20000,0.0050,9,82
Number of tests hit,82,0.7927,0.6500,20000,0.0050,9,82
Amount only,82,0.4024,0.3300,20000,0.0050,9,82
Random flagged lines,82,0.0122,0.0100,20000,0.0050,9,82
Isolation Forest,82,0.6341,0.5200,20000,0.0050,9,82
Rarity only (priors = 1),82,0.8659,0.7100,20000,0.0050,9,82
Priors only (no rarity),82,0.7683,0.6300,20000,0.0050,9,82
Date tests not collapsed,82,0.8659,0.7100,20000,0.0050,9,82
No amount multiplier,82,0.7683,0.6300,20000,0.0050,9,82
No Benford diversity scaling,82,0.8659,0.7100,20000,0.0050,9,82
Ceiling (flagged lines),82,1.0000,1.0000,20000,0.0050,9,82
Risk score,90,0.8333,0.7500,20000,0.0050,9,82
Number of tests hit,90,0.7444,0.6700,20000,0.0050,9,82
Amount only,90,0.3778,0.3400,20000,0.0050,9,82
Random flagged lines,90,0.0222,0.0200,20000,0.0050,9,82
Isolation Forest,90,0.5889,0.5300,20000,0.0050,9,82
Rarity only (priors = 1),90,0.8333,0.7500,20000,0.0050,9,82
Priors only (no rarity),90,0.7111,0.6400,20000,0.0050,9,82
Date tests not collapsed,90,0.8333,0.7500,20000,0.0050,9,82
No amount multiplier,90,0.7000,0.6300,20000,0.0050,9,82
No Benford diversity scaling,90,0.8333,0.7500,20000,0.0050,9,82
Ceiling (flagged lines),90,1.0000,1.0000,20000,0.0050,9,82
Risk score,100,0.7800,0.7800,20000,0.0050,9,82
Number of tests hit,100,0.6700,0.6700,20000,0.0050,9,82
Amount only,100,0.3900,0.3900,20000,0.0050,9,82
Random flagged lines,100,0.0200,0.0200,20000,0.0050,9,82
Isolation Forest,100,0.5600,0.5600,20000,0.0050,9,82
Rarity only (priors = 1),100,0.7800,0.7800,20000,0.0050,9,82
Priors only (no rarity),100,0.6500,0.6500,20000,0.0050,9,82
Date tests not collapsed,100,0.7800,0.7800,20000,0.0050,9,82
No amount multiplier,100,0.6600,0.6600,20000,0.0050,9,82
No Benford diversity scaling,100,0.7800,0.7800,20000,0.0050,9,82
Ceiling (flagged lines),100,1.0000,1.0000,20000,0.0050,9,82
Risk score,110,0.7273,0.8000,20000,0.0050,9,82
Number of tests hit,110,0.6091,0.6700,20000,0.0050,9,82
Amount only,110,0.3636,0.4000,20000,0.0050,9,82
Random flagged lines,110,0.0182,0.0200,20000,0.0050,9,82
Isolation Forest,110,0.5182,0.5700,20000,0.0050,9,82
Rarity only (priors = 1),110,0.7455,0.8200,20000,0.0050,9,82
Priors only (no rarity),110,0.6091,0.6700,20000,0.0050,9,82
Date tests not collapsed,110,0.7273,0.8000,20000,0.0050,9,82
No amount multiplier,110,0.6273,0.6900,20000,0.0050,9,82
No Benford diversity scaling,110,0.7273,0.8000,20000,0.0050,9,82
Ceiling (flagged lines),110,0.9091,1.0000,20000,0.0050,9,82
Risk score,120,0.6833,0.8200,20000,0.0050,9,82
Number of tests hit,120,0.5583,0.6700,20000,0.0050,9,82
Amount only,120,0.3583,0.4300,20000,0.0050,9,82
Random flagged lines,120,0.0167,0.0200,20000,0.0050,9,82
Isolation Forest,120,0.4750,0.5700,20000,0.0050,9,82
Rarity only (priors = 1),120,0.7083,0.8500,20000,0.0050,9,82
Priors only (no rarity),120,0.5583,0.6700,20000,0.0050,9,82
Date tests not collapsed,120,0.6833,0.8200,20000,0.0050,9,82
No amount multiplier,120,0.5750,0.6900,20000,0.0050,9,82
No Benford diversity scaling,120,0.6833,0.8200,20000,0.0050,9,82
Ceiling (flagged lines),120,0.8333,1.0000,20000,0.0050,9,82
Risk score,130,0.6385,0.8300,20000,0.0050,9,82
Number of tests hit,130,0.5154,0.6700,20000,0.0050,9,82
Amount only,130,0.3308,0.4300,20000,0.0050,9,82
Random flagged lines,130,0.0154,0.0200,20000,0.0050,9,82
Isolation Forest,130,0.4385,0.5700,20000,0.0050,9,82
Rarity only (priors = 1),130,0.6692,0.8700,20000,0.0050,9,82
Priors only (no rarity),130,0.5231,0.6800,20000,0.0050,9,82
Date tests not collapsed,130,0.6385,0.8300,20000,0.0050,9,82
No amount multiplier,130,0.5462,0.7100,20000,0.0050,9,82
No Benford diversity scaling,130,0.6385,0.8300,20000,0.0050,9,82
Ceiling (flagged lines),130,0.7692,1.0000,20000,0.0050,9,82
Risk score,140,0.5929,0.8300,20000,0.0050,9,82
Number of tests hit,140,0.4786,0.6700,20000,0.0050,9,82
Amount only,140,0.3071,0.4300,20000,0.0050,9,82
Random flagged lines,140,0.0143,0.0200,20000,0.0050,9,82
Isolation Forest,140,0.4143,0.5800,20000,0.0050,9,82
Rarity only (priors = 1),140,0.6357,0.8900,20000,0.0050,9,82
Priors only (no rarity),140,0.4857,0.6800,20000,0.0050,9,82
Date tests not collapsed,140,0.5929,0.8300,20000,0.0050,9,82
No amount multiplier,140,0.5214,0.7300,20000,0.0050,9,82
No Benford diversity scaling,140,0.5929,0.8300,20000,0.0050,9,82
Ceiling (flagged lines),140,0.7143,1.0000,20000,0.0050,9,82
Risk score,150,0.5533,0.8300,20000,0.0050,9,82
Number of tests hit,150,0.4467,0.6700,20000,0.0050,9,82
Amount only,150,0.2933,0.4400,20000,0.0050,9,82
Random flagged lines,150,0.0133,0.0200,20000,0.0050,9,82
Isolation Forest,150,0.4000,0.6000,20000,0.0050,9,82
Rarity only (priors = 1),150,0.6067,0.9100,20000,0.0050,9,82
Priors only (no rarity),150,0.4667,0.7000,20000,0.0050,9,82
Date tests not collapsed,150,0.5533,0.8300,20000,0.0050,9,82
No amount multiplier,150,0.4867,0.7300,20000,0.0050,9,82
No Benford diversity scaling,150,0.5533,0.8300,20000,0.0050,9,82
Ceiling (flagged lines),150,0.6667,1.0000,20000,0.0050,9,82
Risk score,160,0.5188,0.8300,20000,0.0050,9,82
Number of tests hit,160,0.4188,0.6700,20000,0.0050,9,82
Amount only,160,0.2750,0.4400,20000,0.0050,9,82
Random flagged lines,160,0.0187,0.0300,20000,0.0050,9,82
Isolation Forest,160,0.3750,0.6000,20000,0.0050,9,82
Rarity only (priors = 1),160,0.5687,0.9100,20000,0.0050,9,82
Priors only (no rarity),160,0.4375,0.7000,20000,0.0050,9,82
Date tests not collapsed,160,0.5188,0.8300,20000,0.0050,9,82
No amount multiplier,160,0.4562,0.7300,20000,0.0050,9,82
No Benford diversity scaling,160,0.5188,0.8300,20000,0.0050,9,82
Ceiling (flagged lines),160,0.6250,1.0000,20000,0.0050,9,82
Risk score,170,0.4882,0.8300,20000,0.0050,9,82
Number of tests hit,170,0.3941,0.6700,20000,0.0050,9,82
Amount only,170,0.2588,0.4400,20000,0.0050,9,82
Random flagged lines,170,0.0235,0.0400,20000,0.0050,9,82
Isolation Forest,170,0.3647,0.6200,20000,0.0050,9,82
Rarity only (priors = 1),170,0.5353,0.9100,20000,0.0050,9,82
Priors only (no rarity),170,0.4118,0.7000,20000,0.0050,9,82
Date tests not collapsed,170,0.4882,0.8300,20000,0.0050,9,82
No amount multiplier,170,0.4294,0.7300,20000,0.0050,9,82
No Benford diversity scaling,170,0.4882,0.8300,20000,0.0050,9,82
Ceiling (flagged lines),170,0.5882,1.0000,20000,0.0050,9,82
Risk score,180,0.4611,0.8300,20000,0.0050,9,82
Number of tests hit,180,0.3722,0.6700,20000,0.0050,9,82
Amount only,180,0.2444,0.4400,20000,0.0050,9,82
Random flagged lines,180,0.0222,0.0400,20000,0.0050,9,82
Isolation Forest,180,0.3500,0.6300,20000,0.0050,9,82
Rarity only (priors = 1),180,0.5056,0.9100,20000,0.0050,9,82
Priors only (no rarity),180,0.3944,0.7100,20000,0.0050,9,82
Date tests not collapsed,180,0.4611,0.8300,20000,0.0050,9,82
No amount multiplier,180,0.4056,0.7300,20000,0.0050,9,82
No Benford diversity scaling,180,0.4611,0.8300,20000,0.0050,9,82
Ceiling (flagged lines),180,0.5556,1.0000,20000,0.0050,9,82
Risk score,190,0.4368,0.8300,20000,0.0050,9,82
Number of tests hit,190,0.3526,0.6700,20000,0.0050,9,82
Amount only,190,0.2316,0.4400,20000,0.0050,9,82
Random flagged lines,190,0.0211,0.0400,20000,0.0050,9,82
Isolation Forest,190,0.3316,0.6300,20000,0.0050,9,82
Rarity only (priors = 1),190,0.4789,0.9100,20000,0.0050,9,82
Priors only (no rarity),190,0.3737,0.7100,20000,0.0050,9,82
Date tests not collapsed,190,0.4368,0.8300,20000,0.0050,9,82
No amount multiplier,190,0.3842,0.7300,20000,0.0050,9,82
No Benford diversity scaling,190,0.4368,0.8300,20000,0.0050,9,82
Ceiling (flagged lines),190,0.5263,1.0000,20000,0.0050,9,82
Risk score,200,0.4150,0.8300,20000,0.0050,9,82
Number of tests hit,200,0.3350,0.6700,20000,0.0050,9,82
Amount only,200,0.2250,0.4500,20000,0.0050,9,82
Random flagged lines,200,0.0200,0.0400,20000,0.0050,9,82
Isolation Forest,200,0.3150,0.6300,20000,0.0050,9,82
Rarity only (priors = 1),200,0.4550,0.9100,20000,0.0050,9,82
Priors only (no rarity),200,0.3550,0.7100,20000,0.0050,9,82
Date tests not collapsed,200,0.4150,0.8300,20000,0.0050,9,82
No amount multiplier,200,0.3650,0.7300,20000,0.0050,9,82
No Benford diversity scaling,200,0.4150,0.8300,20000,0.0050,9,82
Ceiling (flagged lines),200,0.5000,1.0000,20000,0.0050,9,82
Risk score,210,0.3952,0.8300,20000,0.0050,9,82
Number of tests hit,210,0.3190,0.6700,20000,0.0050,9,82
Amount only,210,0.2190,0.4600,20000,0.0050,9,82
Random flagged lines,210,0.0238,0.0500,20000,0.0050,9,82
Isolation Forest,210,0.3095,0.6500,20000,0.0050,9,82
Rarity only (priors = 1),210,0.4333,0.9100,20000,0.0050,9,82
Priors only (no rarity),210,0.3429,0.7200,20000,0.0050,9,82
Date tests not collapsed,210,0.3952,0.8300,20000,0.0050,9,82
No amount multiplier,210,0.3476,0.7300,20000,0.0050,9,82
No Benford diversity scaling,210,0.3952,0.8300,20000,0.0050,9,82
Ceiling (flagged lines),210,0.4762,1.0000,20000,0.0050,9,82
Risk score,220,0.3773,0.8300,20000,0.0050,9,82
Number of tests hit,220,0.3045,0.6700,20000,0.0050,9,82
Amount only,220,0.2091,0.4600,20000,0.0050,9,82
Random flagged lines,220,0.0227,0.0500,20000,0.0050,9,82
Isolation Forest,220,0.2955,0.6500,20000,0.0050,9,82
Rarity only (priors = 1),220,0.4136,0.9100,20000,0.0050,9,82
Priors only (no rarity),220,0.3364,0.7400,20000,0.0050,9,82
Date tests not collapsed,220,0.3773,0.8300,20000,0.0050,9,82
No amount multiplier,220,0.3455,0.7600,20000,0.0050,9,82
No Benford diversity scaling,220,0.3773,0.8300,20000,0.0050,9,82
Ceiling (flagged lines),220,0.4545,1.0000,20000,0.0050,9,82
Risk score,230,0.3696,0.8500,20000,0.0050,9,82
Number of tests hit,230,0.2913,0.6700,20000,0.0050,9,82
Amount only,230,0.2000,0.4600,20000,0.0050,9,82
Random flagged lines,230,0.0261,0.0600,20000,0.0050,9,82
Isolation Forest,230,0.2826,0.6500,20000,0.0050,9,82
Rarity only (priors = 1),230,0.3957,0.9100,20000,0.0050,9,82
Priors only (no rarity),230,0.3217,0.7400,20000,0.0050,9,82
Date tests not collapsed,230,0.3696,0.8500,20000,0.0050,9,82
No amount multiplier,230,0.3304,0.7600,20000,0.0050,9,82
No Benford diversity scaling,230,0.3696,0.8500,20000,0.0050,9,82
Ceiling (flagged lines),230,0.4348,1.0000,20000,0.0050,9,82
Risk score,240,0.3583,0.8600,20000,0.0050,9,82
Number of tests hit,240,0.2792,0.6700,20000,0.0050,9,82
Amount only,240,0.1958,0.4700,20000,0.0050,9,82
Random flagged lines,240,0.0250,0.0600,20000,0.0050,9,82
Isolation Forest,240,0.2708,0.6500,20000,0.0050,9,82
Rarity only (priors = 1),240,0.3792,0.9100,20000,0.0050,9,82
Priors only (no rarity),240,0.3125,0.7500,20000,0.0050,9,82
Date tests not collapsed,240,0.3583,0.8600,20000,0.0050,9,82
No amount multiplier,240,0.3167,0.7600,20000,0.0050,9,82
No Benford diversity scaling,240,0.3583,0.8600,20000,0.0050,9,82
Ceiling (flagged lines),240,0.4167,1.0000,20000,0.0050,9,82
Risk score,250,0.3440,0.8600,20000,0.0050,9,82
Number of tests hit,250,0.2680,0.6700,20000,0.0050,9,82
Amount only,250,0.1880,0.4700,20000,0.0050,9,82
Random flagged lines,250,0.0240,0.0600,20000,0.0050,9,82
Isolation Forest,250,0.2600,0.6500,20000,0.0050,9,82
Rarity only (priors = 1),250,0.3720,0.9300,20000,0.0050,9,82
Priors only (no rarity),250,0.3000,0.7500,20000,0.0050,9,82
Date tests not collapsed,250,0.3440,0.8600,20000,0.0050,9,82
No amount multiplier,250,0.3040,0.7600,20000,0.0050,9,82
No Benford diversity scaling,250,0.3440,0.8600,20000,0.0050,9,82
Ceiling (flagged lines),250,0.4000,1.0000,20000,0.0050,9,82
Risk score,260,0.3308,0.8600,20000,0.0050,9,82
Number of tests hit,260,0.2577,0.6700,20000,0.0050,9,82
Amount only,260,0.1808,0.4700,20000,0.0050,9,82
Random flagged lines,260,0.0231,0.0600,20000,0.0050,9,82
Isolation Forest,260,0.2500,0.6500,20000,0.0050,9,82
Rarity only (priors = 1),260,0.3615,0.9400,20000,0.0050,9,82
Priors only (no rarity),260,0.2885,0.7500,20000,0.0050,9,82
Date tests not collapsed,260,0.3308,0.8600,20000,0.0050,9,82
No amount multiplier,260,0.2923,0.7600,20000,0.0050,9,82
No Benford diversity scaling,260,0.3308,0.8600,20000,0.0050,9,82
Ceiling (flagged lines),260,0.3846,1.0000,20000,0.0050,9,82
Risk score,270,0.3185,0.8600,20000,0.0050,9,82
Number of tests hit,270,0.2481,0.6700,20000,0.0050,9,82
Amount only,270,0.1889,0.5100,20000,0.0050,9,82
Random flagged lines,270,0.0222,0.0600,20000,0.0050,9,82
Isolation Forest,270,0.2407,0.6500,20000,0.0050,9,82
Rarity only (priors = 1),270,0.3481,0.9400,20000,0.0050,9,82
Priors only (no rarity),270,0.2778,0.7500,20000,0.0050,9,82
Date tests not collapsed,270,0.3185,0.8600,20000,0.0050,9,82
No amount multiplier,270,0.2815,0.7600,20000,0.0050,9,82
No Benford diversity scaling,270,0.3185,0.8600,20000,0.0050,9,82
Ceiling (flagged lines),270,0.3704,1.0000,20000,0.0050,9,82
Risk score,280,0.3071,0.8600,20000,0.0050,9,82
Number of tests hit,280,0.2393,0.6700,20000,0.0050,9,82
Amount only,280,0.1821,0.5100,20000,0.0050,9,82
Random flagged lines,280,0.0214,0.0600,20000,0.0050,9,82
Isolation Forest,280,0.2321,0.6500,20000,0.0050,9,82
Rarity only (priors = 1),280,0.3357,0.9400,20000,0.0050,9,82
Priors only (no rarity),280,0.2679,0.7500,20000,0.0050,9,82
Date tests not collapsed,280,0.3071,0.8600,20000,0.0050,9,82
No amount multiplier,280,0.2714,0.7600,20000,0.0050,9,82
No Benford diversity scaling,280,0.3071,0.8600,20000,0.0050,9,82
Ceiling (flagged lines),280,0.3571,1.0000,20000,0.0050,9,82
Risk score,290,0.2966,0.8600,20000,0.0050,9,82
Number of tests hit,290,0.2310,0.6700,20000,0.0050,9,82
Amount only,290,0.1759,0.5100,20000,0.0050,9,82
Random flagged lines,290,0.0207,0.0600,20000,0.0050,9,82
Isolation Forest,290,0.2241,0.6500,20000,0.0050,9,82
Rarity only (priors = 1),290,0.3241,0.9400,20000,0.0050,9,82
Priors only (no rarity),290,0.2586,0.7500,20000,0.0050,9,82
Date tests not collapsed,290,0.2966,0.8600,20000,0.0050,9,82
No amount multiplier,290,0.2621,0.7600,20000,0.0050,9,82
No Benford diversity scaling,290,0.2966,0.8600,20000,0.0050,9,82
Ceiling (flagged lines),290,0.3448,1.0000,20000,0.0050,9,82
Risk score,300,0.2867,0.8600,20000,0.0050,9,82
Number of tests hit,300,0.2233,0.6700,20000,0.0050,9,82
Amount only,300,0.1700,0.5100,20000,0.0050,9,82
Random flagged lines,300,0.0200,0.0600,20000,0.0050,9,82
Isolation Forest,300,0.2167,0.6500,20000,0.0050,9,82
Rarity only (priors = 1),300,0.3133,0.9400,20000,0.0050,9,82
Priors only (no rarity),300,0.2500,0.7500,20000,0.0050,9,82
Date tests not collapsed,300,0.2867,0.8600,20000,0.0050,9,82
No amount multiplier,300,0.2533,0.7600,20000,0.0050,9,82
No Benford diversity scaling,300,0.2867,0.8600,20000,0.0050,9,82
Ceiling (flagged lines),300,0.3333,1.0000,20000,0.0050,9,82
Risk score,10,1.0000,0.1000,20000,0.0050,10,82
Number of tests hit,10,1.0000,0.1000,20000,0.0050,10,82
Amount only,10,0.3000,0.0300,20000,0.0050,10,82
Random flagged lines,10,0.1000,0.0100,20000,0.0050,10,82
Isolation Forest,10,1.0000,0.1000,20000,0.0050,10,82
Rarity only (priors = 1),10,1.0000,0.1000,20000,0.0050,10,82
Priors only (no rarity),10,1.0000,0.1000,20000,0.0050,10,82
Date tests not collapsed,10,1.0000,0.1000,20000,0.0050,10,82
No amount multiplier,10,1.0000,0.1000,20000,0.0050,10,82
No Benford diversity scaling,10,1.0000,0.1000,20000,0.0050,10,82
Ceiling (flagged lines),10,1.0000,1.0000,20000,0.0050,10,82
Risk score,20,1.0000,0.2000,20000,0.0050,10,82
Number of tests hit,20,1.0000,0.2000,20000,0.0050,10,82
Amount only,20,0.4500,0.0900,20000,0.0050,10,82
Random flagged lines,20,0.0500,0.0100,20000,0.0050,10,82
Isolation Forest,20,1.0000,0.2000,20000,0.0050,10,82
Rarity only (priors = 1),20,1.0000,0.2000,20000,0.0050,10,82
Priors only (no rarity),20,1.0000,0.2000,20000,0.0050,10,82
Date tests not collapsed,20,1.0000,0.2000,20000,0.0050,10,82
No amount multiplier,20,1.0000,0.2000,20000,0.0050,10,82
No Benford diversity scaling,20,1.0000,0.2000,20000,0.0050,10,82
Ceiling (flagged lines),20,1.0000,1.0000,20000,0.0050,10,82
Risk score,30,1.0000,0.3000,20000,0.0050,10,82
Number of tests hit,30,1.0000,0.3000,20000,0.0050,10,82
Amount only,30,0.5333,0.1600,20000,0.0050,10,82
Random flagged lines,30,0.0333,0.0100,20000,0.0050,10,82
Isolation Forest,30,1.0000,0.3000,20000,0.0050,10,82
Rarity only (priors = 1),30,1.0000,0.3000,20000,0.0050,10,82
Priors only (no rarity),30,1.0000,0.3000,20000,0.0050,10,82
Date tests not collapsed,30,1.0000,0.3000,20000,0.0050,10,82
No amount multiplier,30,1.0000,0.3000,20000,0.0050,10,82
No Benford diversity scaling,30,1.0000,0.3000,20000,0.0050,10,82
Ceiling (flagged lines),30,1.0000,1.0000,20000,0.0050,10,82
Risk score,40,1.0000,0.4000,20000,0.0050,10,82
Number of tests hit,40,1.0000,0.4000,20000,0.0050,10,82
Amount only,40,0.5000,0.2000,20000,0.0050,10,82
Random flagged lines,40,0.0250,0.0100,20000,0.0050,10,82
Isolation Forest,40,0.9750,0.3900,20000,0.0050,10,82
Rarity only (priors = 1),40,1.0000,0.4000,20000,0.0050,10,82
Priors only (no rarity),40,1.0000,0.4000,20000,0.0050,10,82
Date tests not collapsed,40,1.0000,0.4000,20000,0.0050,10,82
No amount multiplier,40,1.0000,0.4000,20000,0.0050,10,82
No Benford diversity scaling,40,1.0000,0.4000,20000,0.0050,10,82
Ceiling (flagged lines),40,1.0000,1.0000,20000,0.0050,10,82
Risk score,50,0.9600,0.4800,20000,0.0050,10,82
Number of tests hit,50,0.8800,0.4400,20000,0.0050,10,82
Amount only,50,0.4800,0.2400,20000,0.0050,10,82
Random flagged lines,50,0.0400,0.0200,20000,0.0050,10,82
Isolation Forest,50,0.9000,0.4500,20000,0.0050,10,82
Rarity only (priors = 1),50,0.9600,0.4800,20000,0.0050,10,82
Priors only (no rarity),50,1.0000,0.5000,20000,0.0050,10,82
Date tests not collapsed,50,0.9600,0.4800,20000,0.0050,10,82
No amount multiplier,50,0.9400,0.4700,20000,0.0050,10,82
No Benford diversity scaling,50,0.9600,0.4800,20000,0.0050,10,82
Ceiling (flagged lines),50,1.0000,1.0000,20000,0.0050,10,82
Risk score,60,0.9333,0.5600,20000,0.0050,10,82
Number of tests hit,60,0.8667,0.5200,20000,0.0050,10,82
Amount only,60,0.4167,0.2500,20000,0.0050,10,82
Random flagged lines,60,0.0333,0.0200,20000,0.0050,10,82
Isolation Forest,60,0.8500,0.5100,20000,0.0050,10,82
Rarity only (priors = 1),60,0.9333,0.5600,20000,0.0050,10,82
Priors only (no rarity),60,0.8833,0.5300,20000,0.0050,10,82
Date tests not collapsed,60,0.9333,0.5600,20000,0.0050,10,82
No amount multiplier,60,0.8667,0.5200,20000,0.0050,10,82
No Benford diversity scaling,60,0.9333,0.5600,20000,0.0050,10,82
Ceiling (flagged lines),60,1.0000,1.0000,20000,0.0050,10,82
Risk score,70,0.9429,0.6600,20000,0.0050,10,82
Number of tests hit,70,0.8000,0.5600,20000,0.0050,10,82
Amount only,70,0.3857,0.2700,20000,0.0050,10,82
Random flagged lines,70,0.0286,0.0200,20000,0.0050,10,82
Isolation Forest,70,0.7714,0.5400,20000,0.0050,10,82
Rarity only (priors = 1),70,0.9429,0.6600,20000,0.0050,10,82
Priors only (no rarity),70,0.8000,0.5600,20000,0.0050,10,82
Date tests not collapsed,70,0.9429,0.6600,20000,0.0050,10,82
No amount multiplier,70,0.8714,0.6100,20000,0.0050,10,82
No Benford diversity scaling,70,0.9429,0.6600,20000,0.0050,10,82
Ceiling (flagged lines),70,1.0000,1.0000,20000,0.0050,10,82
Risk score,80,0.8625,0.6900,20000,0.0050,10,82
Number of tests hit,80,0.7375,0.5900,20000,0.0050,10,82
Amount only,80,0.3875,0.3100,20000,0.0050,10,82
Random flagged lines,80,0.0375,0.0300,20000,0.0050,10,82
Isolation Forest,80,0.7250,0.5800,20000,0.0050,10,82
Rarity only (priors = 1),80,0.9000,0.7200,20000,0.0050,10,82
Priors only (no rarity),80,0.7875,0.6300,20000,0.0050,10,82
Date tests not collapsed,80,0.8625,0.6900,20000,0.0050,10,82
No amount multiplier,80,0.7750,0.6200,20000,0.0050,10,82
No Benford diversity scaling,80,0.8625,0.6900,20000,0.0050,10,82
Ceiling (flagged lines),80,1.0000,1.0000,20000,0.0050,10,82
Risk score,82,0.8415,0.6900,20000,0.0050,10,82
Number of tests hit,82,0.7439,0.6100,20000,0.0050,10,82
Amount only,82,0.3902,0.3200,20000,0.0050,10,82
Random flagged lines,82,0.0366,0.0300,20000,0.0050,10,82
Isolation Forest,82,0.7195,0.5900,20000,0.0050,10,82
Rarity only (priors = 1),82,0.9024,0.7400,20000,0.0050,10,82
Priors only (no rarity),82,0.7927,0.6500,20000,0.0050,10,82
Date tests not collapsed,82,0.8415,0.6900,20000,0.0050,10,82
No amount multiplier,82,0.7805,0.6400,20000,0.0050,10,82
No Benford diversity scaling,82,0.8415,0.6900,20000,0.0050,10,82
Ceiling (flagged lines),82,1.0000,1.0000,20000,0.0050,10,82
Risk score,90,0.8111,0.7300,20000,0.0050,10,82
Number of tests hit,90,0.7556,0.6800,20000,0.0050,10,82
Amount only,90,0.3667,0.3300,20000,0.0050,10,82
Random flagged lines,90,0.0333,0.0300,20000,0.0050,10,82
Isolation Forest,90,0.6667,0.6000,20000,0.0050,10,82
Rarity only (priors = 1),90,0.8556,0.7700,20000,0.0050,10,82
Priors only (no rarity),90,0.7556,0.6800,20000,0.0050,10,82
Date tests not collapsed,90,0.8111,0.7300,20000,0.0050,10,82
No amount multiplier,90,0.7333,0.6600,20000,0.0050,10,82
No Benford diversity scaling,90,0.8111,0.7300,20000,0.0050,10,82
Ceiling (flagged lines),90,1.0000,1.0000,20000,0.0050,10,82
Risk score,100,0.7700,0.7700,20000,0.0050,10,82
Number of tests hit,100,0.6900,0.6900,20000,0.0050,10,82
Amount only,100,0.3300,0.3300,20000,0.0050,10,82
Random flagged lines,100,0.0300,0.0300,20000,0.0050,10,82
Isolation Forest,100,0.6100,0.6100,20000,0.0050,10,82
Rarity only (priors = 1),100,0.8000,0.8000,20000,0.0050,10,82
Priors only (no rarity),100,0.7100,0.7100,20000,0.0050,10,82
Date tests not collapsed,100,0.7700,0.7700,20000,0.0050,10,82
No amount multiplier,100,0.6600,0.6600,20000,0.0050,10,82
No Benford diversity scaling,100,0.7700,0.7700,20000,0.0050,10,82
Ceiling (flagged lines),100,1.0000,1.0000,20000,0.0050,10,82
Risk score,110,0.7182,0.7900,20000,0.0050,10,82
Number of tests hit,110,0.6364,0.7000,20000,0.0050,10,82
Amount only,110,0.3273,0.3600,20000,0.0050,10,82
Random flagged lines,110,0.0364,0.0400,20000,0.0050,10,82
Isolation Forest,110,0.5545,0.6100,20000,0.0050,10,82
Rarity only (priors = 1),110,0.7545,0.8300,20000,0.0050,10,82
Priors only (no rarity),110,0.6545,0.7200,20000,0.0050,10,82
Date tests not collapsed,110,0.7182,0.7900,20000,0.0050,10,82
No amount multiplier,110,0.6182,0.6800,20000,0.0050,10,82
No Benford diversity scaling,110,0.7182,0.7900,20000,0.0050,10,82
Ceiling (flagged lines),110,0.9091,1.0000,20000,0.0050,10,82
Risk score,120,0.7083,0.8500,20000,0.0050,10,82
Number of tests hit,120,0.5833,0.7000,20000,0.0050,10,82
Amount only,120,0.3417,0.4100,20000,0.0050,10,82
Random flagged lines,120,0.0417,0.0500,20000,0.0050,10,82
Isolation Forest,120,0.5167,0.6200,20000,0.0050,10,82
Rarity only (priors = 1),120,0.7000,0.8400,20000,0.0050,10,82
Priors only (no rarity),120,0.6250,0.7500,20000,0.0050,10,82
Date tests not collapsed,120,0.7083,0.8500,20000,0.0050,10,82
No amount multiplier,120,0.5667,0.6800,20000,0.0050,10,82
No Benford diversity scaling,120,0.7083,0.8500,20000,0.0050,10,82
Ceiling (flagged lines),120,0.8333,1.0000,20000,0.0050,10,82
Risk score,130,0.6538,0.8500,20000,0.0050,10,82
Number of tests hit,130,0.5385,0.7000,20000,0.0050,10,82
Amount only,130,0.3385,0.4400,20000,0.0050,10,82
Random flagged lines,130,0.0385,0.0500,20000,0.0050,10,82
Isolation Forest,130,0.4923,0.6400,20000,0.0050,10,82
Rarity only (priors = 1),130,0.6538,0.8500,20000,0.0050,10,82
Priors only (no rarity),130,0.6000,0.7800,20000,0.0050,10,82
Date tests not collapsed,130,0.6538,0.8500,20000,0.0050,10,82
No amount multiplier,130,0.5231,0.6800,20000,0.0050,10,82
No Benford diversity scaling,130,0.6538,0.8500,20000,0.0050,10,82
Ceiling (flagged lines),130,0.7692,1.0000,20000,0.0050,10,82
Risk score,140,0.6286,0.8800,20000,0.0050,10,82
Number of tests hit,140,0.5000,0.7000,20000,0.0050,10,82
Amount only,140,0.3214,0.4500,20000,0.0050,10,82
Random flagged lines,140,0.0357,0.0500,20000,0.0050,10,82
Isolation Forest,140,0.4643,0.6500,20000,0.0050,10,82
Rarity only (priors = 1),140,0.6143,0.8600,20000,0.0050,10,82
Priors only (no rarity),140,0.5571,0.7800,20000,0.0050,10,82
Date tests not collapsed,140,0.6286,0.8800,20000,0.0050,10,82
No amount multiplier,140,0.5071,0.7100,20000,0.0050,10,82
No Benford diversity scaling,140,0.6286,0.8800,20000,0.0050,10,82
Ceiling (flagged lines),140,0.7143,1.0000,20000,0.0050,10,82
Risk score,150,0.6133,0.9200,20000,0.0050,10,82
Number of tests hit,150,0.4667,0.7000,20000,0.0050,10,82
Amount only,150,0.3267,0.4900,20000,0.0050,10,82
Random flagged lines,150,0.0333,0.0500,20000,0.0050,10,82
Isolation Forest,150,0.4400,0.6600,20000,0.0050,10,82
Rarity only (priors = 1),150,0.5800,0.8700,20000,0.0050,10,82
Priors only (no rarity),150,0.5200,0.7800,20000,0.0050,10,82
Date tests not collapsed,150,0.6133,0.9200,20000,0.0050,10,82
No amount multiplier,150,0.4867,0.7300,20000,0.0050,10,82
No Benford diversity scaling,150,0.6133,0.9200,20000,0.0050,10,82
Ceiling (flagged lines),150,0.6667,1.0000,20000,0.0050,10,82
Risk score,160,0.5813,0.9300,20000,0.0050,10,82
Number of tests hit,160,0.4375,0.7000,20000,0.0050,10,82
Amount only,160,0.3125,0.5000,20000,0.0050,10,82
Random flagged lines,160,0.0312,0.0500,20000,0.0050,10,82
Isolation Forest,160,0.4188,0.6700,20000,0.0050,10,82
Rarity only (priors = 1),160,0.5437,0.8700,20000,0.0050,10,82
Priors only (no rarity),160,0.4875,0.7800,20000,0.0050,10,82
Date tests not collapsed,160,0.5813,0.9300,20000,0.0050,10,82
No amount multiplier,160,0.4562,0.7300,20000,0.0050,10,82
No Benford diversity scaling,160,0.5813,0.9300,20000,0.0050,10,82
Ceiling (flagged lines),160,0.6250,1.0000,20000,0.0050,10,82
Risk score,170,0.5471,0.9300,20000,0.0050,10,82
Number of tests hit,170,0.4118,0.7000,20000,0.0050,10,82
Amount only,170,0.3000,0.5100,20000,0.0050,10,82
Random flagged lines,170,0.0294,0.0500,20000,0.0050,10,82
Isolation Forest,170,0.3941,0.6700,20000,0.0050,10,82
Rarity only (priors = 1),170,0.5118,0.8700,20000,0.0050,10,82
Priors only (no rarity),170,0.4647,0.7900,20000,0.0050,10,82
Date tests not collapsed,170,0.5471,0.9300,20000,0.0050,10,82
No amount multiplier,170,0.4294,0.7300,20000,0.0050,10,82
No Benford diversity scaling,170,0.5471,0.9300,20000,0.0050,10,82
Ceiling (flagged lines),170,0.5882,1.0000,20000,0.0050,10,82
Risk score,180,0.5222,0.9400,20000,0.0050,10,82
Number of tests hit,180,0.3889,0.7000,20000,0.0050,10,82
Amount only,180,0.2889,0.5200,20000,0.0050,10,82
Random flagged lines,180,0.0389,0.0700,20000,0.0050,10,82
Isolation Forest,180,0.3833,0.6900,20000,0.0050,10,82
Rarity only (priors = 1),180,0.4889,0.8800,20000,0.0050,10,82
Priors only (no rarity),180,0.4389,0.7900,20000,0.0050,10,82
Date tests not collapsed,180,0.5222,0.9400,20000,0.0050,10,82
No amount multiplier,180,0.4056,0.7300,20000,0.0050,10,82
No Benford diversity scaling,180,0.5222,0.9400,20000,0.0050,10,82
Ceiling (flagged lines),180,0.5556,1.0000,20000,0.0050,10,82
Risk score,190,0.4947,0.9400,20000,0.0050,10,82
Number of tests hit,190,0.3684,0.7000,20000,0.0050,10,82
Amount only,190,0.2737,0.5200,20000,0.0050,10,82
Random flagged lines,190,0.0421,0.0800,20000,0.0050,10,82
Isolation Forest,190,0.3632,0.6900,20000,0.0050,10,82
Rarity only (priors = 1),190,0.4632,0.8800,20000,0.0050,10,82
Priors only (no rarity),190,0.4158,0.7900,20000,0.0050,10,82
Date tests not collapsed,190,0.4947,0.9400,20000,0.0050,10,82
No amount multiplier,190,0.3842,0.7300,20000,0.0050,10,82
No Benford diversity scaling,190,0.4947,0.9400,20000,0.0050,10,82
Ceiling (flagged lines),190,0.5263,1.0000,20000,0.0050,10,82
Risk score,200,0.4700,0.9400,20000,0.0050,10,82
Number of tests hit,200,0.3500,0.7000,20000,0.0050,10,82
Amount only,200,0.2600,0.5200,20000,0.0050,10,82
Random flagged lines,200,0.0400,0.0800,20000,0.0050,10,82
Isolation Forest,200,0.3450,0.6900,20000,0.0050,10,82
Rarity only (priors = 1),200,0.4400,0.8800,20000,0.0050,10,82
Priors only (no rarity),200,0.3950,0.7900,20000,0.0050,10,82
Date tests not collapsed,200,0.4700,0.9400,20000,0.0050,10,82
No amount multiplier,200,0.3650,0.7300,20000,0.0050,10,82
No Benford diversity scaling,200,0.4700,0.9400,20000,0.0050,10,82
Ceiling (flagged lines),200,0.5000,1.0000,20000,0.0050,10,82
Risk score,210,0.4476,0.9400,20000,0.0050,10,82
Number of tests hit,210,0.3333,0.7000,20000,0.0050,10,82
Amount only,210,0.2476,0.5200,20000,0.0050,10,82
Random flagged lines,210,0.0381,0.0800,20000,0.0050,10,82
Isolation Forest,210,0.3286,0.6900,20000,0.0050,10,82
Rarity only (priors = 1),210,0.4190,0.8800,20000,0.0050,10,82
Priors only (no rarity),210,0.3810,0.8000,20000,0.0050,10,82
Date tests not collapsed,210,0.4476,0.9400,20000,0.0050,10,82
No amount multiplier,210,0.3476,0.7300,20000,0.0050,10,82
No Benford diversity scaling,210,0.4476,0.9400,20000,0.0050,10,82
Ceiling (flagged lines),210,0.4762,1.0000,20000,0.0050,10,82
Risk score,220,0.4273,0.9400,20000,0.0050,10,82
Number of tests hit,220,0.3182,0.7000,20000,0.0050,10,82
Amount only,220,0.2364,0.5200,20000,0.0050,10,82
Random flagged lines,220,0.0364,0.0800,20000,0.0050,10,82
Isolation Forest,220,0.3136,0.6900,20000,0.0050,10,82
Rarity only (priors = 1),220,0.4000,0.8800,20000,0.0050,10,82
Priors only (no rarity),220,0.3773,0.8300,20000,0.0050,10,82
Date tests not collapsed,220,0.4273,0.9400,20000,0.0050,10,82
No amount multiplier,220,0.3318,0.7300,20000,0.0050,10,82
No Benford diversity scaling,220,0.4273,0.9400,20000,0.0050,10,82
Ceiling (flagged lines),220,0.4545,1.0000,20000,0.0050,10,82
Risk score,230,0.4087,0.9400,20000,0.0050,10,82
Number of tests hit,230,0.3043,0.7000,20000,0.0050,10,82
Amount only,230,0.2261,0.5200,20000,0.0050,10,82
Random flagged lines,230,0.0391,0.0900,20000,0.0050,10,82
Isolation Forest,230,0.3043,0.7000,20000,0.0050,10,82
Rarity only (priors = 1),230,0.3826,0.8800,20000,0.0050,10,82
Priors only (no rarity),230,0.3609,0.8300,20000,0.0050,10,82
Date tests not collapsed,230,0.4087,0.9400,20000,0.0050,10,82
No amount multiplier,230,0.3391,0.7800,20000,0.0050,10,82
No Benford diversity scaling,230,0.4087,0.9400,20000,0.0050,10,82
Ceiling (flagged lines),230,0.4348,1.0000,20000,0.0050,10,82
Risk score,240,0.3917,0.9400,20000,0.0050,10,82
Number of tests hit,240,0.2917,0.7000,20000,0.0050,10,82
Amount only,240,0.2208,0.5300,20000,0.0050,10,82
Random flagged lines,240,0.0375,0.0900,20000,0.0050,10,82
Isolation Forest,240,0.2917,0.7000,20000,0.0050,10,82
Rarity only (priors = 1),240,0.3667,0.8800,20000,0.0050,10,82
Priors only (no rarity),240,0.3458,0.8300,20000,0.0050,10,82
Date tests not collapsed,240,0.3917,0.9400,20000,0.0050,10,82
No amount multiplier,240,0.3292,0.7900,20000,0.0050,10,82
No Benford diversity scaling,240,0.3917,0.9400,20000,0.0050,10,82
Ceiling (flagged lines),240,0.4167,1.0000,20000,0.0050,10,82
Risk score,250,0.3760,0.9400,20000,0.0050,10,82
Number of tests hit,250,0.2800,0.7000,20000,0.0050,10,82
Amount only,250,0.2120,0.5300,20000,0.0050,10,82
Random flagged lines,250,0.0360,0.0900,20000,0.0050,10,82
Isolation Forest,250,0.2800,0.7000,20000,0.0050,10,82
Rarity only (priors = 1),250,0.3520,0.8800,20000,0.0050,10,82
Priors only (no rarity),250,0.3320,0.8300,20000,0.0050,10,82
Date tests not collapsed,250,0.3760,0.9400,20000,0.0050,10,82
No amount multiplier,250,0.3160,0.7900,20000,0.0050,10,82
No Benford diversity scaling,250,0.3760,0.9400,20000,0.0050,10,82
Ceiling (flagged lines),250,0.4000,1.0000,20000,0.0050,10,82
Risk score,260,0.3654,0.9500,20000,0.0050,10,82
Number of tests hit,260,0.2692,0.7000,20000,0.0050,10,82
Amount only,260,0.2038,0.5300,20000,0.0050,10,82
Random flagged lines,260,0.0346,0.0900,20000,0.0050,10,82
Isolation Forest,260,0.2769,0.7200,20000,0.0050,10,82
Rarity only (priors = 1),260,0.3423,0.8900,20000,0.0050,10,82
Priors only (no rarity),260,0.3192,0.8300,20000,0.0050,10,82
Date tests not collapsed,260,0.3654,0.9500,20000,0.0050,10,82
No amount multiplier,260,0.3038,0.7900,20000,0.0050,10,82
No Benford diversity scaling,260,0.3654,0.9500,20000,0.0050,10,82
Ceiling (flagged lines),260,0.3846,1.0000,20000,0.0050,10,82
Risk score,270,0.3556,0.9600,20000,0.0050,10,82
Number of tests hit,270,0.2593,0.7000,20000,0.0050,10,82
Amount only,270,0.1963,0.5300,20000,0.0050,10,82
Random flagged lines,270,0.0333,0.0900,20000,0.0050,10,82
Isolation Forest,270,0.2667,0.7200,20000,0.0050,10,82
Rarity only (priors = 1),270,0.3370,0.9100,20000,0.0050,10,82
Priors only (no rarity),270,0.3074,0.8300,20000,0.0050,10,82
Date tests not collapsed,270,0.3556,0.9600,20000,0.0050,10,82
No amount multiplier,270,0.2926,0.7900,20000,0.0050,10,82
No Benford diversity scaling,270,0.3556,0.9600,20000,0.0050,10,82
Ceiling (flagged lines),270,0.3704,1.0000,20000,0.0050,10,82
Risk score,280,0.3464,0.9700,20000,0.0050,10,82
Number of tests hit,280,0.2500,0.7000,20000,0.0050,10,82
Amount only,280,0.1929,0.5400,20000,0.0050,10,82
Random flagged lines,280,0.0321,0.0900,20000,0.0050,10,82
Isolation Forest,280,0.2571,0.7200,20000,0.0050,10,82
Rarity only (priors = 1),280,0.3250,0.9100,20000,0.0050,10,82
Priors only (no rarity),280,0.3000,0.8400,20000,0.0050,10,82
Date tests not collapsed,280,0.3464,0.9700,20000,0.0050,10,82
No amount multiplier,280,0.2821,0.7900,20000,0.0050,10,82
No Benford diversity scaling,280,0.3464,0.9700,20000,0.0050,10,82
Ceiling (flagged lines),280,0.3571,1.0000,20000,0.0050,10,82
Risk score,290,0.3345,0.9700,20000,0.0050,10,82
Number of tests hit,290,0.2414,0.7000,20000,0.0050,10,82
Amount only,290,0.1862,0.5400,20000,0.0050,10,82
Random flagged lines,290,0.0310,0.0900,20000,0.0050,10,82
Isolation Forest,290,0.2483,0.7200,20000,0.0050,10,82
Rarity only (priors = 1),290,0.3138,0.9100,20000,0.0050,10,82
Priors only (no rarity),290,0.2897,0.8400,20000,0.0050,10,82
Date tests not collapsed,290,0.3345,0.9700,20000,0.0050,10,82
No amount multiplier,290,0.2724,0.7900,20000,0.0050,10,82
No Benford diversity scaling,290,0.3345,0.9700,20000,0.0050,10,82
Ceiling (flagged lines),290,0.3448,1.0000,20000,0.0050,10,82
Risk score,300,0.3233,0.9700,20000,0.0050,10,82
Number of tests hit,300,0.2333,0.7000,20000,0.0050,10,82
Amount only,300,0.1800,0.5400,20000,0.0050,10,82
Random flagged lines,300,0.0300,0.0900,20000,0.0050,10,82
Isolation Forest,300,0.2433,0.7300,20000,0.0050,10,82
Rarity only (priors = 1),300,0.3033,0.9100,20000,0.0050,10,82
Priors only (no rarity),300,0.2800,0.8400,20000,0.0050,10,82
Date tests not collapsed,300,0.3233,0.9700,20000,0.0050,10,82
No amount multiplier,300,0.2633,0.7900,20000,0.0050,10,82
No Benford diversity scaling,300,0.3233,0.9700,20000,0.0050,10,82
Ceiling (flagged lines),300,0.3333,1.0000,20000,0.0050,10,82
Risk score,10,1.0000,0.1000,20000,0.0050,11,82
Number of tests hit,10,1.0000,0.1000,20000,0.0050,11,82
Amount only,10,0.3000,0.0300,20000,0.0050,11,82
Random flagged lines,10,0.0000,0.0000,20000,0.0050,11,82
Isolation Forest,10,1.0000,0.1000,20000,0.0050,11,82
Rarity only (priors = 1),10,1.0000,0.1000,20000,0.0050,11,82
Priors only (no rarity),10,1.0000,0.1000,20000,0.0050,11,82
Date tests not collapsed,10,1.0000,0.1000,20000,0.0050,11,82
No amount multiplier,10,1.0000,0.1000,20000,0.0050,11,82
No Benford diversity scaling,10,1.0000,0.1000,20000,0.0050,11,82
Ceiling (flagged lines),10,1.0000,1.0000,20000,0.0050,11,82
Risk score,20,1.0000,0.2000,20000,0.0050,11,82
Number of tests hit,20,1.0000,0.2000,20000,0.0050,11,82
Amount only,20,0.5500,0.1100,20000,0.0050,11,82
Random flagged lines,20,0.0500,0.0100,20000,0.0050,11,82
Isolation Forest,20,1.0000,0.2000,20000,0.0050,11,82
Rarity only (priors = 1),20,1.0000,0.2000,20000,0.0050,11,82
Priors only (no rarity),20,1.0000,0.2000,20000,0.0050,11,82
Date tests not collapsed,20,1.0000,0.2000,20000,0.0050,11,82
No amount multiplier,20,1.0000,0.2000,20000,0.0050,11,82
No Benford diversity scaling,20,1.0000,0.2000,20000,0.0050,11,82
Ceiling (flagged lines),20,1.0000,1.0000,20000,0.0050,11,82
Risk score,30,1.0000,0.3000,20000,0.0050,11,82
Number of tests hit,30,1.0000,0.3000,20000,0.0050,11,82
Amount only,30,0.5333,0.1600,20000,0.0050,11,82
Random flagged lines,30,0.0333,0.0100,20000,0.0050,11,82
Isolation Forest,30,1.0000,0.3000,20000,0.0050,11,82
Rarity only (priors = 1),30,1.0000,0.3000,20000,0.0050,11,82
Priors only (no rarity),30,1.0000,0.3000,20000,0.0050,11,82
Date tests not collapsed,30,1.0000,0.3000,20000,0.0050,11,82
No amount multiplier,30,1.0000,0.3000,20000,0.0050,11,82
No Benford diversity scaling,30,1.0000,0.3000,20000,0.0050,11,82
Ceiling (flagged lines),30,1.0000,1.0000,20000,0.0050,11,82
Risk score,40,1.0000,0.4000,20000,0.0050,11,82
Number of tests hit,40,0.9500,0.3800,20000,0.0050,11,82
Amount only,40,0.4250,0.1700,20000,0.0050,11,82
Random flagged lines,40,0.0500,0.0200,20000,0.0050,11,82
Isolation Forest,40,0.9000,0.3600,20000,0.0050,11,82
Rarity only (priors = 1),40,1.0000,0.4000,20000,0.0050,11,82
Priors only (no rarity),40,0.9750,0.3900,20000,0.0050,11,82
Date tests not collapsed,40,1.0000,0.4000,20000,0.0050,11,82
No amount multiplier,40,1.0000,0.4000,20000,0.0050,11,82
No Benford diversity scaling,40,1.0000,0.4000,20000,0.0050,11,82
Ceiling (flagged lines),40,1.0000,1.0000,20000,0.0050,11,82
Risk score,50,0.9800,0.4900,20000,0.0050,11,82
Number of tests hit,50,0.9600,0.4800,20000,0.0050,11,82
Amount only,50,0.3600,0.1800,20000,0.0050,11,82
Random flagged lines,50,0.0400,0.0200,20000,0.0050,11,82
Isolation Forest,50,0.8800,0.4400,20000,0.0050,11,82
Rarity only (priors = 1),50,1.0000,0.5000,20000,0.0050,11,82
Priors only (no rarity),50,0.9800,0.4900,20000,0.0050,11,82
Date tests not collapsed,50,0.9800,0.4900,20000,0.0050,11,82
No amount multiplier,50,0.9400,0.4700,20000,0.0050,11,82
No Benford diversity scaling,50,0.9800,0.4900,20000,0.0050,11,82
Ceiling (flagged lines),50,1.0000,1.0000,20000,0.0050,11,82
Risk score,60,0.9833,0.5900,20000,0.0050,11,82
Number of tests hit,60,0.8667,0.5200,20000,0.0050,11,82
Amount only,60,0.3667,0.2200,20000,0.0050,11,82
Random flagged lines,60,0.0333,0.0200,20000,0.0050,11,82
Isolation Forest,60,0.8500,0.5100,20000,0.0050,11,82
Rarity only (priors = 1),60,0.9833,0.5900,20000,0.0050,11,82
Priors only (no rarity),60,0.9333,0.5600,20000,0.0050,11,82
Date tests not collapsed,60,0.9833,0.5900,20000,0.0050,11,82
No amount multiplier,60,0.9333,0.5600,20000,0.0050,11,82
No Benford diversity scaling,60,0.9833,0.5900,20000,0.0050,11,82
Ceiling (flagged lines),60,1.0000,1.0000,20000,0.0050,11,82
Risk score,70,0.9857,0.6900,20000,0.0050,11,82
Number of tests hit,70,0.8286,0.5800,20000,0.0050,11,82
Amount only,70,0.3714,0.2600,20000,0.0050,11,82
Random flagged lines,70,0.0286,0.0200,20000,0.0050,11,82
Isolation Forest,70,0.8000,0.5600,20000,0.0050,11,82
Rarity only (priors = 1),70,0.9571,0.6700,20000,0.0050,11,82
Priors only (no rarity),70,0.9143,0.6400,20000,0.0050,11,82
Date tests not collapsed,70,0.9857,0.6900,20000,0.0050,11,82
No amount multiplier,70,0.9286,0.6500,20000,0.0050,11,82
No Benford diversity scaling,70,0.9857,0.6900,20000,0.0050,11,82
Ceiling (flagged lines),70,1.0000,1.0000,20000,0.0050,11,82
Risk score,80,0.9125,0.7300,20000,0.0050,11,82
Number of tests hit,80,0.8000,0.6400,20000,0.0050,11,82
Amount only,80,0.3500,0.2800,20000,0.0050,11,82
Random flagged lines,80,0.0375,0.0300,20000,0.0050,11,82
Isolation Forest,80,0.7250,0.5800,20000,0.0050,11,82
Rarity only (priors = 1),80,0.9250,0.7400,20000,0.0050,11,82
Priors only (no rarity),80,0.8625,0.6900,20000,0.0050,11,82
Date tests not collapsed,80,0.9125,0.7300,20000,0.0050,11,82
No amount multiplier,80,0.8625,0.6900,20000,0.0050,11,82
No Benford diversity scaling,80,0.9125,0.7300,20000,0.0050,11,82
Ceiling (flagged lines),80,1.0000,1.0000,20000,0.0050,11,82
Risk score,82,0.8902,0.7300,20000,0.0050,11,82
Number of tests hit,82,0.8049,0.6600,20000,0.0050,11,82
Amount only,82,0.3415,0.2800,20000,0.0050,11,82
Random flagged lines,82,0.0488,0.0400,20000,0.0050,11,82
Isolation Forest,82,0.7195,0.5900,20000,0.0050,11,82
Rarity only (priors = 1),82,0.9024,0.7400,20000,0.0050,11,82
Priors only (no rarity),82,0.8537,0.7000,20000,0.0050,11,82
Date tests not collapsed,82,0.8902,0.7300,20000,0.0050,11,82
No amount multiplier,82,0.8659,0.7100,20000,0.0050,11,82
No Benford diversity scaling,82,0.8902,0.7300,20000,0.0050,11,82
Ceiling (flagged lines),82,1.0000,1.0000,20000,0.0050,11,82
Risk score,90,0.8556,0.7700,20000,0.0050,11,82
Number of tests hit,90,0.8111,0.7300,20000,0.0050,11,82
Amount only,90,0.3222,0.2900,20000,0.0050,11,82
Random flagged lines,90,0.0667,0.0600,20000,0.0050,11,82
Isolation Forest,90,0.6556,0.5900,20000,0.0050,11,82
Rarity only (priors = 1),90,0.8444,0.7600,20000,0.0050,11,82
Priors only (no rarity),90,0.8000,0.7200,20000,0.0050,11,82
Date tests not collapsed,90,0.8556,0.7700,20000,0.0050,11,82
No amount multiplier,90,0.8000,0.7200,20000,0.0050,11,82
No Benford diversity scaling,90,0.8556,0.7700,20000,0.0050,11,82
Ceiling (flagged lines),90,1.0000,1.0000,20000,0.0050,11,82
Risk score,100,0.8100,0.8100,20000,0.0050,11,82
Number of tests hit,100,0.7700,0.7700,20000,0.0050,11,82
Amount only,100,0.3500,0.3500,20000,0.0050,11,82
Random flagged lines,100,0.0600,0.0600,20000,0.0050,11,82
Isolation Forest,100,0.5900,0.5900,20000,0.0050,11,82
Rarity only (priors = 1),100,0.8000,0.8000,20000,0.0050,11,82
Priors only (no rarity),100,0.7800,0.7800,20000,0.0050,11,82
Date tests not collapsed,100,0.8100,0.8100,20000,0.0050,11,82
No amount multiplier,100,0.7300,0.7300,20000,0.0050,11,82
No Benford diversity scaling,100,0.8100,0.8100,20000,0.0050,11,82
Ceiling (flagged lines),100,1.0000,1.0000,20000,0.0050,11,82
Risk score,110,0.7364,0.8100,20000,0.0050,11,82
Number of tests hit,110,0.7091,0.7800,20000,0.0050,11,82
Amount only,110,0.3364,0.3700,20000,0.0050,11,82
Random flagged lines,110,0.0545,0.0600,20000,0.0050,11,82
Isolation Forest,110,0.5455,0.6000,20000,0.0050,11,82
Rarity only (priors = 1),110,0.7273,0.8000,20000,0.0050,11,82
Priors only (no rarity),110,0.7273,0.8000,20000,0.0050,11,82
Date tests not collapsed,110,0.7364,0.8100,20000,0.0050,11,82
No amount multiplier,110,0.6636,0.7300,20000,0.0050,11,82
No Benford diversity scaling,110,0.7364,0.8100,20000,0.0050,11,82
Ceiling (flagged lines),110,0.9091,1.0000,20000,0.0050,11,82
Risk score,120,0.7083,0.8500,20000,0.0050,11,82
Number of tests hit,120,0.6500,0.7800,20000,0.0050,11,82
Amount only,120,0.3083,0.3700,20000,0.0050,11,82
Random flagged lines,120,0.0500,0.0600,20000,0.0050,11,82
Isolation Forest,120,0.5083,0.6100,20000,0.0050,11,82
Rarity only (priors = 1),120,0.6667,0.8000,20000,0.0050,11,82
Priors only (no rarity),120,0.6750,0.8100,20000,0.0050,11,82
Date tests not collapsed,120,0.7083,0.8500,20000,0.0050,11,82
No amount multiplier,120,0.6083,0.7300,20000,0.0050,11,82
No Benford diversity scaling,120,0.7083,0.8500,20000,0.0050,11,82
Ceiling (flagged lines),120,0.8333,1.0000,20000,0.0050,11,82
Risk score,130,0.6769,0.8800,20000,0.0050,11,82
Number of tests hit,130,0.6000,0.7800,20000,0.0050,11,82
Amount only,130,0.3077,0.4000,20000,0.0050,11,82
Random flagged lines,130,0.0538,0.0700,20000,0.0050,11,82
Isolation Forest,130,0.4769,0.6200,20000,0.0050,11,82
Rarity only (priors = 1),130,0.6769,0.8800,20000,0.0050,11,82
Priors only (no rarity),130,0.6385,0.8300,20000,0.0050,11,82
Date tests not collapsed,130,0.6769,0.8800,20000,0.0050,11,82
No amount multiplier,130,0.5615,0.7300,20000,0.0050,11,82
No Benford diversity scaling,130,0.6769,0.8800,20000,0.0050,11,82
Ceiling (flagged lines),130,0.7692,1.0000,20000,0.0050,11,82
Risk score,140,0.6357,0.8900,20000,0.0050,11,82
Number of tests hit,140,0.5571,0.7800,20000,0.0050,11,82
Amount only,140,0.2857,0.4000,20000,0.0050,11,82
Random flagged lines,140,0.0500,0.0700,20000,0.0050,11,82
Isolation Forest,140,0.4500,0.6300,20000,0.0050,11,82
Rarity only (priors = 1),140,0.6429,0.9000,20000,0.0050,11,82
Priors only (no rarity),140,0.5929,0.8300,20000,0.0050,11,82
Date tests not collapsed,140,0.6357,0.8900,20000,0.0050,11,82
No amount multiplier,140,0.5214,0.7300,20000,0.0050,11,82
No Benford diversity scaling,140,0.6357,0.8900,20000,0.0050,11,82
Ceiling (flagged lines),140,0.7143,1.0000,20000,0.0050,11,82
Risk score,150,0.6000,0.9000,20000,0.0050,11,82
Number of tests hit,150,0.5200,0.7800,20000,0.0050,11,82
Amount only,150,0.2667,0.4000,20000,0.0050,11,82
Random flagged lines,150,0.0467,0.0700,20000,0.0050,11,82
Isolation Forest,150,0.4200,0.6300,20000,0.0050,11,82
Rarity only (priors = 1),150,0.6000,0.9000,20000,0.0050,11,82
Priors only (no rarity),150,0.5533,0.8300,20000,0.0050,11,82
Date tests not collapsed,150,0.6000,0.9000,20000,0.0050,11,82
No amount multiplier,150,0.4867,0.7300,20000,0.0050,11,82
No Benford diversity scaling,150,0.6000,0.9000,20000,0.0050,11,82
Ceiling (flagged lines),150,0.6667,1.0000,20000,0.0050,11,82
Risk score,160,0.5625,0.9000,20000,0.0050,11,82
Number of tests hit,160,0.4875,0.7800,20000,0.0050,11,82
Amount only,160,0.2500,0.4000,20000,0.0050,11,82
Random flagged lines,160,0.0500,0.0800,20000,0.0050,11,82
Isolation Forest,160,0.4062,0.6500,20000,0.0050,11,82
Rarity only (priors = 1),160,0.5625,0.9000,20000,0.0050,11,82
Priors only (no rarity),160,0.5188,0.8300,20000,0.0050,11,82
Date tests not collapsed,160,0.5625,0.9000,20000,0.0050,11,82
No amount multiplier,160,0.4562,0.7300,20000,0.0050,11,82
No Benford diversity scaling,160,0.5625,0.9000,20000,0.0050,11,82
Ceiling (flagged lines),160,0.6250,1.0000,20000,0.0050,11,82
Risk score,170,0.5294,0.9000,20000,0.0050,11,82
Number of tests hit,170,0.4588,0.7800,20000,0.0050,11,82
Amount only,170,0.2353,0.4000,20000,0.0050,11,82
Random flagged lines,170,0.0471,0.0800,20000,0.0050,11,82
Isolation Forest,170,0.3824,0.6500,20000,0.0050,11,82
Rarity only (priors = 1),170,0.5294,0.9000,20000,0.0050,11,82
Priors only (no rarity),170,0.4882,0.8300,20000,0.0050,11,82
Date tests not collapsed,170,0.5294,0.9000,20000,0.0050,11,82
No amount multiplier,170,0.4412,0.7500,20000,0.0050,11,82
No Benford diversity scaling,170,0.5294,0.9000,20000,0.0050,11,82
Ceiling (flagged lines),170,0.5882,1.0000,20000,0.0050,11,82
Risk score,180,0.5000,0.9000,20000,0.0050,11,82
Number of tests hit,180,0.4333,0.7800,20000,0.0050,11,82
Amount only,180,0.2278,0.4100,20000,0.0050,11,82
Random flagged lines,180,0.0444,0.0800,20000,0.0050,11,82
Isolation Forest,180,0.3778,0.6800,20000,0.0050,11,82
Rarity only (priors = 1),180,0.5000,0.9000,20000,0.0050,11,82
Priors only (no rarity),180,0.4611,0.8300,20000,0.0050,11,82
Date tests not collapsed,180,0.5000,0.9000,20000,0.0050,11,82
No amount multiplier,180,0.4167,0.7500,20000,0.0050,11,82
No Benford diversity scaling,180,0.5000,0.9000,20000,0.0050,11,82
Ceiling (flagged lines),180,0.5556,1.0000,20000,0.0050,11,82
Risk score,190,0.4737,0.9000,20000,0.0050,11,82
Number of tests hit,190,0.4105,0.7800,20000,0.0050,11,82
Amount only,190,0.2211,0.4200,20000,0.0050,11,82
Random flagged lines,190,0.0474,0.0900,20000,0.0050,11,82
Isolation Forest,190,0.3632,0.6900,20000,0.0050,11,82
Rarity only (priors = 1),190,0.4737,0.9000,20000,0.0050,11,82
Priors only (no rarity),190,0.4368,0.8300,20000,0.0050,11,82
Date tests not collapsed,190,0.4737,0.9000,20000,0.0050,11,82
No amount multiplier,190,0.3947,0.7500,20000,0.0050,11,82
No Benford diversity scaling,190,0.4737,0.9000,20000,0.0050,11,82
Ceiling (flagged lines),190,0.5263,1.0000,20000,0.0050,11,82
Risk score,200,0.4500,0.9000,20000,0.0050,11,82
Number of tests hit,200,0.3900,0.7800,20000,0.0050,11,82
Amount only,200,0.2150,0.4300,20000,0.0050,11,82
Random flagged lines,200,0.0500,0.1000,20000,0.0050,11,82
Isolation Forest,200,0.3550,0.7100,20000,0.0050,11,82
Rarity only (priors = 1),200,0.4500,0.9000,20000,0.0050,11,82
Priors only (no rarity),200,0.4150,0.8300,20000,0.0050,11,82
Date tests not collapsed,200,0.4500,0.9000,20000,0.0050,11,82
No amount multiplier,200,0.3800,0.7600,20000,0.0050,11,82
No Benford diversity scaling,200,0.4500,0.9000,20000,0.0050,11,82
Ceiling (flagged lines),200,0.5000,1.0000,20000,0.0050,11,82
Risk score,210,0.4286,0.9000,20000,0.0050,11,82
Number of tests hit,210,0.3714,0.7800,20000,0.0050,11,82
Amount only,210,0.2095,0.4400,20000,0.0050,11,82
Random flagged lines,210,0.0476,0.1000,20000,0.0050,11,82
Isolation Forest,210,0.3381,0.7100,20000,0.0050,11,82
Rarity only (priors = 1),210,0.4286,0.9000,20000,0.0050,11,82
Priors only (no rarity),210,0.3952,0.8300,20000,0.0050,11,82
Date tests not collapsed,210,0.4286,0.9000,20000,0.0050,11,82
No amount multiplier,210,0.3619,0.7600,20000,0.0050,11,82
No Benford diversity scaling,210,0.4286,0.9000,20000,0.0050,11,82
Ceiling (flagged lines),210,0.4762,1.0000,20000,0.0050,11,82
Risk score,220,0.4091,0.9000,20000,0.0050,11,82
Number of tests hit,220,0.3545,0.7800,20000,0.0050,11,82
Amount only,220,0.2045,0.4500,20000,0.0050,11,82
Random flagged lines,220,0.0455,0.1000,20000,0.0050,11,82
Isolation Forest,220,0.3227,0.7100,20000,0.0050,11,82
Rarity only (priors = 1),220,0.4091,0.9000,20000,0.0050,11,82
Priors only (no rarity),220,0.3773,0.8300,20000,0.0050,11,82
Date tests not collapsed,220,0.4091,0.9000,20000,0.0050,11,82
No amount multiplier,220,0.3455,0.7600,20000,0.0050,11,82
No Benford diversity scaling,220,0.4091,0.9000,20000,0.0050,11,82
Ceiling (flagged lines),220,0.4545,1.0000,20000,0.0050,11,82
Risk score,230,0.3913,0.9000,20000,0.0050,11,82
Number of tests hit,230,0.3391,0.7800,20000,0.0050,11,82
Amount only,230,0.2000,0.4600,20000,0.0050,11,82
Random flagged lines,230,0.0435,0.1000,20000,0.0050,11,82
Isolation Forest,230,0.3130,0.7200,20000,0.0050,11,82
Rarity only (priors = 1),230,0.3957,0.9100,20000,0.0050,11,82
Priors only (no rarity),230,0.3609,0.8300,20000,0.0050,11,82
Date tests not collapsed,230,0.3913,0.9000,20000,0.0050,11,82
No amount multiplier,230,0.3304,0.7600,20000,0.0050,11,82
No Benford diversity scaling,230,0.3913,0.9000,20000,0.0050,11,82
Ceiling (flagged lines),230,0.4348,1.0000,20000,0.0050,11,82
Risk score,240,0.3792,0.9100,20000,0.0050,11,82
Number of tests hit,240,0.3250,0.7800,20000,0.0050,11,82
Amount only,240,0.1917,0.4600,20000,0.0050,11,82
Random flagged lines,240,0.0417,0.1000,20000,0.0050,11,82
Isolation Forest,240,0.3000,0.7200,20000,0.0050,11,82
Rarity only (priors = 1),240,0.3792,0.9100,20000,0.0050,11,82
Priors only (no rarity),240,0.3458,0.8300,20000,0.0050,11,82
Date tests not collapsed,240,0.3792,0.9100,20000,0.0050,11,82
No amount multiplier,240,0.3333,0.8000,20000,0.0050,11,82
No Benford diversity scaling,240,0.3792,0.9100,20000,0.0050,11,82
Ceiling (flagged lines),240,0.4167,1.0000,20000,0.0050,11,82
Risk score,250,0.3680,0.9200,20000,0.0050,11,82
Number of tests hit,250,0.3120,0.7800,20000,0.0050,11,82
Amount only,250,0.1920,0.4800,20000,0.0050,11,82
Random flagged lines,250,0.0400,0.1000,20000,0.0050,11,82
Isolation Forest,250,0.2880,0.7200,20000,0.0050,11,82
Rarity only (priors = 1),250,0.3640,0.9100,20000,0.0050,11,82
Priors only (no rarity),250,0.3360,0.8400,20000,0.0050,11,82
Date tests not collapsed,250,0.3680,0.9200,20000,0.0050,11,82
No amount multiplier,250,0.3280,0.8200,20000,0.0050,11,82
No Benford diversity scaling,250,0.3680,0.9200,20000,0.0050,11,82
Ceiling (flagged lines),250,0.4000,1.0000,20000,0.0050,11,82
Risk score,260,0.3577,0.9300,20000,0.0050,11,82
Number of tests hit,260,0.3000,0.7800,20000,0.0050,11,82
Amount only,260,0.1923,0.5000,20000,0.0050,11,82
Random flagged lines,260,0.0423,0.1100,20000,0.0050,11,82
Isolation Forest,260,0.2769,0.7200,20000,0.0050,11,82
Rarity only (priors = 1),260,0.3538,0.9200,20000,0.0050,11,82
Priors only (no rarity),260,0.3231,0.8400,20000,0.0050,11,82
Date tests not collapsed,260,0.3577,0.9300,20000,0.0050,11,82
No amount multiplier,260,0.3154,0.8200,20000,0.0050,11,82
No Benford diversity scaling,260,0.3577,0.9300,20000,0.0050,11,82
Ceiling (flagged lines),260,0.3846,1.0000,20000,0.0050,11,82
Risk score,270,0.3444,0.9300,20000,0.0050,11,82
Number of tests hit,270,0.2889,0.7800,20000,0.0050,11,82
Amount only,270,0.1926,0.5200,20000,0.0050,11,82
Random flagged lines,270,0.0407,0.1100,20000,0.0050,11,82
Isolation Forest,270,0.2667,0.7200,20000,0.0050,11,82
Rarity only (priors = 1),270,0.3444,0.9300,20000,0.0050,11,82
Priors only (no rarity),270,0.3148,0.8500,20000,0.0050,11,82
Date tests not collapsed,270,0.3444,0.9300,20000,0.0050,11,82
No amount multiplier,270,0.3037,0.8200,20000,0.0050,11,82
No Benford diversity scaling,270,0.3444,0.9300,20000,0.0050,11,82
Ceiling (flagged lines),270,0.3704,1.0000,20000,0.0050,11,82
Risk score,280,0.3321,0.9300,20000,0.0050,11,82
Number of tests hit,280,0.2786,0.7800,20000,0.0050,11,82
Amount only,280,0.1893,0.5300,20000,0.0050,11,82
Random flagged lines,280,0.0429,0.1200,20000,0.0050,11,82
Isolation Forest,280,0.2571,0.7200,20000,0.0050,11,82
Rarity only (priors = 1),280,0.3357,0.9400,20000,0.0050,11,82
Priors only (no rarity),280,0.3071,0.8600,20000,0.0050,11,82
Date tests not collapsed,280,0.3321,0.9300,20000,0.0050,11,82
No amount multiplier,280,0.2929,0.8200,20000,0.0050,11,82
No Benford diversity scaling,280,0.3321,0.9300,20000,0.0050,11,82
Ceiling (flagged lines),280,0.3571,1.0000,20000,0.0050,11,82
Risk score,290,0.3207,0.9300,20000,0.0050,11,82
Number of tests hit,290,0.2690,0.7800,20000,0.0050,11,82
Amount only,290,0.1828,0.5300,20000,0.0050,11,82
Random flagged lines,290,0.0414,0.1200,20000,0.0050,11,82
Isolation Forest,290,0.2483,0.7200,20000,0.0050,11,82
Rarity only (priors = 1),290,0.3241,0.9400,20000,0.0050,11,82
Priors only (no rarity),290,0.2966,0.8600,20000,0.0050,11,82
Date tests not collapsed,290,0.3207,0.9300,20000,0.0050,11,82
No amount multiplier,290,0.2828,0.8200,20000,0.0050,11,82
No Benford diversity scaling,290,0.3207,0.9300,20000,0.0050,11,82
Ceiling (flagged lines),290,0.3448,1.0000,20000,0.0050,11,82
Risk score,300,0.3100,0.9300,20000,0.0050,11,82
Number of tests hit,300,0.2600,0.7800,20000,0.0050,11,82
Amount only,300,0.1767,0.5300,20000,0.0050,11,82
Random flagged lines,300,0.0400,0.1200,20000,0.0050,11,82
Isolation Forest,300,0.2400,0.7200,20000,0.0050,11,82
Rarity only (priors = 1),300,0.3133,0.9400,20000,0.0050,11,82
Priors only (no rarity),300,0.2867,0.8600,20000,0.0050,11,82
Date tests not collapsed,300,0.3100,0.9300,20000,0.0050,11,82
No amount multiplier,300,0.2767,0.8300,20000,0.0050,11,82
No Benford diversity scaling,300,0.3100,0.9300,20000,0.0050,11,82
Ceiling (flagged lines),300,0.3333,1.0000,20000,0.0050,11,82
Risk score,10,1.0000,0.1000,20000,0.0050,12,82
Number of tests hit,10,1.0000,0.1000,20000,0.0050,12,82
Amount only,10,0.2000,0.0200,20000,0.0050,12,82
Random flagged lines,10,0.0000,0.0000,20000,0.0050,12,82
Isolation Forest,10,1.0000,0.1000,20000,0.0050,12,82
Rarity only (priors = 1),10,1.0000,0.1000,20000,0.0050,12,82
Priors only (no rarity),10,1.0000,0.1000,20000,0.0050,12,82
Date tests not collapsed,10,1.0000,0.1000,20000,0.0050,12,82
No amount multiplier,10,1.0000,0.1000,20000,0.0050,12,82
No Benford diversity scaling,10,1.0000,0.1000,20000,0.0050,12,82
Ceiling (flagged lines),10,1.0000,1.0000,20000,0.0050,12,82
Risk score,20,1.0000,0.2000,20000,0.0050,12,82
Number of tests hit,20,1.0000,0.2000,20000,0.0050,12,82
Amount only,20,0.5000,0.1000,20000,0.0050,12,82
Random flagged lines,20,0.0000,0.0000,20000,0.0050,12,82
Isolation Forest,20,1.0000,0.2000,20000,0.0050,12,82
Rarity only (priors = 1),20,1.0000,0.2000,20000,0.0050,12,82
Priors only (no rarity),20,1.0000,0.2000,20000,0.0050,12,82
Date tests not collapsed,20,1.0000,0.2000,20000,0.0050,12,82
No amount multiplier,20,1.0000,0.2000,20000,0.0050,12,82
No Benford diversity scaling,20,1.0000,0.2000,20000,0.0050,12,82
Ceiling (flagged lines),20,1.0000,1.0000,20000,0.0050,12,82
Risk score,30,1.0000,0.3000,20000,0.0050,12,82
Number of tests hit,30,1.0000,0.3000,20000,0.0050,12,82
Amount only,30,0.6000,0.1800,20000,0.0050,12,82
Random flagged lines,30,0.0000,0.0000,20000,0.0050,12,82
Isolation Forest,30,0.9667,0.2900,20000,0.0050,12,82
Rarity only (priors = 1),30,1.0000,0.3000,20000,0.0050,12,82
Priors only (no rarity),30,1.0000,0.3000,20000,0.0050,12,82
Date tests not collapsed,30,1.0000,0.3000,20000,0.0050,12,82
No amount multiplier,30,1.0000,0.3000,20000,0.0050,12,82
No Benford diversity scaling,30,1.0000,0.3000,20000,0.0050,12,82
Ceiling (flagged lines),30,1.0000,1.0000,20000,0.0050,12,82
Risk score,40,1.0000,0.4000,20000,0.0050,12,82
Number of tests hit,40,1.0000,0.4000,20000,0.0050,12,82
Amount only,40,0.5500,0.2200,20000,0.0050,12,82
Random flagged lines,40,0.0000,0.0000,20000,0.0050,12,82
Isolation Forest,40,0.9000,0.3600,20000,0.0050,12,82
Rarity only (priors = 1),40,1.0000,0.4000,20000,0.0050,12,82
Priors only (no rarity),40,1.0000,0.4000,20000,0.0050,12,82
Date tests not collapsed,40,1.0000,0.4000,20000,0.0050,12,82
No amount multiplier,40,1.0000,0.4000,20000,0.0050,12,82
No Benford diversity scaling,40,1.0000,0.4000,20000,0.0050,12,82
Ceiling (flagged lines),40,1.0000,1.0000,20000,0.0050,12,82
Risk score,50,1.0000,0.5000,20000,0.0050,12,82
Number of tests hit,50,1.0000,0.5000,20000,0.0050,12,82
Amount only,50,0.4800,0.2400,20000,0.0050,12,82
Random flagged lines,50,0.0000,0.0000,20000,0.0050,12,82
Isolation Forest,50,0.8600,0.4300,20000,0.0050,12,82
Rarity only (priors = 1),50,1.0000,0.5000,20000,0.0050,12,82
Priors only (no rarity),50,0.9600,0.4800,20000,0.0050,12,82
Date tests not collapsed,50,1.0000,0.5000,20000,0.0050,12,82
No amount multiplier,50,1.0000,0.5000,20000,0.0050,12,82
No Benford diversity scaling,50,1.0000,0.5000,20000,0.0050,12,82
Ceiling (flagged lines),50,1.0000,1.0000,20000,0.0050,12,82
Risk score,60,1.0000,0.6000,20000,0.0050,12,82
Number of tests hit,60,0.9333,0.5600,20000,0.0050,12,82
Amount only,60,0.4500,0.2700,20000,0.0050,12,82
Random flagged lines,60,0.0000,0.0000,20000,0.0050,12,82
Isolation Forest,60,0.8333,0.5000,20000,0.0050,12,82
Rarity only (priors = 1),60,1.0000,0.6000,20000,0.0050,12,82
Priors only (no rarity),60,0.9667,0.5800,20000,0.0050,12,82
Date tests not collapsed,60,1.0000,0.6000,20000,0.0050,12,82
No amount multiplier,60,0.9833,0.5900,20000,0.0050,12,82
No Benford diversity scaling,60,1.0000,0.6000,20000,0.0050,12,82
Ceiling (flagged lines),60,1.0000,1.0000,20000,0.0050,12,82
Risk score,70,0.9714,0.6800,20000,0.0050,12,82
Number of tests hit,70,0.9429,0.6600,20000,0.0050,12,82
Amount only,70,0.4286,0.3000,20000,0.0050,12,82
Random flagged lines,70,0.0000,0.0000,20000,0.0050,12,82
Isolation Forest,70,0.8000,0.5600,20000,0.0050,12,82
Rarity only (priors = 1),70,0.9857,0.6900,20000,0.0050,12,82
Priors only (no rarity),70,0.9000,0.6300,20000,0.0050,12,82
Date tests not collapsed,70,0.9714,0.6800,20000,0.0050,12,82
No amount multiplier,70,0.9429,0.6600,20000,0.0050,12,82
No Benford diversity scaling,70,0.9714,0.6800,20000,0.0050,12,82
Ceiling (flagged lines),70,1.0000,1.0000,20000,0.0050,12,82
Risk score,80,0.9125,0.7300,20000,0.0050,12,82
Number of tests hit,80,0.8750,0.7000,20000,0.0050,12,82
Amount only,80,0.4375,0.3500,20000,0.0050,12,82
Random flagged lines,80,0.0000,0.0000,20000,0.0050,12,82
Isolation Forest,80,0.7750,0.6200,20000,0.0050,12,82
Rarity only (priors = 1),80,0.9500,0.7600,20000,0.0050,12,82
Priors only (no rarity),80,0.8500,0.6800,20000,0.0050,12,82
Date tests not collapsed,80,0.9125,0.7300,20000,0.0050,12,82
No amount multiplier,80,0.8625,0.6900,20000,0.0050,12,82
No Benford diversity scaling,80,0.9125,0.7300,20000,0.0050,12,82
Ceiling (flagged lines),80,1.0000,1.0000,20000,0.0050,12,82
Risk score,82,0.9024,0.7400,20000,0.0050,12,82
Number of tests hit,82,0.8659,0.7100,20000,0.0050,12,82
Amount only,82,0.4268,0.3500,20000,0.0050,12,82
Random flagged lines,82,0.0000,0.0000,20000,0.0050,12,82
Isolation Forest,82,0.7561,0.6200,20000,0.0050,12,82
Rarity only (priors = 1),82,0.9390,0.7700,20000,0.0050,12,82
Priors only (no rarity),82,0.8415,0.6900,20000,0.0050,12,82
Date tests not collapsed,82,0.9024,0.7400,20000,0.0050,12,82
No amount multiplier,82,0.8415,0.6900,20000,0.0050,12,82
No Benford diversity scaling,82,0.9024,0.7400,20000,0.0050,12,82
Ceiling (flagged lines),82,1.0000,1.0000,20000,0.0050,12,82
Risk score,90,0.8556,0.7700,20000,0.0050,12,82
Number of tests hit,90,0.8111,0.7300,20000,0.0050,12,82
Amount only,90,0.4000,0.3600,20000,0.0050,12,82
Random flagged lines,90,0.0000,0.0000,20000,0.0050,12,82
Isolation Forest,90,0.7222,0.6500,20000,0.0050,12,82
Rarity only (priors = 1),90,0.8778,0.7900,20000,0.0050,12,82
Priors only (no rarity),90,0.8111,0.7300,20000,0.0050,12,82
Date tests not collapsed,90,0.8556,0.7700,20000,0.0050,12,82
No amount multiplier,90,0.8222,0.7400,20000,0.0050,12,82
No Benford diversity scaling,90,0.8556,0.7700,20000,0.0050,12,82
Ceiling (flagged lines),90,1.0000,1.0000,20000,0.0050,12,82
Risk score,100,0.8100,0.8100,20000,0.0050,12,82
Number of tests hit,100,0.7300,0.7300,20000,0.0050,12,82
Amount only,100,0.3700,0.3700,20000,0.0050,12,82
Random flagged lines,100,0.0000,0.0000,20000,0.0050,12,82
Isolation Forest,100,0.6500,0.6500,20000,0.0050,12,82
Rarity only (priors = 1),100,0.8000,0.8000,20000,0.0050,12,82
Priors only (no rarity),100,0.7700,0.7700,20000,0.0050,12,82
Date tests not collapsed,100,0.8100,0.8100,20000,0.0050,12,82
No amount multiplier,100,0.7600,0.7600,20000,0.0050,12,82
No Benford diversity scaling,100,0.8100,0.8100,20000,0.0050,12,82
Ceiling (flagged lines),100,1.0000,1.0000,20000,0.0050,12,82
Risk score,110,0.7727,0.8500,20000,0.0050,12,82
Number of tests hit,110,0.7091,0.7800,20000,0.0050,12,82
Amount only,110,0.3455,0.3800,20000,0.0050,12,82
Random flagged lines,110,0.0000,0.0000,20000,0.0050,12,82
Isolation Forest,110,0.5909,0.6500,20000,0.0050,12,82
Rarity only (priors = 1),110,0.7636,0.8400,20000,0.0050,12,82
Priors only (no rarity),110,0.7091,0.7800,20000,0.0050,12,82
Date tests not collapsed,110,0.7727,0.8500,20000,0.0050,12,82
No amount multiplier,110,0.6909,0.7600,20000,0.0050,12,82
No Benford diversity scaling,110,0.7727,0.8500,20000,0.0050,12,82
Ceiling (flagged lines),110,0.9091,1.0000,20000,0.0050,12,82
Risk score,120,0.7417,0.8900,20000,0.0050,12,82
Number of tests hit,120,0.6583,0.7900,20000,0.0050,12,82
Amount only,120,0.3167,0.3800,20000,0.0050,12,82
Random flagged lines,120,0.0000,0.0000,20000,0.0050,12,82
Isolation Forest,120,0.5583,0.6700,20000,0.0050,12,82
Rarity only (priors = 1),120,0.7250,0.8700,20000,0.0050,12,82
Priors only (no rarity),120,0.6583,0.7900,20000,0.0050,12,82
Date tests not collapsed,120,0.7417,0.8900,20000,0.0050,12,82
No amount multiplier,120,0.6333,0.7600,20000,0.0050,12,82
No Benford diversity scaling,120,0.7417,0.8900,20000,0.0050,12,82
Ceiling (flagged lines),120,0.8333,1.0000,20000,0.0050,12,82
Risk score,130,0.6846,0.8900,20000,0.0050,12,82
Number of tests hit,130,0.6077,0.7900,20000,0.0050,12,82
Amount only,130,0.2923,0.3800,20000,0.0050,12,82
Random flagged lines,130,0.0000,0.0000,20000,0.0050,12,82
Isolation Forest,130,0.5231,0.6800,20000,0.0050,12,82
Rarity only (priors = 1),130,0.6692,0.8700,20000,0.0050,12,82
Priors only (no rarity),130,0.6077,0.7900,20000,0.0050,12,82
Date tests not collapsed,130,0.6846,0.8900,20000,0.0050,12,82
No amount multiplier,130,0.5923,0.7700,20000,0.0050,12,82
No Benford diversity scaling,130,0.6846,0.8900,20000,0.0050,12,82
Ceiling (flagged lines),130,0.7692,1.0000,20000,0.0050,12,82
Risk score,140,0.6357,0.8900,20000,0.0050,12,82
Number of tests hit,140,0.5643,0.7900,20000,0.0050,12,82
Amount only,140,0.2929,0.4100,20000,0.0050,12,82
Random flagged lines,140,0.0000,0.0000,20000,0.0050,12,82
Isolation Forest,140,0.4857,0.6800,20000,0.0050,12,82
Rarity only (priors = 1),140,0.6286,0.8800,20000,0.0050,12,82
Priors only (no rarity),140,0.5714,0.8000,20000,0.0050,12,82
Date tests not collapsed,140,0.6357,0.8900,20000,0.0050,12,82
No amount multiplier,140,0.5714,0.8000,20000,0.0050,12,82
No Benford diversity scaling,140,0.6357,0.8900,20000,0.0050,12,82
Ceiling (flagged lines),140,0.7143,1.0000,20000,0.0050,12,82
Risk score,150,0.6000,0.9000,20000,0.0050,12,82
Number of tests hit,150,0.5267,0.7900,20000,0.0050,12,82
Amount only,150,0.2733,0.4100,20000,0.0050,12,82
Random flagged lines,150,0.0000,0.0000,20000,0.0050,12,82
Isolation Forest,150,0.4533,0.6800,20000,0.0050,12,82
Rarity only (priors = 1),150,0.6000,0.9000,20000,0.0050,12,82
Priors only (no rarity),150,0.5333,0.8000,20000,0.0050,12,82
Date tests not collapsed,150,0.6000,0.9000,20000,0.0050,12,82
No amount multiplier,150,0.5467,0.8200,20000,0.0050,12,82
No Benford diversity scaling,150,0.6000,0.9000,20000,0.0050,12,82
Ceiling (flagged lines),150,0.6667,1.0000,20000,0.0050,12,82
Risk score,160,0.5625,0.9000,20000,0.0050,12,82
Number of tests hit,160,0.4938,0.7900,20000,0.0050,12,82
Amount only,160,0.2687,0.4300,20000,0.0050,12,82
Random flagged lines,160,0.0125,0.0200,20000,0.0050,12,82
Isolation Forest,160,0.4250,0.6800,20000,0.0050,12,82
Rarity only (priors = 1),160,0.5625,0.9000,20000,0.0050,12,82
Priors only (no rarity),160,0.5000,0.8000,20000,0.0050,12,82
Date tests not collapsed,160,0.5625,0.9000,20000,0.0050,12,82
No amount multiplier,160,0.5125,0.8200,20000,0.0050,12,82
No Benford diversity scaling,160,0.5625,0.9000,20000,0.0050,12,82
Ceiling (flagged lines),160,0.6250,1.0000,20000,0.0050,12,82
Risk score,170,0.5294,0.9000,20000,0.0050,12,82
Number of tests hit,170,0.4647,0.7900,20000,0.0050,12,82
Amount only,170,0.2647,0.4500,20000,0.0050,12,82
Random flagged lines,170,0.0118,0.0200,20000,0.0050,12,82
Isolation Forest,170,0.4118,0.7000,20000,0.0050,12,82
Rarity only (priors = 1),170,0.5353,0.9100,20000,0.0050,12,82
Priors only (no rarity),170,0.4706,0.8000,20000,0.0050,12,82
Date tests not collapsed,170,0.5294,0.9000,20000,0.0050,12,82
No amount multiplier,170,0.4824,0.8200,20000,0.0050,12,82
No Benford diversity scaling,170,0.5294,0.9000,20000,0.0050,12,82
Ceiling (flagged lines),170,0.5882,1.0000,20000,0.0050,12,82
Risk score,180,0.5056,0.9100,20000,0.0050,12,82
Number of tests hit,180,0.4389,0.7900,20000,0.0050,12,82
Amount only,180,0.2500,0.4500,20000,0.0050,12,82
Random flagged lines,180,0.0167,0.0300,20000,0.0050,12,82
Isolation Forest,180,0.4056,0.7300,20000,0.0050,12,82
Rarity only (priors = 1),180,0.5056,0.9100,20000,0.0050,12,82
Priors only (no rarity),180,0.4444,0.8000,20000,0.0050,12,82
Date tests not collapsed,180,0.5056,0.9100,20000,0.0050,12,82
No amount multiplier,180,0.4556,0.8200,20000,0.0050,12,82
No Benford diversity scaling,180,0.5056,0.9100,20000,0.0050,12,82
Ceiling (flagged lines),180,0.5556,1.0000,20000,0.0050,12,82
Risk score,190,0.4789,0.9100,20000,0.0050,12,82
Number of tests hit,190,0.4158,0.7900,20000,0.0050,12,82
Amount only,190,0.2368,0.4500,20000,0.0050,12,82
Random flagged lines,190,0.0158,0.0300,20000,0.0050,12,82
Isolation Forest,190,0.3842,0.7300,20000,0.0050,12,82
Rarity only (priors = 1),190,0.4789,0.9100,20000,0.0050,12,82
Priors only (no rarity),190,0.4211,0.8000,20000,0.0050,12,82
Date tests not collapsed,190,0.4789,0.9100,20000,0.0050,12,82
No amount multiplier,190,0.4316,0.8200,20000,0.0050,12,82
No Benford diversity scaling,190,0.4789,0.9100,20000,0.0050,12,82
Ceiling (flagged lines),190,0.5263,1.0000,20000,0.0050,12,82
Risk score,200,0.4550,0.9100,20000,0.0050,12,82
Number of tests hit,200,0.3950,0.7900,20000,0.0050,12,82
Amount only,200,0.2300,0.4600,20000,0.0050,12,82
Random flagged lines,200,0.0150,0.0300,20000,0.0050,12,82
Isolation Forest,200,0.3650,0.7300,20000,0.0050,12,82
Rarity only (priors = 1),200,0.4550,0.9100,20000,0.0050,12,82
Priors only (no rarity),200,0.4000,0.8000,20000,0.0050,12,82
Date tests not collapsed,200,0.4550,0.9100,20000,0.0050,12,82
No amount multiplier,200,0.4100,0.8200,20000,0.0050,12,82
No Benford diversity scaling,200,0.4550,0.9100,20000,0.0050,12,82
Ceiling (flagged lines),200,0.5000,1.0000,20000,0.0050,12,82
Risk score,210,0.4333,0.9100,20000,0.0050,12,82
Number of tests hit,210,0.3762,0.7900,20000,0.0050,12,82
Amount only,210,0.2333,0.4900,20000,0.0050,12,82
Random flagged lines,210,0.0143,0.0300,20000,0.0050,12,82
Isolation Forest,210,0.3619,0.7600,20000,0.0050,12,82
Rarity only (priors = 1),210,0.4333,0.9100,20000,0.0050,12,82
Priors only (no rarity),210,0.3810,0.8000,20000,0.0050,12,82
Date tests not collapsed,210,0.4333,0.9100,20000,0.0050,12,82
No amount multiplier,210,0.3905,0.8200,20000,0.0050,12,82
No Benford diversity scaling,210,0.4333,0.9100,20000,0.0050,12,82
Ceiling (flagged lines),210,0.4762,1.0000,20000,0.0050,12,82
Risk score,220,0.4136,0.9100,20000,0.0050,12,82
Number of tests hit,220,0.3591,0.7900,20000,0.0050,12,82
Amount only,220,0.2273,0.5000,20000,0.0050,12,82
Random flagged lines,220,0.0136,0.0300,20000,0.0050,12,82
Isolation Forest,220,0.3500,0.7700,20000,0.0050,12,82
Rarity only (priors = 1),220,0.4182,0.9200,20000,0.0050,12,82
Priors only (no rarity),220,0.3727,0.8200,20000,0.0050,12,82
Date tests not collapsed,220,0.4136,0.9100,20000,0.0050,12,82
No amount multiplier,220,0.3727,0.8200,20000,0.0050,12,82
No Benford diversity scaling,220,0.4136,0.9100,20000,0.0050,12,82
Ceiling (flagged lines),220,0.4545,1.0000,20000,0.0050,12,82
Risk score,230,0.4000,0.9200,20000,0.0050,12,82
Number of tests hit,230,0.3435,0.7900,20000,0.0050,12,82
Amount only,230,0.2174,0.5000,20000,0.0050,12,82
Random flagged lines,230,0.0217,0.0500,20000,0.0050,12,82
Isolation Forest,230,0.3348,0.7700,20000,0.0050,12,82
Rarity only (priors = 1),230,0.4000,0.9200,20000,0.0050,12,82
Priors only (no rarity),230,0.3609,0.8300,20000,0.0050,12,82
Date tests not collapsed,230,0.4000,0.9200,20000,0.0050,12,82
No amount multiplier,230,0.3565,0.8200,20000,0.0050,12,82
No Benford diversity scaling,230,0.4000,0.9200,20000,0.0050,12,82
Ceiling (flagged lines),230,0.4348,1.0000,20000,0.0050,12,82
Risk score,240,0.3875,0.9300,20000,0.0050,12,82
Number of tests hit,240,0.3292,0.7900,20000,0.0050,12,82
Amount only,240,0.2083,0.5000,20000,0.0050,12,82
Random flagged lines,240,0.0208,0.0500,20000,0.0050,12,82
Isolation Forest,240,0.3250,0.7800,20000,0.0050,12,82
Rarity only (priors = 1),240,0.3833,0.9200,20000,0.0050,12,82
Priors only (no rarity),240,0.3458,0.8300,20000,0.0050,12,82
Date tests not collapsed,240,0.3875,0.9300,20000,0.0050,12,82
No amount multiplier,240,0.3417,0.8200,20000,0.0050,12,82
No Benford diversity scaling,240,0.3875,0.9300,20000,0.0050,12,82
Ceiling (flagged lines),240,0.4167,1.0000,20000,0.0050,12,82
Risk score,250,0.3720,0.9300,20000,0.0050,12,82
Number of tests hit,250,0.3160,0.7900,20000,0.0050,12,82
Amount only,250,0.2000,0.5000,20000,0.0050,12,82
Random flagged lines,250,0.0200,0.0500,20000,0.0050,12,82
Isolation Forest,250,0.3120,0.7800,20000,0.0050,12,82
Rarity only (priors = 1),250,0.3720,0.9300,20000,0.0050,12,82
Priors only (no rarity),250,0.3320,0.8300,20000,0.0050,12,82
Date tests not collapsed,250,0.3720,0.9300,20000,0.0050,12,82
No amount multiplier,250,0.3360,0.8400,20000,0.0050,12,82
No Benford diversity scaling,250,0.3720,0.9300,20000,0.0050,12,82
Ceiling (flagged lines),250,0.4000,1.0000,20000,0.0050,12,82
Risk score,260,0.3577,0.9300,20000,0.0050,12,82
Number of tests hit,260,0.3038,0.7900,20000,0.0050,12,82
Amount only,260,0.1923,0.5000,20000,0.0050,12,82
Random flagged lines,260,0.0231,0.0600,20000,0.0050,12,82
Isolation Forest,260,0.3000,0.7800,20000,0.0050,12,82
Rarity only (priors = 1),260,0.3577,0.9300,20000,0.0050,12,82
Priors only (no rarity),260,0.3192,0.8300,20000,0.0050,12,82
Date tests not collapsed,260,0.3577,0.9300,20000,0.0050,12,82
No amount multiplier,260,0.3269,0.8500,20000,0.0050,12,82
No Benford diversity scaling,260,0.3577,0.9300,20000,0.0050,12,82
Ceiling (flagged lines),260,0.3846,1.0000,20000,0.0050,12,82
Risk score,270,0.3444,0.9300,20000,0.0050,12,82
Number of tests hit,270,0.2926,0.7900,20000,0.0050,12,82
Amount only,270,0.1852,0.5000,20000,0.0050,12,82
Random flagged lines,270,0.0222,0.0600,20000,0.0050,12,82
Isolation Forest,270,0.2926,0.7900,20000,0.0050,12,82
Rarity only (priors = 1),270,0.3593,0.9700,20000,0.0050,12,82
Priors only (no rarity),270,0.3111,0.8400,20000,0.0050,12,82
Date tests not collapsed,270,0.3444,0.9300,20000,0.0050,12,82
No amount multiplier,270,0.3148,0.8500,20000,0.0050,12,82
No Benford diversity scaling,270,0.3444,0.9300,20000,0.0050,12,82
Ceiling (flagged lines),270,0.3704,1.0000,20000,0.0050,12,82
Risk score,280,0.3393,0.9500,20000,0.0050,12,82
Number of tests hit,280,0.2821,0.7900,20000,0.0050,12,82
Amount only,280,0.1857,0.5200,20000,0.0050,12,82
Random flagged lines,280,0.0250,0.0700,20000,0.0050,12,82
Isolation Forest,280,0.2821,0.7900,20000,0.0050,12,82
Rarity only (priors = 1),280,0.3500,0.9800,20000,0.0050,12,82
Priors only (no rarity),280,0.3000,0.8400,20000,0.0050,12,82
Date tests not collapsed,280,0.3357,0.9400,20000,0.0050,12,82
No amount multiplier,280,0.3036,0.8500,20000,0.0050,12,82
No Benford diversity scaling,280,0.3393,0.9500,20000,0.0050,12,82
Ceiling (flagged lines),280,0.3571,1.0000,20000,0.0050,12,82
Risk score,290,0.3276,0.9500,20000,0.0050,12,82
Number of tests hit,290,0.2724,0.7900,20000,0.0050,12,82
Amount only,290,0.1793,0.5200,20000,0.0050,12,82
Random flagged lines,290,0.0241,0.0700,20000,0.0050,12,82
Isolation Forest,290,0.2724,0.7900,20000,0.0050,12,82
Rarity only (priors = 1),290,0.3379,0.9800,20000,0.0050,12,82
Priors only (no rarity),290,0.2897,0.8400,20000,0.0050,12,82
Date tests not collapsed,290,0.3276,0.9500,20000,0.0050,12,82
No amount multiplier,290,0.2931,0.8500,20000,0.0050,12,82
No Benford diversity scaling,290,0.3276,0.9500,20000,0.0050,12,82
Ceiling (flagged lines),290,0.3448,1.0000,20000,0.0050,12,82
Risk score,300,0.3167,0.9500,20000,0.0050,12,82
Number of tests hit,300,0.2633,0.7900,20000,0.0050,12,82
Amount only,300,0.1767,0.5300,20000,0.0050,12,82
Random flagged lines,300,0.0233,0.0700,20000,0.0050,12,82
Isolation Forest,300,0.2667,0.8000,20000,0.0050,12,82
Rarity only (priors = 1),300,0.3267,0.9800,20000,0.0050,12,82
Priors only (no rarity),300,0.2800,0.8400,20000,0.0050,12,82
Date tests not collapsed,300,0.3167,0.9500,20000,0.0050,12,82
No amount multiplier,300,0.2833,0.8500,20000,0.0050,12,82
No Benford diversity scaling,300,0.3167,0.9500,20000,0.0050,12,82
Ceiling (flagged lines),300,0.3333,1.0000,20000,0.0050,12,82
Risk score,10,1.0000,0.1000,20000,0.0050,13,82
Number of tests hit,10,1.0000,0.1000,20000,0.0050,13,82
Amount only,10,0.8000,0.0800,20000,0.0050,13,82
Random flagged lines,10,0.0000,0.0000,20000,0.0050,13,82
Isolation Forest,10,1.0000,0.1000,20000,0.0050,13,82
Rarity only (priors = 1),10,1.0000,0.1000,20000,0.0050,13,82
Priors only (no rarity),10,1.0000,0.1000,20000,0.0050,13,82
Date tests not collapsed,10,1.0000,0.1000,20000,0.0050,13,82
No amount multiplier,10,1.0000,0.1000,20000,0.0050,13,82
No Benford diversity scaling,10,1.0000,0.1000,20000,0.0050,13,82
Ceiling (flagged lines),10,1.0000,1.0000,20000,0.0050,13,82
Risk score,20,1.0000,0.2000,20000,0.0050,13,82
Number of tests hit,20,1.0000,0.2000,20000,0.0050,13,82
Amount only,20,0.7500,0.1500,20000,0.0050,13,82
Random flagged lines,20,0.0000,0.0000,20000,0.0050,13,82
Isolation Forest,20,1.0000,0.2000,20000,0.0050,13,82
Rarity only (priors = 1),20,1.0000,0.2000,20000,0.0050,13,82
Priors only (no rarity),20,1.0000,0.2000,20000,0.0050,13,82
Date tests not collapsed,20,1.0000,0.2000,20000,0.0050,13,82
No amount multiplier,20,1.0000,0.2000,20000,0.0050,13,82
No Benford diversity scaling,20,1.0000,0.2000,20000,0.0050,13,82
Ceiling (flagged lines),20,1.0000,1.0000,20000,0.0050,13,82
Risk score,30,1.0000,0.3000,20000,0.0050,13,82
Number of tests hit,30,1.0000,0.3000,20000,0.0050,13,82
Amount only,30,0.7000,0.2100,20000,0.0050,13,82
Random flagged lines,30,0.0000,0.0000,20000,0.0050,13,82
Isolation Forest,30,1.0000,0.3000,20000,0.0050,13,82
Rarity only (priors = 1),30,1.0000,0.3000,20000,0.0050,13,82
Priors only (no rarity),30,1.0000,0.3000,20000,0.0050,13,82
Date tests not collapsed,30,1.0000,0.3000,20000,0.0050,13,82
No amount multiplier,30,1.0000,0.3000,20000,0.0050,13,82
No Benford diversity scaling,30,1.0000,0.3000,20000,0.0050,13,82
Ceiling (flagged lines),30,1.0000,1.0000,20000,0.0050,13,82
Risk score,40,1.0000,0.4000,20000,0.0050,13,82
Number of tests hit,40,1.0000,0.4000,20000,0.0050,13,82
Amount only,40,0.6000,0.2400,20000,0.0050,13,82
Random flagged lines,40,0.0000,0.0000,20000,0.0050,13,82
Isolation Forest,40,0.9500,0.3800,20000,0.0050,13,82
Rarity only (priors = 1),40,1.0000,0.4000,20000,0.0050,13,82
Priors only (no rarity),40,1.0000,0.4000,20000,0.0050,13,82
Date tests not collapsed,40,1.0000,0.4000,20000,0.0050,13,82
No amount multiplier,40,1.0000,0.4000,20000,0.0050,13,82
No Benford diversity scaling,40,1.0000,0.4000,20000,0.0050,13,82
Ceiling (flagged lines),40,1.0000,1.0000,20000,0.0050,13,82
Risk score,50,1.0000,0.5000,20000,0.0050,13,82
Number of tests hit,50,1.0000,0.5000,20000,0.0050,13,82
Amount only,50,0.5600,0.2800,20000,0.0050,13,82
Random flagged lines,50,0.0000,0.0000,20000,0.0050,13,82
Isolation Forest,50,0.8800,0.4400,20000,0.0050,13,82
Rarity only (priors = 1),50,1.0000,0.5000,20000,0.0050,13,82
Priors only (no rarity),50,0.9600,0.4800,20000,0.0050,13,82
Date tests not collapsed,50,1.0000,0.5000,20000,0.0050,13,82
No amount multiplier,50,0.9600,0.4800,20000,0.0050,13,82
No Benford diversity scaling,50,1.0000,0.5000,20000,0.0050,13,82
Ceiling (flagged lines),50,1.0000,1.0000,20000,0.0050,13,82
Risk score,60,0.9667,0.5800,20000,0.0050,13,82
Number of tests hit,60,0.9167,0.5500,20000,0.0050,13,82
Amount only,60,0.4833,0.2900,20000,0.0050,13,82
Random flagged lines,60,0.0000,0.0000,20000,0.0050,13,82
Isolation Forest,60,0.8000,0.4800,20000,0.0050,13,82
Rarity only (priors = 1),60,1.0000,0.6000,20000,0.0050,13,82
Priors only (no rarity),60,0.9167,0.5500,20000,0.0050,13,82
Date tests not collapsed,60,0.9667,0.5800,20000,0.0050,13,82
No amount multiplier,60,0.9167,0.5500,20000,0.0050,13,82
No Benford diversity scaling,60,0.9667,0.5800,20000,0.0050,13,82
Ceiling (flagged lines),60,1.0000,1.0000,20000,0.0050,13,82
Risk score,70,0.9571,0.6700,20000,0.0050,13,82
Number of tests hit,70,0.9143,0.6400,20000,0.0050,13,82
Amount only,70,0.4143,0.2900,20000,0.0050,13,82
Random flagged lines,70,0.0000,0.0000,20000,0.0050,13,82
Isolation Forest,70,0.7571,0.5300,20000,0.0050,13,82
Rarity only (priors = 1),70,0.9857,0.6900,20000,0.0050,13,82
Priors only (no rarity),70,0.8429,0.5900,20000,0.0050,13,82
Date tests not collapsed,70,0.9571,0.6700,20000,0.0050,13,82
No amount multiplier,70,0.8857,0.6200,20000,0.0050,13,82
No Benford diversity scaling,70,0.9571,0.6700,20000,0.0050,13,82
Ceiling (flagged lines),70,1.0000,1.0000,20000,0.0050,13,82
Risk score,80,0.9125,0.7300,20000,0.0050,13,82
Number of tests hit,80,0.8000,0.6400,20000,0.0050,13,82
Amount only,80,0.4125,0.3300,20000,0.0050,13,82
Random flagged lines,80,0.0000,0.0000,20000,0.0050,13,82
Isolation Forest,80,0.7125,0.5700,20000,0.0050,13,82
Rarity only (priors = 1),80,0.9000,0.7200,20000,0.0050,13,82
Priors only (no rarity),80,0.8000,0.6400,20000,0.0050,13,82
Date tests not collapsed,80,0.9125,0.7300,20000,0.0050,13,82
No amount multiplier,80,0.8375,0.6700,20000,0.0050,13,82
No Benford diversity scaling,80,0.9125,0.7300,20000,0.0050,13,82
Ceiling (flagged lines),80,1.0000,1.0000,20000,0.0050,13,82
Risk score,82,0.9024,0.7400,20000,0.0050,13,82
Number of tests hit,82,0.7805,0.6400,20000,0.0050,13,82
Amount only,82,0.4024,0.3300,20000,0.0050,13,82
Random flagged lines,82,0.0000,0.0000,20000,0.0050,13,82
Isolation Forest,82,0.6951,0.5700,20000,0.0050,13,82
Rarity only (priors = 1),82,0.8902,0.7300,20000,0.0050,13,82
Priors only (no rarity),82,0.7927,0.6500,20000,0.0050,13,82
Date tests not collapsed,82,0.9024,0.7400,20000,0.0050,13,82
No amount multiplier,82,0.8171,0.6700,20000,0.0050,13,82
No Benford diversity scaling,82,0.9024,0.7400,20000,0.0050,13,82
Ceiling (flagged lines),82,1.0000,1.0000,20000,0.0050,13,82
Risk score,90,0.8333,0.7500,20000,0.0050,13,82
Number of tests hit,90,0.7889,0.7100,20000,0.0050,13,82
Amount only,90,0.3889,0.3500,20000,0.0050,13,82
Random flagged lines,90,0.0000,0.0000,20000,0.0050,13,82
Isolation Forest,90,0.6444,0.5800,20000,0.0050,13,82
Rarity only (priors = 1),90,0.8444,0.7600,20000,0.0050,13,82
Priors only (no rarity),90,0.7778,0.7000,20000,0.0050,13,82
Date tests not collapsed,90,0.8333,0.7500,20000,0.0050,13,82
No amount multiplier,90,0.7444,0.6700,20000,0.0050,13,82
No Benford diversity scaling,90,0.8333,0.7500,20000,0.0050,13,82
Ceiling (flagged lines),90,1.0000,1.0000,20000,0.0050,13,82
Risk score,100,0.7600,0.7600,20000,0.0050,13,82
Number of tests hit,100,0.7400,0.7400,20000,0.0050,13,82
Amount only,100,0.3700,0.3700,20000,0.0050,13,82
Random flagged lines,100,0.0000,0.0000,20000,0.0050,13,82
Isolation Forest,100,0.6100,0.6100,20000,0.0050,13,82
Rarity only (priors = 1),100,0.7900,0.7900,20000,0.0050,13,82
Priors only (no rarity),100,0.7100,0.7100,20000,0.0050,13,82
Date tests not collapsed,100,0.7600,0.7600,20000,0.0050,13,82
No amount multiplier,100,0.6900,0.6900,20000,0.0050,13,82
No Benford diversity scaling,100,0.7600,0.7600,20000,0.0050,13,82
Ceiling (flagged lines),100,1.0000,1.0000,20000,0.0050,13,82
Risk score,110,0.7182,0.7900,20000,0.0050,13,82
Number of tests hit,110,0.6727,0.7400,20000,0.0050,13,82
Amount only,110,0.3727,0.4100,20000,0.0050,13,82
Random flagged lines,110,0.0091,0.0100,20000,0.0050,13,82
Isolation Forest,110,0.5818,0.6400,20000,0.0050,13,82
Rarity only (priors = 1),110,0.7455,0.8200,20000,0.0050,13,82
Priors only (no rarity),110,0.6636,0.7300,20000,0.0050,13,82
Date tests not collapsed,110,0.7182,0.7900,20000,0.0050,13,82
No amount multiplier,110,0.6273,0.6900,20000,0.0050,13,82
No Benford diversity scaling,110,0.7182,0.7900,20000,0.0050,13,82
Ceiling (flagged lines),110,0.9091,1.0000,20000,0.0050,13,82
Risk score,120,0.6833,0.8200,20000,0.0050,13,82
Number of tests hit,120,0.6167,0.7400,20000,0.0050,13,82
Amount only,120,0.3583,0.4300,20000,0.0050,13,82
Random flagged lines,120,0.0083,0.0100,20000,0.0050,13,82
Isolation Forest,120,0.5333,0.6400,20000,0.0050,13,82
Rarity only (priors = 1),120,0.6917,0.8300,20000,0.0050,13,82
Priors only (no rarity),120,0.6250,0.7500,20000,0.0050,13,82
Date tests not collapsed,120,0.6833,0.8200,20000,0.0050,13,82
No amount multiplier,120,0.5833,0.7000,20000,0.0050,13,82
No Benford diversity scaling,120,0.6833,0.8200,20000,0.0050,13,82
Ceiling (flagged lines),120,0.8333,1.0000,20000,0.0050,13,82
Risk score,130,0.6462,0.8400,20000,0.0050,13,82
Number of tests hit,130,0.5692,0.7400,20000,0.0050,13,82
Amount only,130,0.3385,0.4400,20000,0.0050,13,82
Random flagged lines,130,0.0077,0.0100,20000,0.0050,13,82
Isolation Forest,130,0.4923,0.6400,20000,0.0050,13,82
Rarity only (priors = 1),130,0.6615,0.8600,20000,0.0050,13,82
Priors only (no rarity),130,0.5769,0.7500,20000,0.0050,13,82
Date tests not collapsed,130,0.6462,0.8400,20000,0.0050,13,82
No amount multiplier,130,0.5462,0.7100,20000,0.0050,13,82
No Benford diversity scaling,130,0.6462,0.8400,20000,0.0050,13,82
Ceiling (flagged lines),130,0.7692,1.0000,20000,0.0050,13,82
Risk score,140,0.6143,0.8600,20000,0.0050,13,82
Number of tests hit,140,0.5286,0.7400,20000,0.0050,13,82
Amount only,140,0.3143,0.4400,20000,0.0050,13,82
Random flagged lines,140,0.0071,0.0100,20000,0.0050,13,82
Isolation Forest,140,0.4571,0.6400,20000,0.0050,13,82
Rarity only (priors = 1),140,0.6214,0.8700,20000,0.0050,13,82
Priors only (no rarity),140,0.5357,0.7500,20000,0.0050,13,82
Date tests not collapsed,140,0.6143,0.8600,20000,0.0050,13,82
No amount multiplier,140,0.5429,0.7600,20000,0.0050,13,82
No Benford diversity scaling,140,0.6143,0.8600,20000,0.0050,13,82
Ceiling (flagged lines),140,0.7143,1.0000,20000,0.0050,13,82
Risk score,150,0.5800,0.8700,20000,0.0050,13,82
Number of tests hit,150,0.4933,0.7400,20000,0.0050,13,82
Amount only,150,0.2933,0.4400,20000,0.0050,13,82
Random flagged lines,150,0.0067,0.0100,20000,0.0050,13,82
Isolation Forest,150,0.4267,0.6400,20000,0.0050,13,82
Rarity only (priors = 1),150,0.5933,0.8900,20000,0.0050,13,82
Priors only (no rarity),150,0.5000,0.7500,20000,0.0050,13,82
Date tests not collapsed,150,0.5800,0.8700,20000,0.0050,13,82
No amount multiplier,150,0.5067,0.7600,20000,0.0050,13,82
No Benford diversity scaling,150,0.5800,0.8700,20000,0.0050,13,82
Ceiling (flagged lines),150,0.6667,1.0000,20000,0.0050,13,82
Risk score,160,0.5437,0.8700,20000,0.0050,13,82
Number of tests hit,160,0.4625,0.7400,20000,0.0050,13,82
Amount only,160,0.2812,0.4500,20000,0.0050,13,82
Random flagged lines,160,0.0063,0.0100,20000,0.0050,13,82
Isolation Forest,160,0.4125,0.6600,20000,0.0050,13,82
Rarity only (priors = 1),160,0.5625,0.9000,20000,0.0050,13,82
Priors only (no rarity),160,0.4688,0.7500,20000,0.0050,13,82
Date tests not collapsed,160,0.5437,0.8700,20000,0.0050,13,82
No amount multiplier,160,0.4750,0.7600,20000,0.0050,13,82
No Benford diversity scaling,160,0.5437,0.8700,20000,0.0050,13,82
Ceiling (flagged lines),160,0.6250,1.0000,20000,0.0050,13,82
Risk score,170,0.5176,0.8800,20000,0.0050,13,82
Number of tests hit,170,0.4353,0.7400,20000,0.0050,13,82
Amount only,170,0.2647,0.4500,20000,0.0050,13,82
Random flagged lines,170,0.0059,0.0100,20000,0.0050,13,82
Isolation Forest,170,0.3941,0.6700,20000,0.0050,13,82
Rarity only (priors = 1),170,0.5294,0.9000,20000,0.0050,13,82
Priors only (no rarity),170,0.4412,0.7500,20000,0.0050,13,82
Date tests not collapsed,170,0.5176,0.8800,20000,0.0050,13,82
No amount multiplier,170,0.4471,0.7600,20000,0.0050,13,82
No Benford diversity scaling,170,0.5176,0.8800,20000,0.0050,13,82
Ceiling (flagged lines),170,0.5882,1.0000,20000,0.0050,13,82
Risk score,180,0.4889,0.8800,20000,0.0050,13,82
Number of tests hit,180,0.4111,0.7400,20000,0.0050,13,82
Amount only,180,0.2500,0.4500,20000,0.0050,13,82
Random flagged lines,180,0.0056,0.0100,20000,0.0050,13,82
Isolation Forest,180,0.3778,0.6800,20000,0.0050,13,82
Rarity only (priors = 1),180,0.5000,0.9000,20000,0.0050,13,82
Priors only (no rarity),180,0.4167,0.7500,20000,0.0050,13,82
Date tests not collapsed,180,0.4889,0.8800,20000,0.0050,13,82
No amount multiplier,180,0.4222,0.7600,20000,0.0050,13,82
No Benford diversity scaling,180,0.4889,0.8800,20000,0.0050,13,82
Ceiling (flagged lines),180,0.5556,1.0000,20000,0.0050,13,82
Risk score,190,0.4632,0.8800,20000,0.0050,13,82
Number of tests hit,190,0.3895,0.7400,20000,0.0050,13,82
Amount only,190,0.2474,0.4700,20000,0.0050,13,82
Random flagged lines,190,0.0105,0.0200,20000,0.0050,13,82
Isolation Forest,190,0.3632,0.6900,20000,0.0050,13,82
Rarity only (priors = 1),190,0.4737,0.9000,20000,0.0050,13,82
Priors only (no rarity),190,0.4053,0.7700,20000,0.0050,13,82
Date tests not collapsed,190,0.4632,0.8800,20000,0.0050,13,82
No amount multiplier,190,0.4000,0.7600,20000,0.0050,13,82
No Benford diversity scaling,190,0.4632,0.8800,20000,0.0050,13,82
Ceiling (flagged lines),190,0.5263,1.0000,20000,0.0050,13,82
Risk score,200,0.4400,0.8800,20000,0.0050,13,82
Number of tests hit,200,0.3700,0.7400,20000,0.0050,13,82
Amount only,200,0.2350,0.4700,20000,0.0050,13,82
Random flagged lines,200,0.0100,0.0200,20000,0.0050,13,82
Isolation Forest,200,0.3450,0.6900,20000,0.0050,13,82
Rarity only (priors = 1),200,0.4500,0.9000,20000,0.0050,13,82
Priors only (no rarity),200,0.3900,0.7800,20000,0.0050,13,82
Date tests not collapsed,200,0.4400,0.8800,20000,0.0050,13,82
No amount multiplier,200,0.3800,0.7600,20000,0.0050,13,82
No Benford diversity scaling,200,0.4400,0.8800,20000,0.0050,13,82
Ceiling (flagged lines),200,0.5000,1.0000,20000,0.0050,13,82
Risk score,210,0.4190,0.8800,20000,0.0050,13,82
Number of tests hit,210,0.3524,0.7400,20000,0.0050,13,82
Amount only,210,0.2238,0.4700,20000,0.0050,13,82
Random flagged lines,210,0.0143,0.0300,20000,0.0050,13,82
Isolation Forest,210,0.3333,0.7000,20000,0.0050,13,82
Rarity only (priors = 1),210,0.4333,0.9100,20000,0.0050,13,82
Priors only (no rarity),210,0.3762,0.7900,20000,0.0050,13,82
Date tests not collapsed,210,0.4190,0.8800,20000,0.0050,13,82
No amount multiplier,210,0.3619,0.7600,20000,0.0050,13,82
No Benford diversity scaling,210,0.4190,0.8800,20000,0.0050,13,82
Ceiling (flagged lines),210,0.4762,1.0000,20000,0.0050,13,82
Risk score,220,0.4045,0.8900,20000,0.0050,13,82
Number of tests hit,220,0.3364,0.7400,20000,0.0050,13,82
Amount only,220,0.2273,0.5000,20000,0.0050,13,82
Random flagged lines,220,0.0182,0.0400,20000,0.0050,13,82
Isolation Forest,220,0.3273,0.7200,20000,0.0050,13,82
Rarity only (priors = 1),220,0.4136,0.9100,20000,0.0050,13,82
Priors only (no rarity),220,0.3636,0.8000,20000,0.0050,13,82
Date tests not collapsed,220,0.4045,0.8900,20000,0.0050,13,82
No amount multiplier,220,0.3500,0.7700,20000,0.0050,13,82
No Benford diversity scaling,220,0.4045,0.8900,20000,0.0050,13,82
Ceiling (flagged lines),220,0.4545,1.0000,20000,0.0050,13,82
Risk score,230,0.3870,0.8900,20000,0.0050,13,82
Number of tests hit,230,0.3217,0.7400,20000,0.0050,13,82
Amount only,230,0.2261,0.5200,20000,0.0050,13,82
Random flagged lines,230,0.0174,0.0400,20000,0.0050,13,82
Isolation Forest,230,0.3130,0.7200,20000,0.0050,13,82
Rarity only (priors = 1),230,0.4000,0.9200,20000,0.0050,13,82
Priors only (no rarity),230,0.3478,0.8000,20000,0.0050,13,82
Date tests not collapsed,230,0.3870,0.8900,20000,0.0050,13,82
No amount multiplier,230,0.3478,0.8000,20000,0.0050,13,82
No Benford diversity scaling,230,0.3870,0.8900,20000,0.0050,13,82
Ceiling (flagged lines),230,0.4348,1.0000,20000,0.0050,13,82
Risk score,240,0.3708,0.8900,20000,0.0050,13,82
Number of tests hit,240,0.3083,0.7400,20000,0.0050,13,82
Amount only,240,0.2208,0.5300,20000,0.0050,13,82
Random flagged lines,240,0.0167,0.0400,20000,0.0050,13,82
Isolation Forest,240,0.3000,0.7200,20000,0.0050,13,82
Rarity only (priors = 1),240,0.3833,0.9200,20000,0.0050,13,82
Priors only (no rarity),240,0.3375,0.8100,20000,0.0050,13,82
Date tests not collapsed,240,0.3708,0.8900,20000,0.0050,13,82
No amount multiplier,240,0.3333,0.8000,20000,0.0050,13,82
No Benford diversity scaling,240,0.3708,0.8900,20000,0.0050,13,82
Ceiling (flagged lines),240,0.4167,1.0000,20000,0.0050,13,82
Risk score,250,0.3560,0.8900,20000,0.0050,13,82
Number of tests hit,250,0.2960,0.7400,20000,0.0050,13,82
Amount only,250,0.2120,0.5300,20000,0.0050,13,82
Random flagged lines,250,0.0160,0.0400,20000,0.0050,13,82
Isolation Forest,250,0.2920,0.7300,20000,0.0050,13,82
Rarity only (priors = 1),250,0.3680,0.9200,20000,0.0050,13,82
Priors only (no rarity),250,0.3240,0.8100,20000,0.0050,13,82
Date tests not collapsed,250,0.3560,0.8900,20000,0.0050,13,82
No amount multiplier,250,0.3200,0.8000,20000,0.0050,13,82
No Benford diversity scaling,250,0.3560,0.8900,20000,0.0050,13,82
Ceiling (flagged lines),250,0.4000,1.0000,20000,0.0050,13,82
Risk score,260,0.3462,0.9000,20000,0.0050,13,82
Number of tests hit,260,0.2846,0.7400,20000,0.0050,13,82
Amount only,260,0.2038,0.5300,20000,0.0050,13,82
Random flagged lines,260,0.0154,0.0400,20000,0.0050,13,82
Isolation Forest,260,0.2808,0.7300,20000,0.0050,13,82
Rarity only (priors = 1),260,0.3538,0.9200,20000,0.0050,13,82
Priors only (no rarity),260,0.3115,0.8100,20000,0.0050,13,82
Date tests not collapsed,260,0.3462,0.9000,20000,0.0050,13,82
No amount multiplier,260,0.3077,0.8000,20000,0.0050,13,82
No Benford diversity scaling,260,0.3462,0.9000,20000,0.0050,13,82
Ceiling (flagged lines),260,0.3846,1.0000,20000,0.0050,13,82
Risk score,270,0.3444,0.9300,20000,0.0050,13,82
Number of tests hit,270,0.2741,0.7400,20000,0.0050,13,82
Amount only,270,0.2037,0.5500,20000,0.0050,13,82
Random flagged lines,270,0.0148,0.0400,20000,0.0050,13,82
Isolation Forest,270,0.2741,0.7400,20000,0.0050,13,82
Rarity only (priors = 1),270,0.3481,0.9400,20000,0.0050,13,82
Priors only (no rarity),270,0.3037,0.8200,20000,0.0050,13,82
Date tests not collapsed,270,0.3444,0.9300,20000,0.0050,13,82
No amount multiplier,270,0.2963,0.8000,20000,0.0050,13,82
No Benford diversity scaling,270,0.3444,0.9300,20000,0.0050,13,82
Ceiling (flagged lines),270,0.3704,1.0000,20000,0.0050,13,82
Risk score,280,0.3321,0.9300,20000,0.0050,13,82
Number of tests hit,280,0.2643,0.7400,20000,0.0050,13,82
Amount only,280,0.2000,0.5600,20000,0.0050,13,82
Random flagged lines,280,0.0179,0.0500,20000,0.0050,13,82
Isolation Forest,280,0.2643,0.7400,20000,0.0050,13,82
Rarity only (priors = 1),280,0.3357,0.9400,20000,0.0050,13,82
Priors only (no rarity),280,0.2929,0.8200,20000,0.0050,13,82
Date tests not collapsed,280,0.3321,0.9300,20000,0.0050,13,82
No amount multiplier,280,0.2857,0.8000,20000,0.0050,13,82
No Benford diversity scaling,280,0.3321,0.9300,20000,0.0050,13,82
Ceiling (flagged lines),280,0.3571,1.0000,20000,0.0050,13,82
Risk score,290,0.3207,0.9300,20000,0.0050,13,82
Number of tests hit,290,0.2552,0.7400,20000,0.0050,13,82
Amount only,290,0.1966,0.5700,20000,0.0050,13,82
Random flagged lines,290,0.0241,0.0700,20000,0.0050,13,82
Isolation Forest,290,0.2552,0.7400,20000,0.0050,13,82
Rarity only (priors = 1),290,0.3241,0.9400,20000,0.0050,13,82
Priors only (no rarity),290,0.2828,0.8200,20000,0.0050,13,82
Date tests not collapsed,290,0.3207,0.9300,20000,0.0050,13,82
No amount multiplier,290,0.2759,0.8000,20000,0.0050,13,82
No Benford diversity scaling,290,0.3207,0.9300,20000,0.0050,13,82
Ceiling (flagged lines),290,0.3448,1.0000,20000,0.0050,13,82
Risk score,300,0.3100,0.9300,20000,0.0050,13,82
Number of tests hit,300,0.2467,0.7400,20000,0.0050,13,82
Amount only,300,0.1900,0.5700,20000,0.0050,13,82
Random flagged lines,300,0.0233,0.0700,20000,0.0050,13,82
Isolation Forest,300,0.2500,0.7500,20000,0.0050,13,82
Rarity only (priors = 1),300,0.3133,0.9400,20000,0.0050,13,82
Priors only (no rarity),300,0.2767,0.8300,20000,0.0050,13,82
Date tests not collapsed,300,0.3100,0.9300,20000,0.0050,13,82
No amount multiplier,300,0.2667,0.8000,20000,0.0050,13,82
No Benford diversity scaling,300,0.3100,0.9300,20000,0.0050,13,82
Ceiling (flagged lines),300,0.3333,1.0000,20000,0.0050,13,82
Risk score,10,1.0000,0.1000,20000,0.0050,14,82
Number of tests hit,10,1.0000,0.1000,20000,0.0050,14,82
Amount only,10,0.6000,0.0600,20000,0.0050,14,82
Random flagged lines,10,0.1000,0.0100,20000,0.0050,14,82
Isolation Forest,10,1.0000,0.1000,20000,0.0050,14,82
Rarity only (priors = 1),10,1.0000,0.1000,20000,0.0050,14,82
Priors only (no rarity),10,1.0000,0.1000,20000,0.0050,14,82
Date tests not collapsed,10,1.0000,0.1000,20000,0.0050,14,82
No amount multiplier,10,1.0000,0.1000,20000,0.0050,14,82
No Benford diversity scaling,10,1.0000,0.1000,20000,0.0050,14,82
Ceiling (flagged lines),10,1.0000,1.0000,20000,0.0050,14,82
Risk score,20,1.0000,0.2000,20000,0.0050,14,82
Number of tests hit,20,1.0000,0.2000,20000,0.0050,14,82
Amount only,20,0.5000,0.1000,20000,0.0050,14,82
Random flagged lines,20,0.1000,0.0200,20000,0.0050,14,82
Isolation Forest,20,1.0000,0.2000,20000,0.0050,14,82
Rarity only (priors = 1),20,1.0000,0.2000,20000,0.0050,14,82
Priors only (no rarity),20,1.0000,0.2000,20000,0.0050,14,82
Date tests not collapsed,20,1.0000,0.2000,20000,0.0050,14,82
No amount multiplier,20,1.0000,0.2000,20000,0.0050,14,82
No Benford diversity scaling,20,1.0000,0.2000,20000,0.0050,14,82
Ceiling (flagged lines),20,1.0000,1.0000,20000,0.0050,14,82
Risk score,30,1.0000,0.3000,20000,0.0050,14,82
Number of tests hit,30,1.0000,0.3000,20000,0.0050,14,82
Amount only,30,0.4667,0.1400,20000,0.0050,14,82
Random flagged lines,30,0.0667,0.0200,20000,0.0050,14,82
Isolation Forest,30,0.9667,0.2900,20000,0.0050,14,82
Rarity only (priors = 1),30,1.0000,0.3000,20000,0.0050,14,82
Priors only (no rarity),30,1.0000,0.3000,20000,0.0050,14,82
Date tests not collapsed,30,1.0000,0.3000,20000,0.0050,14,82
No amount multiplier,30,1.0000,0.3000,20000,0.0050,14,82
No Benford diversity scaling,30,1.0000,0.3000,20000,0.0050,14,82
Ceiling (flagged lines),30,1.0000,1.0000,20000,0.0050,14,82
Risk score,40,1.0000,0.4000,20000,0.0050,14,82
Number of tests hit,40,0.9750,0.3900,20000,0.0050,14,82
Amount only,40,0.4000,0.1600,20000,0.0050,14,82
Random flagged lines,40,0.0500,0.0200,20000,0.0050,14,82
Isolation Forest,40,0.9250,0.3700,20000,0.0050,14,82
Rarity only (priors = 1),40,1.0000,0.4000,20000,0.0050,14,82
Priors only (no rarity),40,1.0000,0.4000,20000,0.0050,14,82
Date tests not collapsed,40,1.0000,0.4000,20000,0.0050,14,82
No amount multiplier,40,1.0000,0.4000,20000,0.0050,14,82
No Benford diversity scaling,40,1.0000,0.4000,20000,0.0050,14,82
Ceiling (flagged lines),40,1.0000,1.0000,20000,0.0050,14,82
Risk score,50,1.0000,0.5000,20000,0.0050,14,82
Number of tests hit,50,0.9600,0.4800,20000,0.0050,14,82
Amount only,50,0.3800,0.1900,20000,0.0050,14,82
Random flagged lines,50,0.0400,0.0200,20000,0.0050,14,82
Isolation Forest,50,0.8800,0.4400,20000,0.0050,14,82
Rarity only (priors = 1),50,1.0000,0.5000,20000,0.0050,14,82
Priors only (no rarity),50,0.9800,0.4900,20000,0.0050,14,82
Date tests not collapsed,50,1.0000,0.5000,20000,0.0050,14,82
No amount multiplier,50,0.9800,0.4900,20000,0.0050,14,82
No Benford diversity scaling,50,1.0000,0.5000,20000,0.0050,14,82
Ceiling (flagged lines),50,1.0000,1.0000,20000,0.0050,14,82
Risk score,60,0.9833,0.5900,20000,0.0050,14,82
Number of tests hit,60,0.8333,0.5000,20000,0.0050,14,82
Amount only,60,0.3333,0.2000,20000,0.0050,14,82
Random flagged lines,60,0.0500,0.0300,20000,0.0050,14,82
Isolation Forest,60,0.8667,0.5200,20000,0.0050,14,82
Rarity only (priors = 1),60,0.9833,0.5900,20000,0.0050,14,82
Priors only (no rarity),60,0.9333,0.5600,20000,0.0050,14,82
Date tests not collapsed,60,0.9833,0.5900,20000,0.0050,14,82
No amount multiplier,60,0.9167,0.5500,20000,0.0050,14,82
No Benford diversity scaling,60,0.9833,0.5900,20000,0.0050,14,82
Ceiling (flagged lines),60,1.0000,1.0000,20000,0.0050,14,82
Risk score,70,0.9571,0.6700,20000,0.0050,14,82
Number of tests hit,70,0.8429,0.5900,20000,0.0050,14,82
Amount only,70,0.3143,0.2200,20000,0.0050,14,82
Random flagged lines,70,0.0429,0.0300,20000,0.0050,14,82
Isolation Forest,70,0.8286,0.5800,20000,0.0050,14,82
Rarity only (priors = 1),70,0.9714,0.6800,20000,0.0050,14,82
Priors only (no rarity),70,0.9429,0.6600,20000,0.0050,14,82
Date tests not collapsed,70,0.9571,0.6700,20000,0.0050,14,82
No amount multiplier,70,0.8857,0.6200,20000,0.0050,14,82
No Benford diversity scaling,70,0.9571,0.6700,20000,0.0050,14,82
Ceiling (flagged lines),70,1.0000,1.0000,20000,0.0050,14,82
Risk score,80,0.9500,0.7600,20000,0.0050,14,82
Number of tests hit,80,0.8250,0.6600,20000,0.0050,14,82
Amount only,80,0.3500,0.2800,20000,0.0050,14,82
Random flagged lines,80,0.0375,0.0300,20000,0.0050,14,82
Isolation Forest,80,0.7875,0.6300,20000,0.0050,14,82
Rarity only (priors = 1),80,0.9000,0.7200,20000,0.0050,14,82
Priors only (no rarity),80,0.8625,0.6900,20000,0.0050,14,82
Date tests not collapsed,80,0.9500,0.7600,20000,0.0050,14,82
No amount multiplier,80,0.8500,0.6800,20000,0.0050,14,82
No Benford diversity scaling,80,0.9500,0.7600,20000,0.0050,14,82
Ceiling (flagged lines),80,1.0000,1.0000,20000,0.0050,14,82
Risk score,82,0.9268,0.7600,20000,0.0050,14,82
Number of tests hit,82,0.8049,0.6600,20000,0.0050,14,82
Amount only,82,0.3415,0.2800,20000,0.0050,14,82
Random flagged lines,82,0.0366,0.0300,20000,0.0050,14,82
Isolation Forest,82,0.7683,0.6300,20000,0.0050,14,82
Rarity only (priors = 1),82,0.8902,0.7300,20000,0.0050,14,82
Priors only (no rarity),82,0.8537,0.7000,20000,0.0050,14,82
Date tests not collapsed,82,0.9268,0.7600,20000,0.0050,14,82
No amount multiplier,82,0.8415,0.6900,20000,0.0050,14,82
No Benford diversity scaling,82,0.9268,0.7600,20000,0.0050,14,82
Ceiling (flagged lines),82,1.0000,1.0000,20000,0.0050,14,82
Risk score,90,0.8778,0.7900,20000,0.0050,14,82
Number of tests hit,90,0.7333,0.6600,20000,0.0050,14,82
Amount only,90,0.3333,0.3000,20000,0.0050,14,82
Random flagged lines,90,0.0444,0.0400,20000,0.0050,14,82
Isolation Forest,90,0.7111,0.6400,20000,0.0050,14,82
Rarity only (priors = 1),90,0.8778,0.7900,20000,0.0050,14,82
Priors only (no rarity),90,0.8222,0.7400,20000,0.0050,14,82
Date tests not collapsed,90,0.8778,0.7900,20000,0.0050,14,82
No amount multiplier,90,0.8333,0.7500,20000,0.0050,14,82
No Benford diversity scaling,90,0.8778,0.7900,20000,0.0050,14,82
Ceiling (flagged lines),90,1.0000,1.0000,20000,0.0050,14,82
Risk score,100,0.8100,0.8100,20000,0.0050,14,82
Number of tests hit,100,0.7300,0.7300,20000,0.0050,14,82
Amount only,100,0.3300,0.3300,20000,0.0050,14,82
Random flagged lines,100,0.0400,0.0400,20000,0.0050,14,82
Isolation Forest,100,0.6500,0.6500,20000,0.0050,14,82
Rarity only (priors = 1),100,0.8100,0.8100,20000,0.0050,14,82
Priors only (no rarity),100,0.7800,0.7800,20000,0.0050,14,82
Date tests not collapsed,100,0.8100,0.8100,20000,0.0050,14,82
No amount multiplier,100,0.7800,0.7800,20000,0.0050,14,82
No Benford diversity scaling,100,0.8100,0.8100,20000,0.0050,14,82
Ceiling (flagged lines),100,1.0000,1.0000,20000,0.0050,14,82
Risk score,110,0.7455,0.8200,20000,0.0050,14,82
Number of tests hit,110,0.7182,0.7900,20000,0.0050,14,82
Amount only,110,0.3455,0.3800,20000,0.0050,14,82
Random flagged lines,110,0.0364,0.0400,20000,0.0050,14,82
Isolation Forest,110,0.5909,0.6500,20000,0.0050,14,82
Rarity only (priors = 1),110,0.7727,0.8500,20000,0.0050,14,82
Priors only (no rarity),110,0.7182,0.7900,20000,0.0050,14,82
Date tests not collapsed,110,0.7455,0.8200,20000,0.0050,14,82
No amount multiplier,110,0.7273,0.8000,20000,0.0050,14,82
No Benford diversity scaling,110,0.7455,0.8200,20000,0.0050,14,82
Ceiling (flagged lines),110,0.9091,1.0000,20000,0.0050,14,82
Risk score,120,0.7250,0.8700,20000,0.0050,14,82
Number of tests hit,120,0.6667,0.8000,20000,0.0050,14,82
Amount only,120,0.3333,0.4000,20000,0.0050,14,82
Random flagged lines,120,0.0417,0.0500,20000,0.0050,14,82
Isolation Forest,120,0.5583,0.6700,20000,0.0050,14,82
Rarity only (priors = 1),120,0.7250,0.8700,20000,0.0050,14,82
Priors only (no rarity),120,0.6833,0.8200,20000,0.0050,14,82
Date tests not collapsed,120,0.7250,0.8700,20000,0.0050,14,82
No amount multiplier,120,0.6750,0.8100,20000,0.0050,14,82
No Benford diversity scaling,120,0.7250,0.8700,20000,0.0050,14,82
Ceiling (flagged lines),120,0.8333,1.0000,20000,0.0050,14,82
Risk score,130,0.6846,0.8900,20000,0.0050,14,82
Number of tests hit,130,0.6154,0.8000,20000,0.0050,14,82
Amount only,130,0.3308,0.4300,20000,0.0050,14,82
Random flagged lines,130,0.0385,0.0500,20000,0.0050,14,82
Isolation Forest,130,0.5308,0.6900,20000,0.0050,14,82
Rarity only (priors = 1),130,0.6769,0.8800,20000,0.0050,14,82
Priors only (no rarity),130,0.6308,0.8200,20000,0.0050,14,82
Date tests not collapsed,130,0.6846,0.8900,20000,0.0050,14,82
No amount multiplier,130,0.6231,0.8100,20000,0.0050,14,82
No Benford diversity scaling,130,0.6846,0.8900,20000,0.0050,14,82
Ceiling (flagged lines),130,0.7692,1.0000,20000,0.0050,14,82
Risk score,140,0.6500,0.9100,20000,0.0050,14,82
Number of tests hit,140,0.5714,0.8000,20000,0.0050,14,82
Amount only,140,0.3071,0.4300,20000,0.0050,14,82
Random flagged lines,140,0.0357,0.0500,20000,0.0050,14,82
Isolation Forest,140,0.5000,0.7000,20000,0.0050,14,82
Rarity only (priors = 1),140,0.6571,0.9200,20000,0.0050,14,82
Priors only (no rarity),140,0.5857,0.8200,20000,0.0050,14,82
Date tests not collapsed,140,0.6500,0.9100,20000,0.0050,14,82
No amount multiplier,140,0.5786,0.8100,20000,0.0050,14,82
No Benford diversity scaling,140,0.6500,0.9100,20000,0.0050,14,82
Ceiling (flagged lines),140,0.7143,1.0000,20000,0.0050,14,82
Risk score,150,0.6067,0.9100,20000,0.0050,14,82
Number of tests hit,150,0.5333,0.8000,20000,0.0050,14,82
Amount only,150,0.2867,0.4300,20000,0.0050,14,82
Random flagged lines,150,0.0333,0.0500,20000,0.0050,14,82
Isolation Forest,150,0.4667,0.7000,20000,0.0050,14,82
Rarity only (priors = 1),150,0.6200,0.9300,20000,0.0050,14,82
Priors only (no rarity),150,0.5467,0.8200,20000,0.0050,14,82
Date tests not collapsed,150,0.6067,0.9100,20000,0.0050,14,82
No amount multiplier,150,0.5533,0.8300,20000,0.0050,14,82
No Benford diversity scaling,150,0.6067,0.9100,20000,0.0050,14,82
Ceiling (flagged lines),150,0.6667,1.0000,20000,0.0050,14,82
Risk score,160,0.5687,0.9100,20000,0.0050,14,82
Number of tests hit,160,0.5000,0.8000,20000,0.0050,14,82
Amount only,160,0.2750,0.4400,20000,0.0050,14,82
Random flagged lines,160,0.0312,0.0500,20000,0.0050,14,82
Isolation Forest,160,0.4437,0.7100,20000,0.0050,14,82
Rarity only (priors = 1),160,0.5813,0.9300,20000,0.0050,14,82
Priors only (no rarity),160,0.5125,0.8200,20000,0.0050,14,82
Date tests not collapsed,160,0.5687,0.9100,20000,0.0050,14,82
No amount multiplier,160,0.5312,0.8500,20000,0.0050,14,82
No Benford diversity scaling,160,0.5687,0.9100,20000,0.0050,14,82
Ceiling (flagged lines),160,0.6250,1.0000,20000,0.0050,14,82
Risk score,170,0.5353,0.9100,20000,0.0050,14,82
Number of tests hit,170,0.4706,0.8000,20000,0.0050,14,82
Amount only,170,0.2588,0.4400,20000,0.0050,14,82
Random flagged lines,170,0.0353,0.0600,20000,0.0050,14,82
Isolation Forest,170,0.4176,0.7100,20000,0.0050,14,82
Rarity only (priors = 1),170,0.5471,0.9300,20000,0.0050,14,82
Priors only (no rarity),170,0.4824,0.8200,20000,0.0050,14,82
Date tests not collapsed,170,0.5353,0.9100,20000,0.0050,14,82
No amount multiplier,170,0.5118,0.8700,20000,0.0050,14,82
No Benford diversity scaling,170,0.5353,0.9100,20000,0.0050,14,82
Ceiling (flagged lines),170,0.5882,1.0000,20000,0.0050,14,82
Risk score,180,0.5056,0.9100,20000,0.0050,14,82
Number of tests hit,180,0.4444,0.8000,20000,0.0050,14,82
Amount only,180,0.2444,0.4400,20000,0.0050,14,82
Random flagged lines,180,0.0333,0.0600,20000,0.0050,14,82
Isolation Forest,180,0.3944,0.7100,20000,0.0050,14,82
Rarity only (priors = 1),180,0.5167,0.9300,20000,0.0050,14,82
Priors only (no rarity),180,0.4556,0.8200,20000,0.0050,14,82
Date tests not collapsed,180,0.5056,0.9100,20000,0.0050,14,82
No amount multiplier,180,0.4833,0.8700,20000,0.0050,14,82
No Benford diversity scaling,180,0.5056,0.9100,20000,0.0050,14,82
Ceiling (flagged lines),180,0.5556,1.0000,20000,0.0050,14,82
Risk score,190,0.4789,0.9100,20000,0.0050,14,82
Number of tests hit,190,0.4211,0.8000,20000,0.0050,14,82
Amount only,190,0.2368,0.4500,20000,0.0050,14,82
Random flagged lines,190,0.0316,0.0600,20000,0.0050,14,82
Isolation Forest,190,0.3737,0.7100,20000,0.0050,14,82
Rarity only (priors = 1),190,0.4895,0.9300,20000,0.0050,14,82
Priors only (no rarity),190,0.4316,0.8200,20000,0.0050,14,82
Date tests not collapsed,190,0.4789,0.9100,20000,0.0050,14,82
No amount multiplier,190,0.4579,0.8700,20000,0.0050,14,82
No Benford diversity scaling,190,0.4789,0.9100,20000,0.0050,14,82
Ceiling (flagged lines),190,0.5263,1.0000,20000,0.0050,14,82
Risk score,200,0.4550,0.9100,20000,0.0050,14,82
Number of tests hit,200,0.4000,0.8000,20000,0.0050,14,82
Amount only,200,0.2250,0.4500,20000,0.0050,14,82
Random flagged lines,200,0.0300,0.0600,20000,0.0050,14,82
Isolation Forest,200,0.3550,0.7100,20000,0.0050,14,82
Rarity only (priors = 1),200,0.4650,0.9300,20000,0.0050,14,82
Priors only (no rarity),200,0.4150,0.8300,20000,0.0050,14,82
Date tests not collapsed,200,0.4550,0.9100,20000,0.0050,14,82
No amount multiplier,200,0.4350,0.8700,20000,0.0050,14,82
No Benford diversity scaling,200,0.4550,0.9100,20000,0.0050,14,82
Ceiling (flagged lines),200,0.5000,1.0000,20000,0.0050,14,82
Risk score,210,0.4333,0.9100,20000,0.0050,14,82
Number of tests hit,210,0.3810,0.8000,20000,0.0050,14,82
Amount only,210,0.2143,0.4500,20000,0.0050,14,82
Random flagged lines,210,0.0286,0.0600,20000,0.0050,14,82
Isolation Forest,210,0.3381,0.7100,20000,0.0050,14,82
Rarity only (priors = 1),210,0.4429,0.9300,20000,0.0050,14,82
Priors only (no rarity),210,0.4000,0.8400,20000,0.0050,14,82
Date tests not collapsed,210,0.4333,0.9100,20000,0.0050,14,82
No amount multiplier,210,0.4143,0.8700,20000,0.0050,14,82
No Benford diversity scaling,210,0.4333,0.9100,20000,0.0050,14,82
Ceiling (flagged lines),210,0.4762,1.0000,20000,0.0050,14,82
Risk score,220,0.4136,0.9100,20000,0.0050,14,82
Number of tests hit,220,0.3636,0.8000,20000,0.0050,14,82
Amount only,220,0.2045,0.4500,20000,0.0050,14,82
Random flagged lines,220,0.0273,0.0600,20000,0.0050,14,82
Isolation Forest,220,0.3227,0.7100,20000,0.0050,14,82
Rarity only (priors = 1),220,0.4227,0.9300,20000,0.0050,14,82
Priors only (no rarity),220,0.3818,0.8400,20000,0.0050,14,82
Date tests not collapsed,220,0.4136,0.9100,20000,0.0050,14,82
No amount multiplier,220,0.3955,0.8700,20000,0.0050,14,82
No Benford diversity scaling,220,0.4136,0.9100,20000,0.0050,14,82
Ceiling (flagged lines),220,0.4545,1.0000,20000,0.0050,14,82
Risk score,230,0.3957,0.9100,20000,0.0050,14,82
Number of tests hit,230,0.3478,0.8000,20000,0.0050,14,82
Amount only,230,0.2000,0.4600,20000,0.0050,14,82
Random flagged lines,230,0.0261,0.0600,20000,0.0050,14,82
Isolation Forest,230,0.3087,0.7100,20000,0.0050,14,82
Rarity only (priors = 1),230,0.4043,0.9300,20000,0.0050,14,82
Priors only (no rarity),230,0.3652,0.8400,20000,0.0050,14,82
Date tests not collapsed,230,0.3957,0.9100,20000,0.0050,14,82
No amount multiplier,230,0.3783,0.8700,20000,0.0050,14,82
No Benford diversity scaling,230,0.3957,0.9100,20000,0.0050,14,82
Ceiling (flagged lines),230,0.4348,1.0000,20000,0.0050,14,82
Risk score,240,0.3792,0.9100,20000,0.0050,14,82
Number of tests hit,240,0.3333,0.8000,20000,0.0050,14,82
Amount only,240,0.2000,0.4800,20000,0.0050,14,82
Random flagged lines,240,0.0250,0.0600,20000,0.0050,14,82
Isolation Forest,240,0.3000,0.7200,20000,0.0050,14,82
Rarity only (priors = 1),240,0.3875,0.9300,20000,0.0050,14,82
Priors only (no rarity),240,0.3500,0.8400,20000,0.0050,14,82
Date tests not collapsed,240,0.3792,0.9100,20000,0.0050,14,82
No amount multiplier,240,0.3708,0.8900,20000,0.0050,14,82
No Benford diversity scaling,240,0.3792,0.9100,20000,0.0050,14,82
Ceiling (flagged lines),240,0.4167,1.0000,20000,0.0050,14,82
Risk score,250,0.3640,0.9100,20000,0.0050,14,82
Number of tests hit,250,0.3200,0.8000,20000,0.0050,14,82
Amount only,250,0.1960,0.4900,20000,0.0050,14,82
Random flagged lines,250,0.0240,0.0600,20000,0.0050,14,82
Isolation Forest,250,0.2920,0.7300,20000,0.0050,14,82
Rarity only (priors = 1),250,0.3720,0.9300,20000,0.0050,14,82
Priors only (no rarity),250,0.3360,0.8400,20000,0.0050,14,82
Date tests not collapsed,250,0.3640,0.9100,20000,0.0050,14,82
No amount multiplier,250,0.3560,0.8900,20000,0.0050,14,82
No Benford diversity scaling,250,0.3640,0.9100,20000,0.0050,14,82
Ceiling (flagged lines),250,0.4000,1.0000,20000,0.0050,14,82
Risk score,260,0.3500,0.9100,20000,0.0050,14,82
Number of tests hit,260,0.3077,0.8000,20000,0.0050,14,82
Amount only,260,0.1923,0.5000,20000,0.0050,14,82
Random flagged lines,260,0.0231,0.0600,20000,0.0050,14,82
Isolation Forest,260,0.2808,0.7300,20000,0.0050,14,82
Rarity only (priors = 1),260,0.3577,0.9300,20000,0.0050,14,82
Priors only (no rarity),260,0.3231,0.8400,20000,0.0050,14,82
Date tests not collapsed,260,0.3500,0.9100,20000,0.0050,14,82
No amount multiplier,260,0.3423,0.8900,20000,0.0050,14,82
No Benford diversity scaling,260,0.3500,0.9100,20000,0.0050,14,82
Ceiling (flagged lines),260,0.3846,1.0000,20000,0.0050,14,82
Risk score,270,0.3370,0.9100,20000,0.0050,14,82
Number of tests hit,270,0.2963,0.8000,20000,0.0050,14,82
Amount only,270,0.1852,0.5000,20000,0.0050,14,82
Random flagged lines,270,0.0222,0.0600,20000,0.0050,14,82
Isolation Forest,270,0.2704,0.7300,20000,0.0050,14,82
Rarity only (priors = 1),270,0.3444,0.9300,20000,0.0050,14,82
Priors only (no rarity),270,0.3111,0.8400,20000,0.0050,14,82
Date tests not collapsed,270,0.3370,0.9100,20000,0.0050,14,82
No amount multiplier,270,0.3296,0.8900,20000,0.0050,14,82
No Benford diversity scaling,270,0.3370,0.9100,20000,0.0050,14,82
Ceiling (flagged lines),270,0.3704,1.0000,20000,0.0050,14,82
Risk score,280,0.3250,0.9100,20000,0.0050,14,82
Number of tests hit,280,0.2857,0.8000,20000,0.0050,14,82
Amount only,280,0.1821,0.5100,20000,0.0050,14,82
Random flagged lines,280,0.0214,0.0600,20000,0.0050,14,82
Isolation Forest,280,0.2679,0.7500,20000,0.0050,14,82
Rarity only (priors = 1),280,0.3321,0.9300,20000,0.0050,14,82
Priors only (no rarity),280,0.3071,0.8600,20000,0.0050,14,82
Date tests not collapsed,280,0.3250,0.9100,20000,0.0050,14,82
No amount multiplier,280,0.3179,0.8900,20000,0.0050,14,82
No Benford diversity scaling,280,0.3250,0.9100,20000,0.0050,14,82
Ceiling (flagged lines),280,0.3571,1.0000,20000,0.0050,14,82
Risk score,290,0.3138,0.9100,20000,0.0050,14,82
Number of tests hit,290,0.2759,0.8000,20000,0.0050,14,82
Amount only,290,0.1759,0.5100,20000,0.0050,14,82
Random flagged lines,290,0.0241,0.0700,20000,0.0050,14,82
Isolation Forest,290,0.2586,0.7500,20000,0.0050,14,82
Rarity only (priors = 1),290,0.3241,0.9400,20000,0.0050,14,82
Priors only (no rarity),290,0.3000,0.8700,20000,0.0050,14,82
Date tests not collapsed,290,0.3138,0.9100,20000,0.0050,14,82
No amount multiplier,290,0.3069,0.8900,20000,0.0050,14,82
No Benford diversity scaling,290,0.3138,0.9100,20000,0.0050,14,82
Ceiling (flagged lines),290,0.3448,1.0000,20000,0.0050,14,82
Risk score,300,0.3033,0.9100,20000,0.0050,14,82
Number of tests hit,300,0.2667,0.8000,20000,0.0050,14,82
Amount only,300,0.1767,0.5300,20000,0.0050,14,82
Random flagged lines,300,0.0233,0.0700,20000,0.0050,14,82
Isolation Forest,300,0.2533,0.7600,20000,0.0050,14,82
Rarity only (priors = 1),300,0.3133,0.9400,20000,0.0050,14,82
Priors only (no rarity),300,0.2900,0.8700,20000,0.0050,14,82
Date tests not collapsed,300,0.3033,0.9100,20000,0.0050,14,82
No amount multiplier,300,0.2967,0.8900,20000,0.0050,14,82
No Benford diversity scaling,300,0.3033,0.9100,20000,0.0050,14,82
Ceiling (flagged lines),300,0.3333,1.0000,20000,0.0050,14,82
Risk score,10,1.0000,0.1000,20000,0.0050,15,82
Number of tests hit,10,1.0000,0.1000,20000,0.0050,15,82
Amount only,10,0.3000,0.0300,20000,0.0050,15,82
Random flagged lines,10,0.0000,0.0000,20000,0.0050,15,82
Isolation Forest,10,1.0000,0.1000,20000,0.0050,15,82
Rarity only (priors = 1),10,1.0000,0.1000,20000,0.0050,15,82
Priors only (no rarity),10,1.0000,0.1000,20000,0.0050,15,82
Date tests not collapsed,10,1.0000,0.1000,20000,0.0050,15,82
No amount multiplier,10,1.0000,0.1000,20000,0.0050,15,82
No Benford diversity scaling,10,1.0000,0.1000,20000,0.0050,15,82
Ceiling (flagged lines),10,1.0000,1.0000,20000,0.0050,15,82
Risk score,20,1.0000,0.2000,20000,0.0050,15,82
Number of tests hit,20,1.0000,0.2000,20000,0.0050,15,82
Amount only,20,0.5500,0.1100,20000,0.0050,15,82
Random flagged lines,20,0.0000,0.0000,20000,0.0050,15,82
Isolation Forest,20,1.0000,0.2000,20000,0.0050,15,82
Rarity only (priors = 1),20,1.0000,0.2000,20000,0.0050,15,82
Priors only (no rarity),20,1.0000,0.2000,20000,0.0050,15,82
Date tests not collapsed,20,1.0000,0.2000,20000,0.0050,15,82
No amount multiplier,20,1.0000,0.2000,20000,0.0050,15,82
No Benford diversity scaling,20,1.0000,0.2000,20000,0.0050,15,82
Ceiling (flagged lines),20,1.0000,1.0000,20000,0.0050,15,82
Risk score,30,1.0000,0.3000,20000,0.0050,15,82
Number of tests hit,30,1.0000,0.3000,20000,0.0050,15,82
Amount only,30,0.5000,0.1500,20000,0.0050,15,82
Random flagged lines,30,0.0000,0.0000,20000,0.0050,15,82
Isolation Forest,30,1.0000,0.3000,20000,0.0050,15,82
Rarity only (priors = 1),30,1.0000,0.3000,20000,0.0050,15,82
Priors only (no rarity),30,1.0000,0.3000,20000,0.0050,15,82
Date tests not collapsed,30,1.0000,0.3000,20000,0.0050,15,82
No amount multiplier,30,1.0000,0.3000,20000,0.0050,15,82
No Benford diversity scaling,30,1.0000,0.3000,20000,0.0050,15,82
Ceiling (flagged lines),30,1.0000,1.0000,20000,0.0050,15,82
Risk score,40,1.0000,0.4000,20000,0.0050,15,82
Number of tests hit,40,1.0000,0.4000,20000,0.0050,15,82
Amount only,40,0.4250,0.1700,20000,0.0050,15,82
Random flagged lines,40,0.0000,0.0000,20000,0.0050,15,82
Isolation Forest,40,0.9500,0.3800,20000,0.0050,15,82
Rarity only (priors = 1),40,1.0000,0.4000,20000,0.0050,15,82
Priors only (no rarity),40,1.0000,0.4000,20000,0.0050,15,82
Date tests not collapsed,40,1.0000,0.4000,20000,0.0050,15,82
No amount multiplier,40,0.9500,0.3800,20000,0.0050,15,82
No Benford diversity scaling,40,1.0000,0.4000,20000,0.0050,15,82
Ceiling (flagged lines),40,1.0000,1.0000,20000,0.0050,15,82
Risk score,50,1.0000,0.5000,20000,0.0050,15,82
Number of tests hit,50,1.0000,0.5000,20000,0.0050,15,82
Amount only,50,0.4000,0.2000,20000,0.0050,15,82
Random flagged lines,50,0.0000,0.0000,20000,0.0050,15,82
Isolation Forest,50,0.9000,0.4500,20000,0.0050,15,82
Rarity only (priors = 1),50,1.0000,0.5000,20000,0.0050,15,82
Priors only (no rarity),50,1.0000,0.5000,20000,0.0050,15,82
Date tests not collapsed,50,1.0000,0.5000,20000,0.0050,15,82
No amount multiplier,50,0.9600,0.4800,20000,0.0050,15,82
No Benford diversity scaling,50,1.0000,0.5000,20000,0.0050,15,82
Ceiling (flagged lines),50,1.0000,1.0000,20000,0.0050,15,82
Risk score,60,0.9833,0.5900,20000,0.0050,15,82
Number of tests hit,60,0.8833,0.5300,20000,0.0050,15,82
Amount only,60,0.3833,0.2300,20000,0.0050,15,82
Random flagged lines,60,0.0000,0.0000,20000,0.0050,15,82
Isolation Forest,60,0.8333,0.5000,20000,0.0050,15,82
Rarity only (priors = 1),60,1.0000,0.6000,20000,0.0050,15,82
Priors only (no rarity),60,0.9333,0.5600,20000,0.0050,15,82
Date tests not collapsed,60,0.9833,0.5900,20000,0.0050,15,82
No amount multiplier,60,0.9500,0.5700,20000,0.0050,15,82
No Benford diversity scaling,60,0.9833,0.5900,20000,0.0050,15,82
Ceiling (flagged lines),60,1.0000,1.0000,20000,0.0050,15,82
Risk score,70,0.9714,0.6800,20000,0.0050,15,82
Number of tests hit,70,0.8000,0.5600,20000,0.0050,15,82
Amount only,70,0.3429,0.2400,20000,0.0050,15,82
Random flagged lines,70,0.0143,0.0100,20000,0.0050,15,82
Isolation Forest,70,0.8286,0.5800,20000,0.0050,15,82
Rarity only (priors = 1),70,1.0000,0.7000,20000,0.0050,15,82
Priors only (no rarity),70,0.8714,0.6100,20000,0.0050,15,82
Date tests not collapsed,70,0.9714,0.6800,20000,0.0050,15,82
No amount multiplier,70,0.9286,0.6500,20000,0.0050,15,82
No Benford diversity scaling,70,0.9714,0.6800,20000,0.0050,15,82
Ceiling (flagged lines),70,1.0000,1.0000,20000,0.0050,15,82
Risk score,80,0.9500,0.7600,20000,0.0050,15,82
Number of tests hit,80,0.8250,0.6600,20000,0.0050,15,82
Amount only,80,0.3125,0.2500,20000,0.0050,15,82
Random flagged lines,80,0.0125,0.0100,20000,0.0050,15,82
Isolation Forest,80,0.7875,0.6300,20000,0.0050,15,82
Rarity only (priors = 1),80,0.9750,0.7800,20000,0.0050,15,82
Priors only (no rarity),80,0.8875,0.7100,20000,0.0050,15,82
Date tests not collapsed,80,0.9500,0.7600,20000,0.0050,15,82
No amount multiplier,80,0.9125,0.7300,20000,0.0050,15,82
No Benford diversity scaling,80,0.9500,0.7600,20000,0.0050,15,82
Ceiling (flagged lines),80,1.0000,1.0000,20000,0.0050,15,82
Risk score,82,0.9512,0.7800,20000,0.0050,15,82
Number of tests hit,82,0.8293,0.6800,20000,0.0050,15,82
Amount only,82,0.3293,0.2700,20000,0.0050,15,82
Random flagged lines,82,0.0122,0.0100,20000,0.0050,15,82
Isolation Forest,82,0.7683,0.6300,20000,0.0050,15,82
Rarity only (priors = 1),82,0.9756,0.8000,20000,0.0050,15,82
Priors only (no rarity),82,0.8659,0.7100,20000,0.0050,15,82
Date tests not collapsed,82,0.9512,0.7800,20000,0.0050,15,82
No amount multiplier,82,0.8902,0.7300,20000,0.0050,15,82
No Benford diversity scaling,82,0.9512,0.7800,20000,0.0050,15,82
Ceiling (flagged lines),82,1.0000,1.0000,20000,0.0050,15,82
Risk score,90,0.9000,0.8100,20000,0.0050,15,82
Number of tests hit,90,0.8111,0.7300,20000,0.0050,15,82
Amount only,90,0.3444,0.3100,20000,0.0050,15,82
Random flagged lines,90,0.0222,0.0200,20000,0.0050,15,82
Isolation Forest,90,0.7333,0.6600,20000,0.0050,15,82
Rarity only (priors = 1),90,0.9222,0.8300,20000,0.0050,15,82
Priors only (no rarity),90,0.8000,0.7200,20000,0.0050,15,82
Date tests not collapsed,90,0.9111,0.8200,20000,0.0050,15,82
No amount multiplier,90,0.8222,0.7400,20000,0.0050,15,82
No Benford diversity scaling,90,0.9000,0.8100,20000,0.0050,15,82
Ceiling (flagged lines),90,1.0000,1.0000,20000,0.0050,15,82
Risk score,100,0.8600,0.8600,20000,0.0050,15,82
Number of tests hit,100,0.7600,0.7600,20000,0.0050,15,82
Amount only,100,0.3400,0.3400,20000,0.0050,15,82
Random flagged lines,100,0.0400,0.0400,20000,0.0050,15,82
Isolation Forest,100,0.6700,0.6700,20000,0.0050,15,82
Rarity only (priors = 1),100,0.8600,0.8600,20000,0.0050,15,82
Priors only (no rarity),100,0.7900,0.7900,20000,0.0050,15,82
Date tests not collapsed,100,0.8600,0.8600,20000,0.0050,15,82
No amount multiplier,100,0.8400,0.8400,20000,0.0050,15,82
No Benford diversity scaling,100,0.8600,0.8600,20000,0.0050,15,82
Ceiling (flagged lines),100,1.0000,1.0000,20000,0.0050,15,82
Risk score,110,0.8273,0.9100,20000,0.0050,15,82
Number of tests hit,110,0.7455,0.8200,20000,0.0050,15,82
Amount only,110,0.3273,0.3600,20000,0.0050,15,82
Random flagged lines,110,0.0455,0.0500,20000,0.0050,15,82
Isolation Forest,110,0.6091,0.6700,20000,0.0050,15,82
Rarity only (priors = 1),110,0.8000,0.8800,20000,0.0050,15,82
Priors only (no rarity),110,0.7636,0.8400,20000,0.0050,15,82
Date tests not collapsed,110,0.8364,0.9200,20000,0.0050,15,82
No amount multiplier,110,0.7727,0.8500,20000,0.0050,15,82
No Benford diversity scaling,110,0.8273,0.9100,20000,0.0050,15,82
Ceiling (flagged lines),110,0.9091,1.0000,20000,0.0050,15,82
Risk score,120,0.7583,0.9100,20000,0.0050,15,82
Number of tests hit,120,0.7250,0.8700,20000,0.0050,15,82
Amount only,120,0.3417,0.4100,20000,0.0050,15,82
Random flagged lines,120,0.0417,0.0500,20000,0.0050,15,82
Isolation Forest,120,0.5667,0.6800,20000,0.0050,15,82
Rarity only (priors = 1),120,0.7583,0.9100,20000,0.0050,15,82
Priors only (no rarity),120,0.7417,0.8900,20000,0.0050,15,82
Date tests not collapsed,120,0.7667,0.9200,20000,0.0050,15,82
No amount multiplier,120,0.7167,0.8600,20000,0.0050,15,82
No Benford diversity scaling,120,0.7583,0.9100,20000,0.0050,15,82
Ceiling (flagged lines),120,0.8333,1.0000,20000,0.0050,15,82
Risk score,130,0.7154,0.9300,20000,0.0050,15,82
Number of tests hit,130,0.6846,0.8900,20000,0.0050,15,82
Amount only,130,0.3385,0.4400,20000,0.0050,15,82
Random flagged lines,130,0.0385,0.0500,20000,0.0050,15,82
Isolation Forest,130,0.5308,0.6900,20000,0.0050,15,82
Rarity only (priors = 1),130,0.7154,0.9300,20000,0.0050,15,82
Priors only (no rarity),130,0.6923,0.9000,20000,0.0050,15,82
Date tests not collapsed,130,0.7154,0.9300,20000,0.0050,15,82
No amount multiplier,130,0.6692,0.8700,20000,0.0050,15,82
No Benford diversity scaling,130,0.7154,0.9300,20000,0.0050,15,82
Ceiling (flagged lines),130,0.7692,1.0000,20000,0.0050,15,82
Risk score,140,0.6714,0.9400,20000,0.0050,15,82
Number of tests hit,140,0.6357,0.8900,20000,0.0050,15,82
Amount only,140,0.3143,0.4400,20000,0.0050,15,82
Random flagged lines,140,0.0357,0.0500,20000,0.0050,15,82
Isolation Forest,140,0.4929,0.6900,20000,0.0050,15,82
Rarity only (priors = 1),140,0.6714,0.9400,20000,0.0050,15,82
Priors only (no rarity),140,0.6429,0.9000,20000,0.0050,15,82
Date tests not collapsed,140,0.6714,0.9400,20000,0.0050,15,82
No amount multiplier,140,0.6214,0.8700,20000,0.0050,15,82
No Benford diversity scaling,140,0.6714,0.9400,20000,0.0050,15,82
Ceiling (flagged lines),140,0.7143,1.0000,20000,0.0050,15,82
Risk score,150,0.6267,0.9400,20000,0.0050,15,82
Number of tests hit,150,0.5933,0.8900,20000,0.0050,15,82
Amount only,150,0.3000,0.4500,20000,0.0050,15,82
Random flagged lines,150,0.0333,0.0500,20000,0.0050,15,82
Isolation Forest,150,0.4600,0.6900,20000,0.0050,15,82
Rarity only (priors = 1),150,0.6333,0.9500,20000,0.0050,15,82
Priors only (no rarity),150,0.6067,0.9100,20000,0.0050,15,82
Date tests not collapsed,150,0.6267,0.9400,20000,0.0050,15,82
No amount multiplier,150,0.5800,0.8700,20000,0.0050,15,82
No Benford diversity scaling,150,0.6267,0.9400,20000,0.0050,15,82
Ceiling (flagged lines),150,0.6667,1.0000,20000,0.0050,15,82
Risk score,160,0.5875,0.9400,20000,0.0050,15,82
Number of tests hit,160,0.5563,0.8900,20000,0.0050,15,82
Amount only,160,0.2812,0.4500,20000,0.0050,15,82
Random flagged lines,160,0.0312,0.0500,20000,0.0050,15,82
Isolation Forest,160,0.4375,0.7000,20000,0.0050,15,82
Rarity only (priors = 1),160,0.5938,0.9500,20000,0.0050,15,82
Priors only (no rarity),160,0.5687,0.9100,20000,0.0050,15,82
Date tests not collapsed,160,0.5875,0.9400,20000,0.0050,15,82
No amount multiplier,160,0.5437,0.8700,20000,0.0050,15,82
No Benford diversity scaling,160,0.5875,0.9400,20000,0.0050,15,82
Ceiling (flagged lines),160,0.6250,1.0000,20000,0.0050,15,82
Risk score,170,0.5529,0.9400,20000,0.0050,15,82
Number of tests hit,170,0.5235,0.8900,20000,0.0050,15,82
Amount only,170,0.2647,0.4500,20000,0.0050,15,82
Random flagged lines,170,0.0294,0.0500,20000,0.0050,15,82
Isolation Forest,170,0.4176,0.7100,20000,0.0050,15,82
Rarity only (priors = 1),170,0.5647,0.9600,20000,0.0050,15,82
Priors only (no rarity),170,0.5353,0.9100,20000,0.0050,15,82
Date tests not collapsed,170,0.5529,0.9400,20000,0.0050,15,82
No amount multiplier,170,0.5176,0.8800,20000,0.0050,15,82
No Benford diversity scaling,170,0.5529,0.9400,20000,0.0050,15,82
Ceiling (flagged lines),170,0.5882,1.0000,20000,0.0050,15,82
Risk score,180,0.5222,0.9400,20000,0.0050,15,82
Number of tests hit,180,0.4944,0.8900,20000,0.0050,15,82
Amount only,180,0.2556,0.4600,20000,0.0050,15,82
Random flagged lines,180,0.0278,0.0500,20000,0.0050,15,82
Isolation Forest,180,0.4000,0.7200,20000,0.0050,15,82
Rarity only (priors = 1),180,0.5333,0.9600,20000,0.0050,15,82
Priors only (no rarity),180,0.5056,0.9100,20000,0.0050,15,82
Date tests not collapsed,180,0.5222,0.9400,20000,0.0050,15,82
No amount multiplier,180,0.4889,0.8800,20000,0.0050,15,82
No Benford diversity scaling,180,0.5222,0.9400,20000,0.0050,15,82
Ceiling (flagged lines),180,0.5556,1.0000,20000,0.0050,15,82
Risk score,190,0.4947,0.9400,20000,0.0050,15,82
Number of tests hit,190,0.4684,0.8900,20000,0.0050,15,82
Amount only,190,0.2526,0.4800,20000,0.0050,15,82
Random flagged lines,190,0.0263,0.0500,20000,0.0050,15,82
Isolation Forest,190,0.3842,0.7300,20000,0.0050,15,82
Rarity only (priors = 1),190,0.5053,0.9600,20000,0.0050,15,82
Priors only (no rarity),190,0.4789,0.9100,20000,0.0050,15,82
Date tests not collapsed,190,0.4947,0.9400,20000,0.0050,15,82
No amount multiplier,190,0.4632,0.8800,20000,0.0050,15,82
No Benford diversity scaling,190,0.4947,0.9400,20000,0.0050,15,82
Ceiling (flagged lines),190,0.5263,1.0000,20000,0.0050,15,82
Risk score,200,0.4700,0.9400,20000,0.0050,15,82
Number of tests hit,200,0.4450,0.8900,20000,0.0050,15,82
Amount only,200,0.2450,0.4900,20000,0.0050,15,82
Random flagged lines,200,0.0250,0.0500,20000,0.0050,15,82
Isolation Forest,200,0.3700,0.7400,20000,0.0050,15,82
Rarity only (priors = 1),200,0.4800,0.9600,20000,0.0050,15,82
Priors only (no rarity),200,0.4550,0.9100,20000,0.0050,15,82
Date tests not collapsed,200,0.4700,0.9400,20000,0.0050,15,82
No amount multiplier,200,0.4400,0.8800,20000,0.0050,15,82
No Benford diversity scaling,200,0.4700,0.9400,20000,0.0050,15,82
Ceiling (flagged lines),200,0.5000,1.0000,20000,0.0050,15,82
Risk score,210,0.4476,0.9400,20000,0.0050,15,82
Number of tests hit,210,0.4238,0.8900,20000,0.0050,15,82
Amount only,210,0.2333,0.4900,20000,0.0050,15,82
Random flagged lines,210,0.0286,0.0600,20000,0.0050,15,82
Isolation Forest,210,0.3571,0.7500,20000,0.0050,15,82
Rarity only (priors = 1),210,0.4571,0.9600,20000,0.0050,15,82
Priors only (no rarity),210,0.4333,0.9100,20000,0.0050,15,82
Date tests not collapsed,210,0.4476,0.9400,20000,0.0050,15,82
No amount multiplier,210,0.4238,0.8900,20000,0.0050,15,82
No Benford diversity scaling,210,0.4476,0.9400,20000,0.0050,15,82
Ceiling (flagged lines),210,0.4762,1.0000,20000,0.0050,15,82
Risk score,220,0.4318,0.9500,20000,0.0050,15,82
Number of tests hit,220,0.4045,0.8900,20000,0.0050,15,82
Amount only,220,0.2455,0.5400,20000,0.0050,15,82
Random flagged lines,220,0.0273,0.0600,20000,0.0050,15,82
Isolation Forest,220,0.3455,0.7600,20000,0.0050,15,82
Rarity only (priors = 1),220,0.4409,0.9700,20000,0.0050,15,82
Priors only (no rarity),220,0.4136,0.9100,20000,0.0050,15,82
Date tests not collapsed,220,0.4318,0.9500,20000,0.0050,15,82
No amount multiplier,220,0.4045,0.8900,20000,0.0050,15,82
No Benford diversity scaling,220,0.4318,0.9500,20000,0.0050,15,82
Ceiling (flagged lines),220,0.4545,1.0000,20000,0.0050,15,82
Risk score,230,0.4130,0.9500,20000,0.0050,15,82
Number of tests hit,230,0.3870,0.8900,20000,0.0050,15,82
Amount only,230,0.2391,0.5500,20000,0.0050,15,82
Random flagged lines,230,0.0261,0.0600,20000,0.0050,15,82
Isolation Forest,230,0.3348,0.7700,20000,0.0050,15,82
Rarity only (priors = 1),230,0.4217,0.9700,20000,0.0050,15,82
Priors only (no rarity),230,0.4000,0.9200,20000,0.0050,15,82
Date tests not collapsed,230,0.4130,0.9500,20000,0.0050,15,82
No amount multiplier,230,0.3870,0.8900,20000,0.0050,15,82
No Benford diversity scaling,230,0.4130,0.9500,20000,0.0050,15,82
Ceiling (flagged lines),230,0.4348,1.0000,20000,0.0050,15,82
Risk score,240,0.3958,0.9500,20000,0.0050,15,82
Number of tests hit,240,0.3708,0.8900,20000,0.0050,15,82
Amount only,240,0.2333,0.5600,20000,0.0050,15,82
Random flagged lines,240,0.0250,0.0600,20000,0.0050,15,82
Isolation Forest,240,0.3250,0.7800,20000,0.0050,15,82
Rarity only (priors = 1),240,0.4042,0.9700,20000,0.0050,15,82
Priors only (no rarity),240,0.3833,0.9200,20000,0.0050,15,82
Date tests not collapsed,240,0.3958,0.9500,20000,0.0050,15,82
No amount multiplier,240,0.3708,0.8900,20000,0.0050,15,82
No Benford diversity scaling,240,0.3958,0.9500,20000,0.0050,15,82
Ceiling (flagged lines),240,0.4167,1.0000,20000,0.0050,15,82
Risk score,250,0.3800,0.9500,20000,0.0050,15,82
Number of tests hit,250,0.3560,0.8900,20000,0.0050,15,82
Amount only,250,0.2240,0.5600,20000,0.0050,15,82
Random flagged lines,250,0.0240,0.0600,20000,0.0050,15,82
Isolation Forest,250,0.3120,0.7800,20000,0.0050,15,82
Rarity only (priors = 1),250,0.3880,0.9700,20000,0.0050,15,82
Priors only (no rarity),250,0.3680,0.9200,20000,0.0050,15,82
Date tests not collapsed,250,0.3800,0.9500,20000,0.0050,15,82
No amount multiplier,250,0.3640,0.9100,20000,0.0050,15,82
No Benford diversity scaling,250,0.3800,0.9500,20000,0.0050,15,82
Ceiling (flagged lines),250,0.4000,1.0000,20000,0.0050,15,82
Risk score,260,0.3654,0.9500,20000,0.0050,15,82
Number of tests hit,260,0.3423,0.8900,20000,0.0050,15,82
Amount only,260,0.2192,0.5700,20000,0.0050,15,82
Random flagged lines,260,0.0231,0.0600,20000,0.0050,15,82
Isolation Forest,260,0.3000,0.7800,20000,0.0050,15,82
Rarity only (priors = 1),260,0.3731,0.9700,20000,0.0050,15,82
Priors only (no rarity),260,0.3538,0.9200,20000,0.0050,15,82
Date tests not collapsed,260,0.3654,0.9500,20000,0.0050,15,82
No amount multiplier,260,0.3538,0.9200,20000,0.0050,15,82
No Benford diversity scaling,260,0.3654,0.9500,20000,0.0050,15,82
Ceiling (flagged lines),260,0.3846,1.0000,20000,0.0050,15,82
Risk score,270,0.3519,0.9500,20000,0.0050,15,82
Number of tests hit,270,0.3296,0.8900,20000,0.0050,15,82
Amount only,270,0.2185,0.5900,20000,0.0050,15,82
Random flagged lines,270,0.0222,0.0600,20000,0.0050,15,82
Isolation Forest,270,0.2926,0.7900,20000,0.0050,15,82
Rarity only (priors = 1),270,0.3593,0.9700,20000,0.0050,15,82
Priors only (no rarity),270,0.3407,0.9200,20000,0.0050,15,82
Date tests not collapsed,270,0.3519,0.9500,20000,0.0050,15,82
No amount multiplier,270,0.3407,0.9200,20000,0.0050,15,82
No Benford diversity scaling,270,0.3519,0.9500,20000,0.0050,15,82
Ceiling (flagged lines),270,0.3704,1.0000,20000,0.0050,15,82
Risk score,280,0.3393,0.9500,20000,0.0050,15,82
Number of tests hit,280,0.3179,0.8900,20000,0.0050,15,82
Amount only,280,0.2107,0.5900,20000,0.0050,15,82
Random flagged lines,280,0.0214,0.0600,20000,0.0050,15,82
Isolation Forest,280,0.2821,0.7900,20000,0.0050,15,82
Rarity only (priors = 1),280,0.3500,0.9800,20000,0.0050,15,82
Priors only (no rarity),280,0.3286,0.9200,20000,0.0050,15,82
Date tests not collapsed,280,0.3393,0.9500,20000,0.0050,15,82
No amount multiplier,280,0.3286,0.9200,20000,0.0050,15,82
No Benford diversity scaling,280,0.3393,0.9500,20000,0.0050,15,82
Ceiling (flagged lines),280,0.3571,1.0000,20000,0.0050,15,82
Risk score,290,0.3276,0.9500,20000,0.0050,15,82
Number of tests hit,290,0.3069,0.8900,20000,0.0050,15,82
Amount only,290,0.2034,0.5900,20000,0.0050,15,82
Random flagged lines,290,0.0207,0.0600,20000,0.0050,15,82
Isolation Forest,290,0.2724,0.7900,20000,0.0050,15,82
Rarity only (priors = 1),290,0.3379,0.9800,20000,0.0050,15,82
Priors only (no rarity),290,0.3172,0.9200,20000,0.0050,15,82
Date tests not collapsed,290,0.3276,0.9500,20000,0.0050,15,82
No amount multiplier,290,0.3172,0.9200,20000,0.0050,15,82
No Benford diversity scaling,290,0.3276,0.9500,20000,0.0050,15,82
Ceiling (flagged lines),290,0.3448,1.0000,20000,0.0050,15,82
Risk score,300,0.3167,0.9500,20000,0.0050,15,82
Number of tests hit,300,0.2967,0.8900,20000,0.0050,15,82
Amount only,300,0.1967,0.5900,20000,0.0050,15,82
Random flagged lines,300,0.0200,0.0600,20000,0.0050,15,82
Isolation Forest,300,0.2667,0.8000,20000,0.0050,15,82
Rarity only (priors = 1),300,0.3267,0.9800,20000,0.0050,15,82
Priors only (no rarity),300,0.3067,0.9200,20000,0.0050,15,82
Date tests not collapsed,300,0.3167,0.9500,20000,0.0050,15,82
No amount multiplier,300,0.3067,0.9200,20000,0.0050,15,82
No Benford diversity scaling,300,0.3167,0.9500,20000,0.0050,15,82
Ceiling (flagged lines),300,0.3333,1.0000,20000,0.0050,15,82
Risk score,10,1.0000,0.1000,20000,0.0050,16,82
Number of tests hit,10,0.9000,0.0900,20000,0.0050,16,82
Amount only,10,0.1000,0.0100,20000,0.0050,16,82
Random flagged lines,10,0.0000,0.0000,20000,0.0050,16,82
Isolation Forest,10,0.9000,0.0900,20000,0.0050,16,82
Rarity only (priors = 1),10,1.0000,0.1000,20000,0.0050,16,82
Priors only (no rarity),10,1.0000,0.1000,20000,0.0050,16,82
Date tests not collapsed,10,1.0000,0.1000,20000,0.0050,16,82
No amount multiplier,10,1.0000,0.1000,20000,0.0050,16,82
No Benford diversity scaling,10,1.0000,0.1000,20000,0.0050,16,82
Ceiling (flagged lines),10,1.0000,1.0000,20000,0.0050,16,82
Risk score,20,1.0000,0.2000,20000,0.0050,16,82
Number of tests hit,20,0.9500,0.1900,20000,0.0050,16,82
Amount only,20,0.4000,0.0800,20000,0.0050,16,82
Random flagged lines,20,0.0500,0.0100,20000,0.0050,16,82
Isolation Forest,20,0.9500,0.1900,20000,0.0050,16,82
Rarity only (priors = 1),20,1.0000,0.2000,20000,0.0050,16,82
Priors only (no rarity),20,1.0000,0.2000,20000,0.0050,16,82
Date tests not collapsed,20,1.0000,0.2000,20000,0.0050,16,82
No amount multiplier,20,1.0000,0.2000,20000,0.0050,16,82
No Benford diversity scaling,20,1.0000,0.2000,20000,0.0050,16,82
Ceiling (flagged lines),20,1.0000,1.0000,20000,0.0050,16,82
Risk score,30,1.0000,0.3000,20000,0.0050,16,82
Number of tests hit,30,0.9667,0.2900,20000,0.0050,16,82
Amount only,30,0.5000,0.1500,20000,0.0050,16,82
Random flagged lines,30,0.0333,0.0100,20000,0.0050,16,82
Isolation Forest,30,0.9333,0.2800,20000,0.0050,16,82
Rarity only (priors = 1),30,1.0000,0.3000,20000,0.0050,16,82
Priors only (no rarity),30,1.0000,0.3000,20000,0.0050,16,82
Date tests not collapsed,30,1.0000,0.3000,20000,0.0050,16,82
No amount multiplier,30,1.0000,0.3000,20000,0.0050,16,82
No Benford diversity scaling,30,1.0000,0.3000,20000,0.0050,16,82
Ceiling (flagged lines),30,1.0000,1.0000,20000,0.0050,16,82
Risk score,40,1.0000,0.4000,20000,0.0050,16,82
Number of tests hit,40,0.9500,0.3800,20000,0.0050,16,82
Amount only,40,0.4250,0.1700,20000,0.0050,16,82
Random flagged lines,40,0.0250,0.0100,20000,0.0050,16,82
Isolation Forest,40,0.8250,0.3300,20000,0.0050,16,82
Rarity only (priors = 1),40,1.0000,0.4000,20000,0.0050,16,82
Priors only (no rarity),40,0.9500,0.3800,20000,0.0050,16,82
Date tests not collapsed,40,0.9750,0.3900,20000,0.0050,16,82
No amount multiplier,40,1.0000,0.4000,20000,0.0050,16,82
No Benford diversity scaling,40,1.0000,0.4000,20000,0.0050,16,82
Ceiling (flagged lines),40,1.0000,1.0000,20000,0.0050,16,82
Risk score,50,0.9600,0.4800,20000,0.0050,16,82
Number of tests hit,50,0.8800,0.4400,20000,0.0050,16,82
Amount only,50,0.4000,0.2000,20000,0.0050,16,82
Random flagged lines,50,0.0200,0.0100,20000,0.0050,16,82
Isolation Forest,50,0.8000,0.4000,20000,0.0050,16,82
Rarity only (priors = 1),50,0.9600,0.4800,20000,0.0050,16,82
Priors only (no rarity),50,0.9600,0.4800,20000,0.0050,16,82
Date tests not collapsed,50,0.9600,0.4800,20000,0.0050,16,82
No amount multiplier,50,0.9800,0.4900,20000,0.0050,16,82
No Benford diversity scaling,50,0.9600,0.4800,20000,0.0050,16,82
Ceiling (flagged lines),50,1.0000,1.0000,20000,0.0050,16,82
Risk score,60,0.9667,0.5800,20000,0.0050,16,82
Number of tests hit,60,0.8667,0.5200,20000,0.0050,16,82
Amount only,60,0.3500,0.2100,20000,0.0050,16,82
Random flagged lines,60,0.0333,0.0200,20000,0.0050,16,82
Isolation Forest,60,0.7833,0.4700,20000,0.0050,16,82
Rarity only (priors = 1),60,0.9500,0.5700,20000,0.0050,16,82
Priors only (no rarity),60,0.9167,0.5500,20000,0.0050,16,82
Date tests not collapsed,60,0.9667,0.5800,20000,0.0050,16,82
No amount multiplier,60,0.9000,0.5400,20000,0.0050,16,82
No Benford diversity scaling,60,0.9667,0.5800,20000,0.0050,16,82
Ceiling (flagged lines),60,1.0000,1.0000,20000,0.0050,16,82
Risk score,70,0.9286,0.6500,20000,0.0050,16,82
Number of tests hit,70,0.7571,0.5300,20000,0.0050,16,82
Amount only,70,0.3429,0.2400,20000,0.0050,16,82
Random flagged lines,70,0.0286,0.0200,20000,0.0050,16,82
Isolation Forest,70,0.7286,0.5100,20000,0.0050,16,82
Rarity only (priors = 1),70,0.9000,0.6300,20000,0.0050,16,82
Priors only (no rarity),70,0.8286,0.5800,20000,0.0050,16,82
Date tests not collapsed,70,0.9286,0.6500,20000,0.0050,16,82
No amount multiplier,70,0.8286,0.5800,20000,0.0050,16,82
No Benford diversity scaling,70,0.9286,0.6500,20000,0.0050,16,82
Ceiling (flagged lines),70,1.0000,1.0000,20000,0.0050,16,82
Risk score,80,0.8625,0.6900,20000,0.0050,16,82
Number of tests hit,80,0.7500,0.6000,20000,0.0050,16,82
Amount only,80,0.3500,0.2800,20000,0.0050,16,82
Random flagged lines,80,0.0250,0.0200,20000,0.0050,16,82
Isolation Forest,80,0.6500,0.5200,20000,0.0050,16,82
Rarity only (priors = 1),80,0.8500,0.6800,20000,0.0050,16,82
Priors only (no rarity),80,0.8125,0.6500,20000,0.0050,16,82
Date tests not collapsed,80,0.8625,0.6900,20000,0.0050,16,82
No amount multiplier,80,0.8125,0.6500,20000,0.0050,16,82
No Benford diversity scaling,80,0.8625,0.6900,20000,0.0050,16,82
Ceiling (flagged lines),80,1.0000,1.0000,20000,0.0050,16,82
Risk score,82,0.8659,0.7100,20000,0.0050,16,82
Number of tests hit,82,0.7561,0.6200,20000,0.0050,16,82
Amount only,82,0.3537,0.2900,20000,0.0050,16,82
Random flagged lines,82,0.0244,0.0200,20000,0.0050,16,82
Isolation Forest,82,0.6585,0.5400,20000,0.0050,16,82
Rarity only (priors = 1),82,0.8537,0.7000,20000,0.0050,16,82
Priors only (no rarity),82,0.8171,0.6700,20000,0.0050,16,82
Date tests not collapsed,82,0.8659,0.7100,20000,0.0050,16,82
No amount multiplier,82,0.7927,0.6500,20000,0.0050,16,82
No Benford diversity scaling,82,0.8659,0.7100,20000,0.0050,16,82
Ceiling (flagged lines),82,1.0000,1.0000,20000,0.0050,16,82
Risk score,90,0.7889,0.7100,20000,0.0050,16,82
Number of tests hit,90,0.7111,0.6400,20000,0.0050,16,82
Amount only,90,0.3333,0.3000,20000,0.0050,16,82
Random flagged lines,90,0.0222,0.0200,20000,0.0050,16,82
Isolation Forest,90,0.6000,0.5400,20000,0.0050,16,82
Rarity only (priors = 1),90,0.8000,0.7200,20000,0.0050,16,82
Priors only (no rarity),90,0.7667,0.6900,20000,0.0050,16,82
Date tests not collapsed,90,0.7889,0.7100,20000,0.0050,16,82
No amount multiplier,90,0.7222,0.6500,20000,0.0050,16,82
No Benford diversity scaling,90,0.7889,0.7100,20000,0.0050,16,82
Ceiling (flagged lines),90,1.0000,1.0000,20000,0.0050,16,82
Risk score,100,0.7500,0.7500,20000,0.0050,16,82
Number of tests hit,100,0.6600,0.6600,20000,0.0050,16,82
Amount only,100,0.3500,0.3500,20000,0.0050,16,82
Random flagged lines,100,0.0200,0.0200,20000,0.0050,16,82
Isolation Forest,100,0.5400,0.5400,20000,0.0050,16,82
Rarity only (priors = 1),100,0.7800,0.7800,20000,0.0050,16,82
Priors only (no rarity),100,0.7000,0.7000,20000,0.0050,16,82
Date tests not collapsed,100,0.7500,0.7500,20000,0.0050,16,82
No amount multiplier,100,0.6500,0.6500,20000,0.0050,16,82
No Benford diversity scaling,100,0.7500,0.7500,20000,0.0050,16,82
Ceiling (flagged lines),100,1.0000,1.0000,20000,0.0050,16,82
Risk score,110,0.7182,0.7900,20000,0.0050,16,82
Number of tests hit,110,0.6091,0.6700,20000,0.0050,16,82
Amount only,110,0.3818,0.4200,20000,0.0050,16,82
Random flagged lines,110,0.0364,0.0400,20000,0.0050,16,82
Isolation Forest,110,0.5091,0.5600,20000,0.0050,16,82
Rarity only (priors = 1),110,0.7273,0.8000,20000,0.0050,16,82
Priors only (no rarity),110,0.6455,0.7100,20000,0.0050,16,82
Date tests not collapsed,110,0.7182,0.7900,20000,0.0050,16,82
No amount multiplier,110,0.5909,0.6500,20000,0.0050,16,82
No Benford diversity scaling,110,0.7182,0.7900,20000,0.0050,16,82
Ceiling (flagged lines),110,0.9091,1.0000,20000,0.0050,16,82
Risk score,120,0.6833,0.8200,20000,0.0050,16,82
Number of tests hit,120,0.5583,0.6700,20000,0.0050,16,82
Amount only,120,0.3750,0.4500,20000,0.0050,16,82
Random flagged lines,120,0.0333,0.0400,20000,0.0050,16,82
Isolation Forest,120,0.4833,0.5800,20000,0.0050,16,82
Rarity only (priors = 1),120,0.7083,0.8500,20000,0.0050,16,82
Priors only (no rarity),120,0.5917,0.7100,20000,0.0050,16,82
Date tests not collapsed,120,0.6833,0.8200,20000,0.0050,16,82
No amount multiplier,120,0.5417,0.6500,20000,0.0050,16,82
No Benford diversity scaling,120,0.6833,0.8200,20000,0.0050,16,82
Ceiling (flagged lines),120,0.8333,1.0000,20000,0.0050,16,82
Risk score,130,0.6615,0.8600,20000,0.0050,16,82
Number of tests hit,130,0.5154,0.6700,20000,0.0050,16,82
Amount only,130,0.3615,0.4700,20000,0.0050,16,82
Random flagged lines,130,0.0308,0.0400,20000,0.0050,16,82
Isolation Forest,130,0.4462,0.5800,20000,0.0050,16,82
Rarity only (priors = 1),130,0.6692,0.8700,20000,0.0050,16,82
Priors only (no rarity),130,0.5462,0.7100,20000,0.0050,16,82
Date tests not collapsed,130,0.6615,0.8600,20000,0.0050,16,82
No amount multiplier,130,0.5385,0.7000,20000,0.0050,16,82
No Benford diversity scaling,130,0.6615,0.8600,20000,0.0050,16,82
Ceiling (flagged lines),130,0.7692,1.0000,20000,0.0050,16,82
Risk score,140,0.6143,0.8600,20000,0.0050,16,82
Number of tests hit,140,0.4786,0.6700,20000,0.0050,16,82
Amount only,140,0.3429,0.4800,20000,0.0050,16,82
Random flagged lines,140,0.0357,0.0500,20000,0.0050,16,82
Isolation Forest,140,0.4286,0.6000,20000,0.0050,16,82
Rarity only (priors = 1),140,0.6500,0.9100,20000,0.0050,16,82
Priors only (no rarity),140,0.5071,0.7100,20000,0.0050,16,82
Date tests not collapsed,140,0.6143,0.8600,20000,0.0050,16,82
No amount multiplier,140,0.5000,0.7000,20000,0.0050,16,82
No Benford diversity scaling,140,0.6143,0.8600,20000,0.0050,16,82
Ceiling (flagged lines),140,0.7143,1.0000,20000,0.0050,16,82
Risk score,150,0.5867,0.8800,20000,0.0050,16,82
Number of tests hit,150,0.4467,0.6700,20000,0.0050,16,82
Amount only,150,0.3200,0.4800,20000,0.0050,16,82
Random flagged lines,150,0.0333,0.0500,20000,0.0050,16,82
Isolation Forest,150,0.4067,0.6100,20000,0.0050,16,82
Rarity only (priors = 1),150,0.6067,0.9100,20000,0.0050,16,82
Priors only (no rarity),150,0.4733,0.7100,20000,0.0050,16,82
Date tests not collapsed,150,0.5867,0.8800,20000,0.0050,16,82
No amount multiplier,150,0.4667,0.7000,20000,0.0050,16,82
No Benford diversity scaling,150,0.5867,0.8800,20000,0.0050,16,82
Ceiling (flagged lines),150,0.6667,1.0000,20000,0.0050,16,82
Risk score,160,0.5563,0.8900,20000,0.0050,16,82
Number of tests hit,160,0.4188,0.6700,20000,0.0050,16,82
Amount only,160,0.3063,0.4900,20000,0.0050,16,82
Random flagged lines,160,0.0312,0.0500,20000,0.0050,16,82
Isolation Forest,160,0.3812,0.6100,20000,0.0050,16,82
Rarity only (priors = 1),160,0.5750,0.9200,20000,0.0050,16,82
Priors only (no rarity),160,0.4437,0.7100,20000,0.0050,16,82
Date tests not collapsed,160,0.5563,0.8900,20000,0.0050,16,82
No amount multiplier,160,0.4375,0.7000,20000,0.0050,16,82
No Benford diversity scaling,160,0.5563,0.8900,20000,0.0050,16,82
Ceiling (flagged lines),160,0.6250,1.0000,20000,0.0050,16,82
Risk score,170,0.5235,0.8900,20000,0.0050,16,82
Number of tests hit,170,0.3941,0.6700,20000,0.0050,16,82
Amount only,170,0.2941,0.5000,20000,0.0050,16,82
Random flagged lines,170,0.0294,0.0500,20000,0.0050,16,82
Isolation Forest,170,0.3588,0.6100,20000,0.0050,16,82
Rarity only (priors = 1),170,0.5412,0.9200,20000,0.0050,16,82
Priors only (no rarity),170,0.4235,0.7200,20000,0.0050,16,82
Date tests not collapsed,170,0.5235,0.8900,20000,0.0050,16,82
No amount multiplier,170,0.4118,0.7000,20000,0.0050,16,82
No Benford diversity scaling,170,0.5235,0.8900,20000,0.0050,16,82
Ceiling (flagged lines),170,0.5882,1.0000,20000,0.0050,16,82
Risk score,180,0.4944,0.8900,20000,0.0050,16,82
Number of tests hit,180,0.3722,0.6700,20000,0.0050,16,82
Amount only,180,0.2778,0.5000,20000,0.0050,16,82
Random flagged lines,180,0.0278,0.0500,20000,0.0050,16,82
Isolation Forest,180,0.3389,0.6100,20000,0.0050,16,82
Rarity only (priors = 1),180,0.5111,0.9200,20000,0.0050,16,82
Priors only (no rarity),180,0.4000,0.7200,20000,0.0050,16,82
Date tests not collapsed,180,0.4944,0.8900,20000,0.0050,16,82
No amount multiplier,180,0.3889,0.7000,20000,0.0050,16,82
No Benford diversity scaling,180,0.4944,0.8900,20000,0.0050,16,82
Ceiling (flagged lines),180,0.5556,1.0000,20000,0.0050,16,82
Risk score,190,0.4684,0.8900,20000,0.0050,16,82
Number of tests hit,190,0.3526,0.6700,20000,0.0050,16,82
Amount only,190,0.2632,0.5000,20000,0.0050,16,82
Random flagged lines,190,0.0263,0.0500,20000,0.0050,16,82
Isolation Forest,190,0.3263,0.6200,20000,0.0050,16,82
Rarity only (priors = 1),190,0.4842,0.9200,20000,0.0050,16,82
Priors only (no rarity),190,0.3789,0.7200,20000,0.0050,16,82
Date tests not collapsed,190,0.4684,0.8900,20000,0.0050,16,82
No amount multiplier,190,0.3684,0.7000,20000,0.0050,16,82
No Benford diversity scaling,190,0.4684,0.8900,20000,0.0050,16,82
Ceiling (flagged lines),190,0.5263,1.0000,20000,0.0050,16,82
Risk score,200,0.4450,0.8900,20000,0.0050,16,82
Number of tests hit,200,0.3350,0.6700,20000,0.0050,16,82
Amount only,200,0.2500,0.5000,20000,0.0050,16,82
Random flagged lines,200,0.0300,0.0600,20000,0.0050,16,82
Isolation Forest,200,0.3150,0.6300,20000,0.0050,16,82
Rarity only (priors = 1),200,0.4600,0.9200,20000,0.0050,16,82
Priors only (no rarity),200,0.3750,0.7500,20000,0.0050,16,82
Date tests not collapsed,200,0.4450,0.8900,20000,0.0050,16,82
No amount multiplier,200,0.3500,0.7000,20000,0.0050,16,82
No Benford diversity scaling,200,0.4450,0.8900,20000,0.0050,16,82
Ceiling (flagged lines),200,0.5000,1.0000,20000,0.0050,16,82
Risk score,210,0.4238,0.8900,20000,0.0050,16,82
Number of tests hit,210,0.3190,0.6700,20000,0.0050,16,82
Amount only,210,0.2381,0.5000,20000,0.0050,16,82
Random flagged lines,210,0.0286,0.0600,20000,0.0050,16,82
Isolation Forest,210,0.3095,0.6500,20000,0.0050,16,82
Rarity only (priors = 1),210,0.4381,0.9200,20000,0.0050,16,82
Priors only (no rarity),210,0.3619,0.7600,20000,0.0050,16,82
Date tests not collapsed,210,0.4238,0.8900,20000,0.0050,16,82
No amount multiplier,210,0.3333,0.7000,20000,0.0050,16,82
No Benford diversity scaling,210,0.4238,0.8900,20000,0.0050,16,82
Ceiling (flagged lines),210,0.4762,1.0000,20000,0.0050,16,82
Risk score,220,0.4045,0.8900,20000,0.0050,16,82
Number of tests hit,220,0.3045,0.6700,20000,0.0050,16,82
Amount only,220,0.2364,0.5200,20000,0.0050,16,82
Random flagged lines,220,0.0273,0.0600,20000,0.0050,16,82
Isolation Forest,220,0.2955,0.6500,20000,0.0050,16,82
Rarity only (priors = 1),220,0.4182,0.9200,20000,0.0050,16,82
Priors only (no rarity),220,0.3455,0.7600,20000,0.0050,16,82
Date tests not collapsed,220,0.4045,0.8900,20000,0.0050,16,82
No amount multiplier,220,0.3227,0.7100,20000,0.0050,16,82
No Benford diversity scaling,220,0.4045,0.8900,20000,0.0050,16,82
Ceiling (flagged lines),220,0.4545,1.0000,20000,0.0050,16,82
Risk score,230,0.3957,0.9100,20000,0.0050,16,82
Number of tests hit,230,0.2913,0.6700,20000,0.0050,16,82
Amount only,230,0.2261,0.5200,20000,0.0050,16,82
Random flagged lines,230,0.0304,0.0700,20000,0.0050,16,82
Isolation Forest,230,0.2826,0.6500,20000,0.0050,16,82
Rarity only (priors = 1),230,0.4000,0.9200,20000,0.0050,16,82
Priors only (no rarity),230,0.3304,0.7600,20000,0.0050,16,82
Date tests not collapsed,230,0.3957,0.9100,20000,0.0050,16,82
No amount multiplier,230,0.3087,0.7100,20000,0.0050,16,82
No Benford diversity scaling,230,0.3957,0.9100,20000,0.0050,16,82
Ceiling (flagged lines),230,0.4348,1.0000,20000,0.0050,16,82
Risk score,240,0.3833,0.9200,20000,0.0050,16,82
Number of tests hit,240,0.2792,0.6700,20000,0.0050,16,82
Amount only,240,0.2208,0.5300,20000,0.0050,16,82
Random flagged lines,240,0.0333,0.0800,20000,0.0050,16,82
Isolation Forest,240,0.2750,0.6600,20000,0.0050,16,82
Rarity only (priors = 1),240,0.3833,0.9200,20000,0.0050,16,82
Priors only (no rarity),240,0.3208,0.7700,20000,0.0050,16,82
Date tests not collapsed,240,0.3833,0.9200,20000,0.0050,16,82
No amount multiplier,240,0.3125,0.7500,20000,0.0050,16,82
No Benford diversity scaling,240,0.3833,0.9200,20000,0.0050,16,82
Ceiling (flagged lines),240,0.4167,1.0000,20000,0.0050,16,82
Risk score,250,0.3680,0.9200,20000,0.0050,16,82
Number of tests hit,250,0.2680,0.6700,20000,0.0050,16,82
Amount only,250,0.2160,0.5400,20000,0.0050,16,82
Random flagged lines,250,0.0320,0.0800,20000,0.0050,16,82
Isolation Forest,250,0.2720,0.6800,20000,0.0050,16,82
Rarity only (priors = 1),250,0.3680,0.9200,20000,0.0050,16,82
Priors only (no rarity),250,0.3120,0.7800,20000,0.0050,16,82
Date tests not collapsed,250,0.3680,0.9200,20000,0.0050,16,82
No amount multiplier,250,0.3000,0.7500,20000,0.0050,16,82
No Benford diversity scaling,250,0.3680,0.9200,20000,0.0050,16,82
Ceiling (flagged lines),250,0.4000,1.0000,20000,0.0050,16,82
Risk score,260,0.3538,0.9200,20000,0.0050,16,82
Number of tests hit,260,0.2577,0.6700,20000,0.0050,16,82
Amount only,260,0.2115,0.5500,20000,0.0050,16,82
Random flagged lines,260,0.0346,0.0900,20000,0.0050,16,82
Isolation Forest,260,0.2615,0.6800,20000,0.0050,16,82
Rarity only (priors = 1),260,0.3615,0.9400,20000,0.0050,16,82
Priors only (no rarity),260,0.3000,0.7800,20000,0.0050,16,82
Date tests not collapsed,260,0.3538,0.9200,20000,0.0050,16,82
No amount multiplier,260,0.2923,0.7600,20000,0.0050,16,82
No Benford diversity scaling,260,0.3538,0.9200,20000,0.0050,16,82
Ceiling (flagged lines),260,0.3846,1.0000,20000,0.0050,16,82
Risk score,270,0.3444,0.9300,20000,0.0050,16,82
Number of tests hit,270,0.2481,0.6700,20000,0.0050,16,82
Amount only,270,0.2037,0.5500,20000,0.0050,16,82
Random flagged lines,270,0.0333,0.0900,20000,0.0050,16,82
Isolation Forest,270,0.2519,0.6800,20000,0.0050,16,82
Rarity only (priors = 1),270,0.3556,0.9600,20000,0.0050,16,82
Priors only (no rarity),270,0.2889,0.7800,20000,0.0050,16,82
Date tests not collapsed,270,0.3444,0.9300,20000,0.0050,16,82
No amount multiplier,270,0.2815,0.7600,20000,0.0050,16,82
No Benford diversity scaling,270,0.3444,0.9300,20000,0.0050,16,82
Ceiling (flagged lines),270,0.3704,1.0000,20000,0.0050,16,82
Risk score,280,0.3357,0.9400,20000,0.0050,16,82
Number of tests hit,280,0.2393,0.6700,20000,0.0050,16,82
Amount only,280,0.2000,0.5600,20000,0.0050,16,82
Random flagged lines,280,0.0321,0.0900,20000,0.0050,16,82
Isolation Forest,280,0.2464,0.6900,20000,0.0050,16,82
Rarity only (priors = 1),280,0.3429,0.9600,20000,0.0050,16,82
Priors only (no rarity),280,0.2821,0.7900,20000,0.0050,16,82
Date tests not collapsed,280,0.3357,0.9400,20000,0.0050,16,82
No amount multiplier,280,0.2714,0.7600,20000,0.0050,16,82
No Benford diversity scaling,280,0.3357,0.9400,20000,0.0050,16,82
Ceiling (flagged lines),280,0.3571,1.0000,20000,0.0050,16,82
Risk score,290,0.3241,0.9400,20000,0.0050,16,82
Number of tests hit,290,0.2310,0.6700,20000,0.0050,16,82
Amount only,290,0.1966,0.5700,20000,0.0050,16,82
Random flagged lines,290,0.0310,0.0900,20000,0.0050,16,82
Isolation Forest,290,0.2414,0.7000,20000,0.0050,16,82
Rarity only (priors = 1),290,0.3310,0.9600,20000,0.0050,16,82
Priors only (no rarity),290,0.2724,0.7900,20000,0.0050,16,82
Date tests not collapsed,290,0.3241,0.9400,20000,0.0050,16,82
No amount multiplier,290,0.2621,0.7600,20000,0.0050,16,82
No Benford diversity scaling,290,0.3241,0.9400,20000,0.0050,16,82
Ceiling (flagged lines),290,0.3448,1.0000,20000,0.0050,16,82
Risk score,300,0.3133,0.9400,20000,0.0050,16,82
Number of tests hit,300,0.2233,0.6700,20000,0.0050,16,82
Amount only,300,0.1967,0.5900,20000,0.0050,16,82
Random flagged lines,300,0.0300,0.0900,20000,0.0050,16,82
Isolation Forest,300,0.2333,0.7000,20000,0.0050,16,82
Rarity only (priors = 1),300,0.3200,0.9600,20000,0.0050,16,82
Priors only (no rarity),300,0.2700,0.8100,20000,0.0050,16,82
Date tests not collapsed,300,0.3133,0.9400,20000,0.0050,16,82
No amount multiplier,300,0.2533,0.7600,20000,0.0050,16,82
No Benford diversity scaling,300,0.3133,0.9400,20000,0.0050,16,82
Ceiling (flagged lines),300,0.3333,1.0000,20000,0.0050,16,82
Risk score,10,1.0000,0.1000,20000,0.0050,17,82
Number of tests hit,10,1.0000,0.1000,20000,0.0050,17,82
Amount only,10,0.0000,0.0000,20000,0.0050,17,82
Random flagged lines,10,0.0000,0.0000,20000,0.0050,17,82
Isolation Forest,10,1.0000,0.1000,20000,0.0050,17,82
Rarity only (priors = 1),10,1.0000,0.1000,20000,0.0050,17,82
Priors only (no rarity),10,1.0000,0.1000,20000,0.0050,17,82
Date tests not collapsed,10,1.0000,0.1000,20000,0.0050,17,82
No amount multiplier,10,1.0000,0.1000,20000,0.0050,17,82
No Benford diversity scaling,10,1.0000,0.1000,20000,0.0050,17,82
Ceiling (flagged lines),10,1.0000,1.0000,20000,0.0050,17,82
Risk score,20,1.0000,0.2000,20000,0.0050,17,82
Number of tests hit,20,1.0000,0.2000,20000,0.0050,17,82
Amount only,20,0.4000,0.0800,20000,0.0050,17,82
Random flagged lines,20,0.0000,0.0000,20000,0.0050,17,82
Isolation Forest,20,0.9500,0.1900,20000,0.0050,17,82
Rarity only (priors = 1),20,1.0000,0.2000,20000,0.0050,17,82
Priors only (no rarity),20,1.0000,0.2000,20000,0.0050,17,82
Date tests not collapsed,20,1.0000,0.2000,20000,0.0050,17,82
No amount multiplier,20,1.0000,0.2000,20000,0.0050,17,82
No Benford diversity scaling,20,1.0000,0.2000,20000,0.0050,17,82
Ceiling (flagged lines),20,1.0000,1.0000,20000,0.0050,17,82
Risk score,30,1.0000,0.3000,20000,0.0050,17,82
Number of tests hit,30,1.0000,0.3000,20000,0.0050,17,82
Amount only,30,0.4333,0.1300,20000,0.0050,17,82
Random flagged lines,30,0.0333,0.0100,20000,0.0050,17,82
Isolation Forest,30,0.8667,0.2600,20000,0.0050,17,82
Rarity only (priors = 1),30,1.0000,0.3000,20000,0.0050,17,82
Priors only (no rarity),30,1.0000,0.3000,20000,0.0050,17,82
Date tests not collapsed,30,1.0000,0.3000,20000,0.0050,17,82
No amount multiplier,30,1.0000,0.3000,20000,0.0050,17,82
No Benford diversity scaling,30,1.0000,0.3000,20000,0.0050,17,82
Ceiling (flagged lines),30,1.0000,1.0000,20000,0.0050,17,82
Risk score,40,1.0000,0.4000,20000,0.0050,17,82
Number of tests hit,40,1.0000,0.4000,20000,0.0050,17,82
Amount only,40,0.4500,0.1800,20000,0.0050,17,82
Random flagged lines,40,0.0250,0.0100,20000,0.0050,17,82
Isolation Forest,40,0.8750,0.3500,20000,0.0050,17,82
Rarity only (priors = 1),40,1.0000,0.4000,20000,0.0050,17,82
Priors only (no rarity),40,1.0000,0.4000,20000,0.0050,17,82
Date tests not collapsed,40,1.0000,0.4000,20000,0.0050,17,82
No amount multiplier,40,1.0000,0.4000,20000,0.0050,17,82
No Benford diversity scaling,40,1.0000,0.4000,20000,0.0050,17,82
Ceiling (flagged lines),40,1.0000,1.0000,20000,0.0050,17,82
Risk score,50,1.0000,0.5000,20000,0.0050,17,82
Number of tests hit,50,0.9800,0.4900,20000,0.0050,17,82
Amount only,50,0.4200,0.2100,20000,0.0050,17,82
Random flagged lines,50,0.0200,0.0100,20000,0.0050,17,82
Isolation Forest,50,0.8200,0.4100,20000,0.0050,17,82
Rarity only (priors = 1),50,1.0000,0.5000,20000,0.0050,17,82
Priors only (no rarity),50,0.9600,0.4800,20000,0.0050,17,82
Date tests not collapsed,50,1.0000,0.5000,20000,0.0050,17,82
No amount multiplier,50,0.9800,0.4900,20000,0.0050,17,82
No Benford diversity scaling,50,1.0000,0.5000,20000,0.0050,17,82
Ceiling (flagged lines),50,1.0000,1.0000,20000,0.0050,17,82
Risk score,60,0.9833,0.5900,20000,0.0050,17,82
Number of tests hit,60,0.8333,0.5000,20000,0.0050,17,82
Amount only,60,0.3833,0.2300,20000,0.0050,17,82
Random flagged lines,60,0.0333,0.0200,20000,0.0050,17,82
Isolation Forest,60,0.7833,0.4700,20000,0.0050,17,82
Rarity only (priors = 1),60,1.0000,0.6000,20000,0.0050,17,82
Priors only (no rarity),60,0.9333,0.5600,20000,0.0050,17,82
Date tests not collapsed,60,0.9833,0.5900,20000,0.0050,17,82
No amount multiplier,60,0.9667,0.5800,20000,0.0050,17,82
No Benford diversity scaling,60,0.9833,0.5900,20000,0.0050,17,82
Ceiling (flagged lines),60,1.0000,1.0000,20000,0.0050,17,82
Risk score,70,0.9714,0.6800,20000,0.0050,17,82
Number of tests hit,70,0.8286,0.5800,20000,0.0050,17,82
Amount only,70,0.3429,0.2400,20000,0.0050,17,82
Random flagged lines,70,0.0286,0.0200,20000,0.0050,17,82
Isolation Forest,70,0.7143,0.5000,20000,0.0050,17,82
Rarity only (priors = 1),70,0.9714,0.6800,20000,0.0050,17,82
Priors only (no rarity),70,0.9000,0.6300,20000,0.0050,17,82
Date tests not collapsed,70,0.9714,0.6800,20000,0.0050,17,82
No amount multiplier,70,0.9286,0.6500,20000,0.0050,17,82
No Benford diversity scaling,70,0.9714,0.6800,20000,0.0050,17,82
Ceiling (flagged lines),70,1.0000,1.0000,20000,0.0050,17,82
Risk score,80,0.9125,0.7300,20000,0.0050,17,82
Number of tests hit,80,0.7500,0.6000,20000,0.0050,17,82
Amount only,80,0.3250,0.2600,20000,0.0050,17,82
Random flagged lines,80,0.0250,0.0200,20000,0.0050,17,82
Isolation Forest,80,0.6500,0.5200,20000,0.0050,17,82
Rarity only (priors = 1),80,0.9000,0.7200,20000,0.0050,17,82
Priors only (no rarity),80,0.8250,0.6600,20000,0.0050,17,82
Date tests not collapsed,80,0.9125,0.7300,20000,0.0050,17,82
No amount multiplier,80,0.8750,0.7000,20000,0.0050,17,82
No Benford diversity scaling,80,0.9125,0.7300,20000,0.0050,17,82
Ceiling (flagged lines),80,1.0000,1.0000,20000,0.0050,17,82
Risk score,82,0.8902,0.7300,20000,0.0050,17,82
Number of tests hit,82,0.7317,0.6000,20000,0.0050,17,82
Amount only,82,0.3171,0.2600,20000,0.0050,17,82
Random flagged lines,82,0.0244,0.0200,20000,0.0050,17,82
Isolation Forest,82,0.6341,0.5200,20000,0.0050,17,82
Rarity only (priors = 1),82,0.9024,0.7400,20000,0.0050,17,82
Priors only (no rarity),82,0.8171,0.6700,20000,0.0050,17,82
Date tests not collapsed,82,0.8902,0.7300,20000,0.0050,17,82
No amount multiplier,82,0.8780,0.7200,20000,0.0050,17,82
No Benford diversity scaling,82,0.8902,0.7300,20000,0.0050,17,82
Ceiling (flagged lines),82,1.0000,1.0000,20000,0.0050,17,82
Risk score,90,0.8333,0.7500,20000,0.0050,17,82
Number of tests hit,90,0.7444,0.6700,20000,0.0050,17,82
Amount only,90,0.3000,0.2700,20000,0.0050,17,82
Random flagged lines,90,0.0444,0.0400,20000,0.0050,17,82
Isolation Forest,90,0.6222,0.5600,20000,0.0050,17,82
Rarity only (priors = 1),90,0.8444,0.7600,20000,0.0050,17,82
Priors only (no rarity),90,0.7667,0.6900,20000,0.0050,17,82
Date tests not collapsed,90,0.8333,0.7500,20000,0.0050,17,82
No amount multiplier,90,0.8111,0.7300,20000,0.0050,17,82
No Benford diversity scaling,90,0.8333,0.7500,20000,0.0050,17,82
Ceiling (flagged lines),90,1.0000,1.0000,20000,0.0050,17,82
Risk score,100,0.7800,0.7800,20000,0.0050,17,82
Number of tests hit,100,0.7400,0.7400,20000,0.0050,17,82
Amount only,100,0.2800,0.2800,20000,0.0050,17,82
Random flagged lines,100,0.0400,0.0400,20000,0.0050,17,82
Isolation Forest,100,0.5900,0.5900,20000,0.0050,17,82
Rarity only (priors = 1),100,0.7900,0.7900,20000,0.0050,17,82
Priors only (no rarity),100,0.7200,0.7200,20000,0.0050,17,82
Date tests not collapsed,100,0.7800,0.7800,20000,0.0050,17,82
No amount multiplier,100,0.7400,0.7400,20000,0.0050,17,82
No Benford diversity scaling,100,0.7800,0.7800,20000,0.0050,17,82
Ceiling (flagged lines),100,1.0000,1.0000,20000,0.0050,17,82
Risk score,110,0.7273,0.8000,20000,0.0050,17,82
Number of tests hit,110,0.6727,0.7400,20000,0.0050,17,82
Amount only,110,0.3000,0.3300,20000,0.0050,17,82
Random flagged lines,110,0.0364,0.0400,20000,0.0050,17,82
Isolation Forest,110,0.5364,0.5900,20000,0.0050,17,82
Rarity only (priors = 1),110,0.7545,0.8300,20000,0.0050,17,82
Priors only (no rarity),110,0.6636,0.7300,20000,0.0050,17,82
Date tests not collapsed,110,0.7273,0.8000,20000,0.0050,17,82
No amount multiplier,110,0.6727,0.7400,20000,0.0050,17,82
No Benford diversity scaling,110,0.7273,0.8000,20000,0.0050,17,82
Ceiling (flagged lines),110,0.9091,1.0000,20000,0.0050,17,82
Risk score,120,0.7083,0.8500,20000,0.0050,17,82
Number of tests hit,120,0.6250,0.7500,20000,0.0050,17,82
Amount only,120,0.2833,0.3400,20000,0.0050,17,82
Random flagged lines,120,0.0333,0.0400,20000,0.0050,17,82
Isolation Forest,120,0.5000,0.6000,20000,0.0050,17,82
Rarity only (priors = 1),120,0.7167,0.8600,20000,0.0050,17,82
Priors only (no rarity),120,0.6167,0.7400,20000,0.0050,17,82
Date tests not collapsed,120,0.7083,0.8500,20000,0.0050,17,82
No amount multiplier,120,0.6167,0.7400,20000,0.0050,17,82
No Benford diversity scaling,120,0.7083,0.8500,20000,0.0050,17,82
Ceiling (flagged lines),120,0.8333,1.0000,20000,0.0050,17,82
Risk score,130,0.6692,0.8700,20000,0.0050,17,82
Number of tests hit,130,0.5769,0.7500,20000,0.0050,17,82
Amount only,130,0.2692,0.3500,20000,0.0050,17,82
Random flagged lines,130,0.0308,0.0400,20000,0.0050,17,82
Isolation Forest,130,0.4615,0.6000,20000,0.0050,17,82
Rarity only (priors = 1),130,0.6769,0.8800,20000,0.0050,17,82
Priors only (no rarity),130,0.5692,0.7400,20000,0.0050,17,82
Date tests not collapsed,130,0.6692,0.8700,20000,0.0050,17,82
No amount multiplier,130,0.5692,0.7400,20000,0.0050,17,82
No Benford diversity scaling,130,0.6692,0.8700,20000,0.0050,17,82
Ceiling (flagged lines),130,0.7692,1.0000,20000,0.0050,17,82
Risk score,140,0.6286,0.8800,20000,0.0050,17,82
Number of tests hit,140,0.5357,0.7500,20000,0.0050,17,82
Amount only,140,0.2714,0.3800,20000,0.0050,17,82
Random flagged lines,140,0.0286,0.0400,20000,0.0050,17,82
Isolation Forest,140,0.4357,0.6100,20000,0.0050,17,82
Rarity only (priors = 1),140,0.6286,0.8800,20000,0.0050,17,82
Priors only (no rarity),140,0.5357,0.7500,20000,0.0050,17,82
Date tests not collapsed,140,0.6286,0.8800,20000,0.0050,17,82
No amount multiplier,140,0.5500,0.7700,20000,0.0050,17,82
No Benford diversity scaling,140,0.6286,0.8800,20000,0.0050,17,82
Ceiling (flagged lines),140,0.7143,1.0000,20000,0.0050,17,82
Risk score,150,0.5867,0.8800,20000,0.0050,17,82
Number of tests hit,150,0.5000,0.7500,20000,0.0050,17,82
Amount only,150,0.2667,0.4000,20000,0.0050,17,82
Random flagged lines,150,0.0267,0.0400,20000,0.0050,17,82
Isolation Forest,150,0.4067,0.6100,20000,0.0050,17,82
Rarity only (priors = 1),150,0.5933,0.8900,20000,0.0050,17,82
Priors only (no rarity),150,0.5000,0.7500,20000,0.0050,17,82
Date tests not collapsed,150,0.5867,0.8800,20000,0.0050,17,82
No amount multiplier,150,0.5200,0.7800,20000,0.0050,17,82
No Benford diversity scaling,150,0.5867,0.8800,20000,0.0050,17,82
Ceiling (flagged lines),150,0.6667,1.0000,20000,0.0050,17,82
Risk score,160,0.5500,0.8800,20000,0.0050,17,82
Number of tests hit,160,0.4688,0.7500,20000,0.0050,17,82
Amount only,160,0.2500,0.4000,20000,0.0050,17,82
Random flagged lines,160,0.0250,0.0400,20000,0.0050,17,82
Isolation Forest,160,0.3875,0.6200,20000,0.0050,17,82
Rarity only (priors = 1),160,0.5563,0.8900,20000,0.0050,17,82
Priors only (no rarity),160,0.4688,0.7500,20000,0.0050,17,82
Date tests not collapsed,160,0.5500,0.8800,20000,0.0050,17,82
No amount multiplier,160,0.4875,0.7800,20000,0.0050,17,82
No Benford diversity scaling,160,0.5500,0.8800,20000,0.0050,17,82
Ceiling (flagged lines),160,0.6250,1.0000,20000,0.0050,17,82
Risk score,170,0.5176,0.8800,20000,0.0050,17,82
Number of tests hit,170,0.4412,0.7500,20000,0.0050,17,82
Amount only,170,0.2353,0.4000,20000,0.0050,17,82
Random flagged lines,170,0.0235,0.0400,20000,0.0050,17,82
Isolation Forest,170,0.3706,0.6300,20000,0.0050,17,82
Rarity only (priors = 1),170,0.5235,0.8900,20000,0.0050,17,82
Priors only (no rarity),170,0.4412,0.7500,20000,0.0050,17,82
Date tests not collapsed,170,0.5176,0.8800,20000,0.0050,17,82
No amount multiplier,170,0.4588,0.7800,20000,0.0050,17,82
No Benford diversity scaling,170,0.5176,0.8800,20000,0.0050,17,82
Ceiling (flagged lines),170,0.5882,1.0000,20000,0.0050,17,82
Risk score,180,0.4889,0.8800,20000,0.0050,17,82
Number of tests hit,180,0.4167,0.7500,20000,0.0050,17,82
Amount only,180,0.2222,0.4000,20000,0.0050,17,82
Random flagged lines,180,0.0222,0.0400,20000,0.0050,17,82
Isolation Forest,180,0.3500,0.6300,20000,0.0050,17,82
Rarity only (priors = 1),180,0.4944,0.8900,20000,0.0050,17,82
Priors only (no rarity),180,0.4167,0.7500,20000,0.0050,17,82
Date tests not collapsed,180,0.4889,0.8800,20000,0.0050,17,82
No amount multiplier,180,0.4333,0.7800,20000,0.0050,17,82
No Benford diversity scaling,180,0.4889,0.8800,20000,0.0050,17,82
Ceiling (flagged lines),180,0.5556,1.0000,20000,0.0050,17,82
Risk score,190,0.4632,0.8800,20000,0.0050,17,82
Number of tests hit,190,0.3947,0.7500,20000,0.0050,17,82
Amount only,190,0.2105,0.4000,20000,0.0050,17,82
Random flagged lines,190,0.0211,0.0400,20000,0.0050,17,82
Isolation Forest,190,0.3368,0.6400,20000,0.0050,17,82
Rarity only (priors = 1),190,0.4684,0.8900,20000,0.0050,17,82
Priors only (no rarity),190,0.4000,0.7600,20000,0.0050,17,82
Date tests not collapsed,190,0.4632,0.8800,20000,0.0050,17,82
No amount multiplier,190,0.4105,0.7800,20000,0.0050,17,82
No Benford diversity scaling,190,0.4632,0.8800,20000,0.0050,17,82
Ceiling (flagged lines),190,0.5263,1.0000,20000,0.0050,17,82
Risk score,200,0.4400,0.8800,20000,0.0050,17,82
Number of tests hit,200,0.3750,0.7500,20000,0.0050,17,82
Amount only,200,0.2000,0.4000,20000,0.0050,17,82
Random flagged lines,200,0.0250,0.0500,20000,0.0050,17,82
Isolation Forest,200,0.3350,0.6700,20000,0.0050,17,82
Rarity only (priors = 1),200,0.4450,0.8900,20000,0.0050,17,82
Priors only (no rarity),200,0.3850,0.7700,20000,0.0050,17,82
Date tests not collapsed,200,0.4400,0.8800,20000,0.0050,17,82
No amount multiplier,200,0.3900,0.7800,20000,0.0050,17,82
No Benford diversity scaling,200,0.4400,0.8800,20000,0.0050,17,82
Ceiling (flagged lines),200,0.5000,1.0000,20000,0.0050,17,82
Risk score,210,0.4190,0.8800,20000,0.0050,17,82
Number of tests hit,210,0.3571,0.7500,20000,0.0050,17,82
Amount only,210,0.1952,0.4100,20000,0.0050,17,82
Random flagged lines,210,0.0238,0.0500,20000,0.0050,17,82
Isolation Forest,210,0.3286,0.6900,20000,0.0050,17,82
Rarity only (priors = 1),210,0.4238,0.8900,20000,0.0050,17,82
Priors only (no rarity),210,0.3667,0.7700,20000,0.0050,17,82
Date tests not collapsed,210,0.4190,0.8800,20000,0.0050,17,82
No amount multiplier,210,0.3714,0.7800,20000,0.0050,17,82
No Benford diversity scaling,210,0.4190,0.8800,20000,0.0050,17,82
Ceiling (flagged lines),210,0.4762,1.0000,20000,0.0050,17,82
Risk score,220,0.4000,0.8800,20000,0.0050,17,82
Number of tests hit,220,0.3409,0.7500,20000,0.0050,17,82
Amount only,220,0.1909,0.4200,20000,0.0050,17,82
Random flagged lines,220,0.0227,0.0500,20000,0.0050,17,82
Isolation Forest,220,0.3182,0.7000,20000,0.0050,17,82
Rarity only (priors = 1),220,0.4045,0.8900,20000,0.0050,17,82
Priors only (no rarity),220,0.3500,0.7700,20000,0.0050,17,82
Date tests not collapsed,220,0.4000,0.8800,20000,0.0050,17,82
No amount multiplier,220,0.3545,0.7800,20000,0.0050,17,82
No Benford diversity scaling,220,0.4000,0.8800,20000,0.0050,17,82
Ceiling (flagged lines),220,0.4545,1.0000,20000,0.0050,17,82
Risk score,230,0.3826,0.8800,20000,0.0050,17,82
Number of tests hit,230,0.3261,0.7500,20000,0.0050,17,82
Amount only,230,0.1826,0.4200,20000,0.0050,17,82
Random flagged lines,230,0.0217,0.0500,20000,0.0050,17,82
Isolation Forest,230,0.3043,0.7000,20000,0.0050,17,82
Rarity only (priors = 1),230,0.3913,0.9000,20000,0.0050,17,82
Priors only (no rarity),230,0.3478,0.8000,20000,0.0050,17,82
Date tests not collapsed,230,0.3826,0.8800,20000,0.0050,17,82
No amount multiplier,230,0.3391,0.7800,20000,0.0050,17,82
No Benford diversity scaling,230,0.3826,0.8800,20000,0.0050,17,82
Ceiling (flagged lines),230,0.4348,1.0000,20000,0.0050,17,82
Risk score,240,0.3667,0.8800,20000,0.0050,17,82
Number of tests hit,240,0.3125,0.7500,20000,0.0050,17,82
Amount only,240,0.1750,0.4200,20000,0.0050,17,82
Random flagged lines,240,0.0208,0.0500,20000,0.0050,17,82
Isolation Forest,240,0.2917,0.7000,20000,0.0050,17,82
Rarity only (priors = 1),240,0.3750,0.9000,20000,0.0050,17,82
Priors only (no rarity),240,0.3333,0.8000,20000,0.0050,17,82
Date tests not collapsed,240,0.3667,0.8800,20000,0.0050,17,82
No amount multiplier,240,0.3292,0.7900,20000,0.0050,17,82
No Benford diversity scaling,240,0.3667,0.8800,20000,0.0050,17,82
Ceiling (flagged lines),240,0.4167,1.0000,20000,0.0050,17,82
Risk score,250,0.3560,0.8900,20000,0.0050,17,82
Number of tests hit,250,0.3000,0.7500,20000,0.0050,17,82
Amount only,250,0.1720,0.4300,20000,0.0050,17,82
Random flagged lines,250,0.0200,0.0500,20000,0.0050,17,82
Isolation Forest,250,0.2800,0.7000,20000,0.0050,17,82
Rarity only (priors = 1),250,0.3640,0.9100,20000,0.0050,17,82
Priors only (no rarity),250,0.3200,0.8000,20000,0.0050,17,82
Date tests not collapsed,250,0.3560,0.8900,20000,0.0050,17,82
No amount multiplier,250,0.3200,0.8000,20000,0.0050,17,82
No Benford diversity scaling,250,0.3560,0.8900,20000,0.0050,17,82
Ceiling (flagged lines),250,0.4000,1.0000,20000,0.0050,17,82
Risk score,260,0.3423,0.8900,20000,0.0050,17,82
Number of tests hit,260,0.2885,0.7500,20000,0.0050,17,82
Amount only,260,0.1654,0.4300,20000,0.0050,17,82
Random flagged lines,260,0.0231,0.0600,20000,0.0050,17,82
Isolation Forest,260,0.2692,0.7000,20000,0.0050,17,82
Rarity only (priors = 1),260,0.3577,0.9300,20000,0.0050,17,82
Priors only (no rarity),260,0.3077,0.8000,20000,0.0050,17,82
Date tests not collapsed,260,0.3423,0.8900,20000,0.0050,17,82
No amount multiplier,260,0.3077,0.8000,20000,0.0050,17,82
No Benford diversity scaling,260,0.3423,0.8900,20000,0.0050,17,82
Ceiling (flagged lines),260,0.3846,1.0000,20000,0.0050,17,82
Risk score,270,0.3333,0.9000,20000,0.0050,17,82
Number of tests hit,270,0.2778,0.7500,20000,0.0050,17,82
Amount only,270,0.1667,0.4500,20000,0.0050,17,82
Random flagged lines,270,0.0222,0.0600,20000,0.0050,17,82
Isolation Forest,270,0.2593,0.7000,20000,0.0050,17,82
Rarity only (priors = 1),270,0.3481,0.9400,20000,0.0050,17,82
Priors only (no rarity),270,0.3000,0.8100,20000,0.0050,17,82
Date tests not collapsed,270,0.3333,0.9000,20000,0.0050,17,82
No amount multiplier,270,0.2963,0.8000,20000,0.0050,17,82
No Benford diversity scaling,270,0.3333,0.9000,20000,0.0050,17,82
Ceiling (flagged lines),270,0.3704,1.0000,20000,0.0050,17,82
Risk score,280,0.3214,0.9000,20000,0.0050,17,82
Number of tests hit,280,0.2679,0.7500,20000,0.0050,17,82
Amount only,280,0.1643,0.4600,20000,0.0050,17,82
Random flagged lines,280,0.0214,0.0600,20000,0.0050,17,82
Isolation Forest,280,0.2500,0.7000,20000,0.0050,17,82
Rarity only (priors = 1),280,0.3393,0.9500,20000,0.0050,17,82
Priors only (no rarity),280,0.2893,0.8100,20000,0.0050,17,82
Date tests not collapsed,280,0.3214,0.9000,20000,0.0050,17,82
No amount multiplier,280,0.2857,0.8000,20000,0.0050,17,82
No Benford diversity scaling,280,0.3214,0.9000,20000,0.0050,17,82
Ceiling (flagged lines),280,0.3571,1.0000,20000,0.0050,17,82
Risk score,290,0.3103,0.9000,20000,0.0050,17,82
Number of tests hit,290,0.2586,0.7500,20000,0.0050,17,82
Amount only,290,0.1621,0.4700,20000,0.0050,17,82
Random flagged lines,290,0.0207,0.0600,20000,0.0050,17,82
Isolation Forest,290,0.2448,0.7100,20000,0.0050,17,82
Rarity only (priors = 1),290,0.3276,0.9500,20000,0.0050,17,82
Priors only (no rarity),290,0.2793,0.8100,20000,0.0050,17,82
Date tests not collapsed,290,0.3103,0.9000,20000,0.0050,17,82
No amount multiplier,290,0.2759,0.8000,20000,0.0050,17,82
No Benford diversity scaling,290,0.3103,0.9000,20000,0.0050,17,82
Ceiling (flagged lines),290,0.3448,1.0000,20000,0.0050,17,82
Risk score,300,0.3000,0.9000,20000,0.0050,17,82
Number of tests hit,300,0.2500,0.7500,20000,0.0050,17,82
Amount only,300,0.1733,0.5200,20000,0.0050,17,82
Random flagged lines,300,0.0200,0.0600,20000,0.0050,17,82
Isolation Forest,300,0.2400,0.7200,20000,0.0050,17,82
Rarity only (priors = 1),300,0.3200,0.9600,20000,0.0050,17,82
Priors only (no rarity),300,0.2700,0.8100,20000,0.0050,17,82
Date tests not collapsed,300,0.3000,0.9000,20000,0.0050,17,82
No amount multiplier,300,0.2667,0.8000,20000,0.0050,17,82
No Benford diversity scaling,300,0.3000,0.9000,20000,0.0050,17,82
Ceiling (flagged lines),300,0.3333,1.0000,20000,0.0050,17,82
Risk score,10,1.0000,0.1000,20000,0.0050,18,82
Number of tests hit,10,1.0000,0.1000,20000,0.0050,18,82
Amount only,10,0.5000,0.0500,20000,0.0050,18,82
Random flagged lines,10,0.0000,0.0000,20000,0.0050,18,82
Isolation Forest,10,1.0000,0.1000,20000,0.0050,18,82
Rarity only (priors = 1),10,1.0000,0.1000,20000,0.0050,18,82
Priors only (no rarity),10,1.0000,0.1000,20000,0.0050,18,82
Date tests not collapsed,10,1.0000,0.1000,20000,0.0050,18,82
No amount multiplier,10,1.0000,0.1000,20000,0.0050,18,82
No Benford diversity scaling,10,1.0000,0.1000,20000,0.0050,18,82
Ceiling (flagged lines),10,1.0000,1.0000,20000,0.0050,18,82
Risk score,20,1.0000,0.2000,20000,0.0050,18,82
Number of tests hit,20,1.0000,0.2000,20000,0.0050,18,82
Amount only,20,0.5500,0.1100,20000,0.0050,18,82
Random flagged lines,20,0.0000,0.0000,20000,0.0050,18,82
Isolation Forest,20,0.9000,0.1800,20000,0.0050,18,82
Rarity only (priors = 1),20,1.0000,0.2000,20000,0.0050,18,82
Priors only (no rarity),20,1.0000,0.2000,20000,0.0050,18,82
Date tests not collapsed,20,1.0000,0.2000,20000,0.0050,18,82
No amount multiplier,20,1.0000,0.2000,20000,0.0050,18,82
No Benford diversity scaling,20,1.0000,0.2000,20000,0.0050,18,82
Ceiling (flagged lines),20,1.0000,1.0000,20000,0.0050,18,82
Risk score,30,1.0000,0.3000,20000,0.0050,18,82
Number of tests hit,30,1.0000,0.3000,20000,0.0050,18,82
Amount only,30,0.5333,0.1600,20000,0.0050,18,82
Random flagged lines,30,0.0000,0.0000,20000,0.0050,18,82
Isolation Forest,30,0.8667,0.2600,20000,0.0050,18,82
Rarity only (priors = 1),30,1.0000,0.3000,20000,0.0050,18,82
Priors only (no rarity),30,1.0000,0.3000,20000,0.0050,18,82
Date tests not collapsed,30,1.0000,0.3000,20000,0.0050,18,82
No amount multiplier,30,1.0000,0.3000,20000,0.0050,18,82
No Benford diversity scaling,30,1.0000,0.3000,20000,0.0050,18,82
Ceiling (flagged lines),30,1.0000,1.0000,20000,0.0050,18,82
Risk score,40,1.0000,0.4000,20000,0.0050,18,82
Number of tests hit,40,1.0000,0.4000,20000,0.0050,18,82
Amount only,40,0.5000,0.2000,20000,0.0050,18,82
Random flagged lines,40,0.0250,0.0100,20000,0.0050,18,82
Isolation Forest,40,0.8250,0.3300,20000,0.0050,18,82
Rarity only (priors = 1),40,1.0000,0.4000,20000,0.0050,18,82
Priors only (no rarity),40,1.0000,0.4000,20000,0.0050,18,82
Date tests not collapsed,40,1.0000,0.4000,20000,0.0050,18,82
No amount multiplier,40,1.0000,0.4000,20000,0.0050,18,82
No Benford diversity scaling,40,1.0000,0.4000,20000,0.0050,18,82
Ceiling (flagged lines),40,1.0000,1.0000,20000,0.0050,18,82
Risk score,50,1.0000,0.5000,20000,0.0050,18,82
Number of tests hit,50,1.0000,0.5000,20000,0.0050,18,82
Amount only,50,0.4400,0.2200,20000,0.0050,18,82
Random flagged lines,50,0.0200,0.0100,20000,0.0050,18,82
Isolation Forest,50,0.8400,0.4200,20000,0.0050,18,82
Rarity only (priors = 1),50,1.0000,0.5000,20000,0.0050,18,82
Priors only (no rarity),50,1.0000,0.5000,20000,0.0050,18,82
Date tests not collapsed,50,1.0000,0.5000,20000,0.0050,18,82
No amount multiplier,50,1.0000,0.5000,20000,0.0050,18,82
No Benford diversity scaling,50,1.0000,0.5000,20000,0.0050,18,82
Ceiling (flagged lines),50,1.0000,1.0000,20000,0.0050,18,82
Risk score,60,0.9833,0.5900,20000,0.0050,18,82
Number of tests hit,60,0.9333,0.5600,20000,0.0050,18,82
Amount only,60,0.3833,0.2300,20000,0.0050,18,82
Random flagged lines,60,0.0167,0.0100,20000,0.0050,18,82
Isolation Forest,60,0.7667,0.4600,20000,0.0050,18,82
Rarity only (priors = 1),60,1.0000,0.6000,20000,0.0050,18,82
Priors only (no rarity),60,0.9000,0.5400,20000,0.0050,18,82
Date tests not collapsed,60,1.0000,0.6000,20000,0.0050,18,82
No amount multiplier,60,1.0000,0.6000,20000,0.0050,18,82
No Benford diversity scaling,60,0.9833,0.5900,20000,0.0050,18,82
Ceiling (flagged lines),60,1.0000,1.0000,20000,0.0050,18,82
Risk score,70,0.9143,0.6400,20000,0.0050,18,82
Number of tests hit,70,0.8714,0.6100,20000,0.0050,18,82
Amount only,70,0.3429,0.2400,20000,0.0050,18,82
Random flagged lines,70,0.0143,0.0100,20000,0.0050,18,82
Isolation Forest,70,0.7714,0.5400,20000,0.0050,18,82
Rarity only (priors = 1),70,0.9714,0.6800,20000,0.0050,18,82
Priors only (no rarity),70,0.8286,0.5800,20000,0.0050,18,82
Date tests not collapsed,70,0.9143,0.6400,20000,0.0050,18,82
No amount multiplier,70,0.9143,0.6400,20000,0.0050,18,82
No Benford diversity scaling,70,0.9143,0.6400,20000,0.0050,18,82
Ceiling (flagged lines),70,1.0000,1.0000,20000,0.0050,18,82
Risk score,80,0.8375,0.6700,20000,0.0050,18,82
Number of tests hit,80,0.8000,0.6400,20000,0.0050,18,82
Amount only,80,0.3125,0.2500,20000,0.0050,18,82
Random flagged lines,80,0.0250,0.0200,20000,0.0050,18,82
Isolation Forest,80,0.7500,0.6000,20000,0.0050,18,82
Rarity only (priors = 1),80,0.9000,0.7200,20000,0.0050,18,82
Priors only (no rarity),80,0.8375,0.6700,20000,0.0050,18,82
Date tests not collapsed,80,0.8375,0.6700,20000,0.0050,18,82
No amount multiplier,80,0.8125,0.6500,20000,0.0050,18,82
No Benford diversity scaling,80,0.8375,0.6700,20000,0.0050,18,82
Ceiling (flagged lines),80,1.0000,1.0000,20000,0.0050,18,82
Risk score,82,0.8415,0.6900,20000,0.0050,18,82
Number of tests hit,82,0.7927,0.6500,20000,0.0050,18,82
Amount only,82,0.3049,0.2500,20000,0.0050,18,82
Random flagged lines,82,0.0244,0.0200,20000,0.0050,18,82
Isolation Forest,82,0.7317,0.6000,20000,0.0050,18,82
Rarity only (priors = 1),82,0.8780,0.7200,20000,0.0050,18,82
Priors only (no rarity),82,0.8293,0.6800,20000,0.0050,18,82
Date tests not collapsed,82,0.8415,0.6900,20000,0.0050,18,82
No amount multiplier,82,0.8171,0.6700,20000,0.0050,18,82
No Benford diversity scaling,82,0.8415,0.6900,20000,0.0050,18,82
Ceiling (flagged lines),82,1.0000,1.0000,20000,0.0050,18,82
Risk score,90,0.8111,0.7300,20000,0.0050,18,82
Number of tests hit,90,0.7556,0.6800,20000,0.0050,18,82
Amount only,90,0.3111,0.2800,20000,0.0050,18,82
Random flagged lines,90,0.0222,0.0200,20000,0.0050,18,82
Isolation Forest,90,0.7111,0.6400,20000,0.0050,18,82
Rarity only (priors = 1),90,0.8222,0.7400,20000,0.0050,18,82
Priors only (no rarity),90,0.7778,0.7000,20000,0.0050,18,82
Date tests not collapsed,90,0.8111,0.7300,20000,0.0050,18,82
No amount multiplier,90,0.7667,0.6900,20000,0.0050,18,82
No Benford diversity scaling,90,0.8111,0.7300,20000,0.0050,18,82
Ceiling (flagged lines),90,1.0000,1.0000,20000,0.0050,18,82
Risk score,100,0.8000,0.8000,20000,0.0050,18,82
Number of tests hit,100,0.7300,0.7300,20000,0.0050,18,82
Amount only,100,0.2900,0.2900,20000,0.0050,18,82
Random flagged lines,100,0.0200,0.0200,20000,0.0050,18,82
Isolation Forest,100,0.6600,0.6600,20000,0.0050,18,82
Rarity only (priors = 1),100,0.7600,0.7600,20000,0.0050,18,82
Priors only (no rarity),100,0.7400,0.7400,20000,0.0050,18,82
Date tests not collapsed,100,0.8000,0.8000,20000,0.0050,18,82
No amount multiplier,100,0.7100,0.7100,20000,0.0050,18,82
No Benford diversity scaling,100,0.8000,0.8000,20000,0.0050,18,82
Ceiling (flagged lines),100,1.0000,1.0000,20000,0.0050,18,82
Risk score,110,0.7636,0.8400,20000,0.0050,18,82
Number of tests hit,110,0.6909,0.7600,20000,0.0050,18,82
Amount only,110,0.2818,0.3100,20000,0.0050,18,82
Random flagged lines,110,0.0182,0.0200,20000,0.0050,18,82
Isolation Forest,110,0.6091,0.6700,20000,0.0050,18,82
Rarity only (priors = 1),110,0.7455,0.8200,20000,0.0050,18,82
Priors only (no rarity),110,0.7182,0.7900,20000,0.0050,18,82
Date tests not collapsed,110,0.7636,0.8400,20000,0.0050,18,82
No amount multiplier,110,0.6545,0.7200,20000,0.0050,18,82
No Benford diversity scaling,110,0.7636,0.8400,20000,0.0050,18,82
Ceiling (flagged lines),110,0.9091,1.0000,20000,0.0050,18,82
Risk score,120,0.7333,0.8800,20000,0.0050,18,82
Number of tests hit,120,0.6333,0.7600,20000,0.0050,18,82
Amount only,120,0.2750,0.3300,20000,0.0050,18,82
Random flagged lines,120,0.0167,0.0200,20000,0.0050,18,82
Isolation Forest,120,0.5583,0.6700,20000,0.0050,18,82
Rarity only (priors = 1),120,0.7083,0.8500,20000,0.0050,18,82
Priors only (no rarity),120,0.6750,0.8100,20000,0.0050,18,82
Date tests not collapsed,120,0.7333,0.8800,20000,0.0050,18,82
No amount multiplier,120,0.6000,0.7200,20000,0.0050,18,82
No Benford diversity scaling,120,0.7333,0.8800,20000,0.0050,18,82
Ceiling (flagged lines),120,0.8333,1.0000,20000,0.0050,18,82
Risk score,130,0.6923,0.9000,20000,0.0050,18,82
Number of tests hit,130,0.5846,0.7600,20000,0.0050,18,82
Amount only,130,0.2692,0.3500,20000,0.0050,18,82
Random flagged lines,130,0.0154,0.0200,20000,0.0050,18,82
Isolation Forest,130,0.5231,0.6800,20000,0.0050,18,82
Rarity only (priors = 1),130,0.6769,0.8800,20000,0.0050,18,82
Priors only (no rarity),130,0.6231,0.8100,20000,0.0050,18,82
Date tests not collapsed,130,0.6923,0.9000,20000,0.0050,18,82
No amount multiplier,130,0.5538,0.7200,20000,0.0050,18,82
No Benford diversity scaling,130,0.6923,0.9000,20000,0.0050,18,82
Ceiling (flagged lines),130,0.7692,1.0000,20000,0.0050,18,82
Risk score,140,0.6429,0.9000,20000,0.0050,18,82
Number of tests hit,140,0.5429,0.7600,20000,0.0050,18,82
Amount only,140,0.2643,0.3700,20000,0.0050,18,82
Random flagged lines,140,0.0143,0.0200,20000,0.0050,18,82
Isolation Forest,140,0.4929,0.6900,20000,0.0050,18,82
Rarity only (priors = 1),140,0.6429,0.9000,20000,0.0050,18,82
Priors only (no rarity),140,0.5786,0.8100,20000,0.0050,18,82
Date tests not collapsed,140,0.6429,0.9000,20000,0.0050,18,82
No amount multiplier,140,0.5429,0.7600,20000,0.0050,18,82
No Benford diversity scaling,140,0.6429,0.9000,20000,0.0050,18,82
Ceiling (flagged lines),140,0.7143,1.0000,20000,0.0050,18,82
Risk score,150,0.6200,0.9300,20000,0.0050,18,82
Number of tests hit,150,0.5067,0.7600,20000,0.0050,18,82
Amount only,150,0.2533,0.3800,20000,0.0050,18,82
Random flagged lines,150,0.0133,0.0200,20000,0.0050,18,82
Isolation Forest,150,0.4733,0.7100,20000,0.0050,18,82
Rarity only (priors = 1),150,0.6000,0.9000,20000,0.0050,18,82
Priors only (no rarity),150,0.5467,0.8200,20000,0.0050,18,82
Date tests not collapsed,150,0.6200,0.9300,20000,0.0050,18,82
No amount multiplier,150,0.5400,0.8100,20000,0.0050,18,82
No Benford diversity scaling,150,0.6200,0.9300,20000,0.0050,18,82
Ceiling (flagged lines),150,0.6667,1.0000,20000,0.0050,18,82
Risk score,160,0.5813,0.9300,20000,0.0050,18,82
Number of tests hit,160,0.4750,0.7600,20000,0.0050,18,82
Amount only,160,0.2375,0.3800,20000,0.0050,18,82
Random flagged lines,160,0.0125,0.0200,20000,0.0050,18,82
Isolation Forest,160,0.4437,0.7100,20000,0.0050,18,82
Rarity only (priors = 1),160,0.5687,0.9100,20000,0.0050,18,82
Priors only (no rarity),160,0.5125,0.8200,20000,0.0050,18,82
Date tests not collapsed,160,0.5813,0.9300,20000,0.0050,18,82
No amount multiplier,160,0.5125,0.8200,20000,0.0050,18,82
No Benford diversity scaling,160,0.5813,0.9300,20000,0.0050,18,82
Ceiling (flagged lines),160,0.6250,1.0000,20000,0.0050,18,82
Risk score,170,0.5529,0.9400,20000,0.0050,18,82
Number of tests hit,170,0.4471,0.7600,20000,0.0050,18,82
Amount only,170,0.2294,0.3900,20000,0.0050,18,82
Random flagged lines,170,0.0118,0.0200,20000,0.0050,18,82
Isolation Forest,170,0.4176,0.7100,20000,0.0050,18,82
Rarity only (priors = 1),170,0.5412,0.9200,20000,0.0050,18,82
Priors only (no rarity),170,0.4824,0.8200,20000,0.0050,18,82
Date tests not collapsed,170,0.5529,0.9400,20000,0.0050,18,82
No amount multiplier,170,0.4824,0.8200,20000,0.0050,18,82
No Benford diversity scaling,170,0.5529,0.9400,20000,0.0050,18,82
Ceiling (flagged lines),170,0.5882,1.0000,20000,0.0050,18,82
Risk score,180,0.5222,0.9400,20000,0.0050,18,82
Number of tests hit,180,0.4222,0.7600,20000,0.0050,18,82
Amount only,180,0.2222,0.4000,20000,0.0050,18,82
Random flagged lines,180,0.0111,0.0200,20000,0.0050,18,82
Isolation Forest,180,0.3944,0.7100,20000,0.0050,18,82
Rarity only (priors = 1),180,0.5111,0.9200,20000,0.0050,18,82
Priors only (no rarity),180,0.4556,0.8200,20000,0.0050,18,82
Date tests not collapsed,180,0.5222,0.9400,20000,0.0050,18,82
No amount multiplier,180,0.4556,0.8200,20000,0.0050,18,82
No Benford diversity scaling,180,0.5222,0.9400,20000,0.0050,18,82
Ceiling (flagged lines),180,0.5556,1.0000,20000,0.0050,18,82
Risk score,190,0.4947,0.9400,20000,0.0050,18,82
Number of tests hit,190,0.4000,0.7600,20000,0.0050,18,82
Amount only,190,0.2158,0.4100,20000,0.0050,18,82
Random flagged lines,190,0.0105,0.0200,20000,0.0050,18,82
Isolation Forest,190,0.3737,0.7100,20000,0.0050,18,82
Rarity only (priors = 1),190,0.4842,0.9200,20000,0.0050,18,82
Priors only (no rarity),190,0.4316,0.8200,20000,0.0050,18,82
Date tests not collapsed,190,0.4947,0.9400,20000,0.0050,18,82
No amount multiplier,190,0.4368,0.8300,20000,0.0050,18,82
No Benford diversity scaling,190,0.4947,0.9400,20000,0.0050,18,82
Ceiling (flagged lines),190,0.5263,1.0000,20000,0.0050,18,82
Risk score,200,0.4700,0.9400,20000,0.0050,18,82
Number of tests hit,200,0.3800,0.7600,20000,0.0050,18,82
Amount only,200,0.2150,0.4300,20000,0.0050,18,82
Random flagged lines,200,0.0150,0.0300,20000,0.0050,18,82
Isolation Forest,200,0.3550,0.7100,20000,0.0050,18,82
Rarity only (priors = 1),200,0.4600,0.9200,20000,0.0050,18,82
Priors only (no rarity),200,0.4100,0.8200,20000,0.0050,18,82
Date tests not collapsed,200,0.4700,0.9400,20000,0.0050,18,82
No amount multiplier,200,0.4150,0.8300,20000,0.0050,18,82
No Benford diversity scaling,200,0.4700,0.9400,20000,0.0050,18,82
Ceiling (flagged lines),200,0.5000,1.0000,20000,0.0050,18,82
Risk score,210,0.4476,0.9400,20000,0.0050,18,82
Number of tests hit,210,0.3619,0.7600,20000,0.0050,18,82
Amount only,210,0.2095,0.4400,20000,0.0050,18,82
Random flagged lines,210,0.0143,0.0300,20000,0.0050,18,82
Isolation Forest,210,0.3381,0.7100,20000,0.0050,18,82
Rarity only (priors = 1),210,0.4381,0.9200,20000,0.0050,18,82
Priors only (no rarity),210,0.3905,0.8200,20000,0.0050,18,82
Date tests not collapsed,210,0.4476,0.9400,20000,0.0050,18,82
No amount multiplier,210,0.3952,0.8300,20000,0.0050,18,82
No Benford diversity scaling,210,0.4476,0.9400,20000,0.0050,18,82
Ceiling (flagged lines),210,0.4762,1.0000,20000,0.0050,18,82
Risk score,220,0.4273,0.9400,20000,0.0050,18,82
Number of tests hit,220,0.3455,0.7600,20000,0.0050,18,82
Amount only,220,0.2091,0.4600,20000,0.0050,18,82
Random flagged lines,220,0.0136,0.0300,20000,0.0050,18,82
Isolation Forest,220,0.3227,0.7100,20000,0.0050,18,82
Rarity only (priors = 1),220,0.4182,0.9200,20000,0.0050,18,82
Priors only (no rarity),220,0.3727,0.8200,20000,0.0050,18,82
Date tests not collapsed,220,0.4273,0.9400,20000,0.0050,18,82
No amount multiplier,220,0.3773,0.8300,20000,0.0050,18,82
No Benford diversity scaling,220,0.4273,0.9400,20000,0.0050,18,82
Ceiling (flagged lines),220,0.4545,1.0000,20000,0.0050,18,82
Risk score,230,0.4174,0.9600,20000,0.0050,18,82
Number of tests hit,230,0.3304,0.7600,20000,0.0050,18,82
Amount only,230,0.2087,0.4800,20000,0.0050,18,82
Random flagged lines,230,0.0130,0.0300,20000,0.0050,18,82
Isolation Forest,230,0.3130,0.7200,20000,0.0050,18,82
Rarity only (priors = 1),230,0.4000,0.9200,20000,0.0050,18,82
Priors only (no rarity),230,0.3565,0.8200,20000,0.0050,18,82
Date tests not collapsed,230,0.4174,0.9600,20000,0.0050,18,82
No amount multiplier,230,0.3609,0.8300,20000,0.0050,18,82
No Benford diversity scaling,230,0.4174,0.9600,20000,0.0050,18,82
Ceiling (flagged lines),230,0.4348,1.0000,20000,0.0050,18,82
Risk score,240,0.4042,0.9700,20000,0.0050,18,82
Number of tests hit,240,0.3167,0.7600,20000,0.0050,18,82
Amount only,240,0.2000,0.4800,20000,0.0050,18,82
Random flagged lines,240,0.0125,0.0300,20000,0.0050,18,82
Isolation Forest,240,0.3042,0.7300,20000,0.0050,18,82
Rarity only (priors = 1),240,0.3833,0.9200,20000,0.0050,18,82
Priors only (no rarity),240,0.3417,0.8200,20000,0.0050,18,82
Date tests not collapsed,240,0.4042,0.9700,20000,0.0050,18,82
No amount multiplier,240,0.3458,0.8300,20000,0.0050,18,82
No Benford diversity scaling,240,0.4042,0.9700,20000,0.0050,18,82
Ceiling (flagged lines),240,0.4167,1.0000,20000,0.0050,18,82
Risk score,250,0.3880,0.9700,20000,0.0050,18,82
Number of tests hit,250,0.3040,0.7600,20000,0.0050,18,82
Amount only,250,0.1920,0.4800,20000,0.0050,18,82
Random flagged lines,250,0.0120,0.0300,20000,0.0050,18,82
Isolation Forest,250,0.2920,0.7300,20000,0.0050,18,82
Rarity only (priors = 1),250,0.3720,0.9300,20000,0.0050,18,82
Priors only (no rarity),250,0.3280,0.8200,20000,0.0050,18,82
Date tests not collapsed,250,0.3880,0.9700,20000,0.0050,18,82
No amount multiplier,250,0.3360,0.8400,20000,0.0050,18,82
No Benford diversity scaling,250,0.3880,0.9700,20000,0.0050,18,82
Ceiling (flagged lines),250,0.4000,1.0000,20000,0.0050,18,82
Risk score,260,0.3731,0.9700,20000,0.0050,18,82
Number of tests hit,260,0.2923,0.7600,20000,0.0050,18,82
Amount only,260,0.1846,0.4800,20000,0.0050,18,82
Random flagged lines,260,0.0115,0.0300,20000,0.0050,18,82
Isolation Forest,260,0.2885,0.7500,20000,0.0050,18,82
Rarity only (priors = 1),260,0.3615,0.9400,20000,0.0050,18,82
Priors only (no rarity),260,0.3154,0.8200,20000,0.0050,18,82
Date tests not collapsed,260,0.3731,0.9700,20000,0.0050,18,82
No amount multiplier,260,0.3308,0.8600,20000,0.0050,18,82
No Benford diversity scaling,260,0.3731,0.9700,20000,0.0050,18,82
Ceiling (flagged lines),260,0.3846,1.0000,20000,0.0050,18,82
Risk score,270,0.3593,0.9700,20000,0.0050,18,82
Number of tests hit,270,0.2815,0.7600,20000,0.0050,18,82
Amount only,270,0.1889,0.5100,20000,0.0050,18,82
Random flagged lines,270,0.0148,0.0400,20000,0.0050,18,82
Isolation Forest,270,0.2815,0.7600,20000,0.0050,18,82
Rarity only (priors = 1),270,0.3519,0.9500,20000,0.0050,18,82
Priors only (no rarity),270,0.3037,0.8200,20000,0.0050,18,82
Date tests not collapsed,270,0.3593,0.9700,20000,0.0050,18,82
No amount multiplier,270,0.3185,0.8600,20000,0.0050,18,82
No Benford diversity scaling,270,0.3593,0.9700,20000,0.0050,18,82
Ceiling (flagged lines),270,0.3704,1.0000,20000,0.0050,18,82
Risk score,280,0.3464,0.9700,20000,0.0050,18,82
Number of tests hit,280,0.2714,0.7600,20000,0.0050,18,82
Amount only,280,0.1857,0.5200,20000,0.0050,18,82
Random flagged lines,280,0.0143,0.0400,20000,0.0050,18,82
Isolation Forest,280,0.2714,0.7600,20000,0.0050,18,82
Rarity only (priors = 1),280,0.3393,0.9500,20000,0.0050,18,82
Priors only (no rarity),280,0.2929,0.8200,20000,0.0050,18,82
Date tests not collapsed,280,0.3464,0.9700,20000,0.0050,18,82
No amount multiplier,280,0.3071,0.8600,20000,0.0050,18,82
No Benford diversity scaling,280,0.3464,0.9700,20000,0.0050,18,82
Ceiling (flagged lines),280,0.3571,1.0000,20000,0.0050,18,82
Risk score,290,0.3345,0.9700,20000,0.0050,18,82
Number of tests hit,290,0.2621,0.7600,20000,0.0050,18,82
Amount only,290,0.1793,0.5200,20000,0.0050,18,82
Random flagged lines,290,0.0172,0.0500,20000,0.0050,18,82
Isolation Forest,290,0.2621,0.7600,20000,0.0050,18,82
Rarity only (priors = 1),290,0.3276,0.9500,20000,0.0050,18,82
Priors only (no rarity),290,0.2862,0.8300,20000,0.0050,18,82
Date tests not collapsed,290,0.3345,0.9700,20000,0.0050,18,82
No amount multiplier,290,0.2966,0.8600,20000,0.0050,18,82
No Benford diversity scaling,290,0.3345,0.9700,20000,0.0050,18,82
Ceiling (flagged lines),290,0.3448,1.0000,20000,0.0050,18,82
Risk score,300,0.3233,0.9700,20000,0.0050,18,82
Number of tests hit,300,0.2533,0.7600,20000,0.0050,18,82
Amount only,300,0.1733,0.5200,20000,0.0050,18,82
Random flagged lines,300,0.0167,0.0500,20000,0.0050,18,82
Isolation Forest,300,0.2567,0.7700,20000,0.0050,18,82
Rarity only (priors = 1),300,0.3167,0.9500,20000,0.0050,18,82
Priors only (no rarity),300,0.2767,0.8300,20000,0.0050,18,82
Date tests not collapsed,300,0.3233,0.9700,20000,0.0050,18,82
No amount multiplier,300,0.2867,0.8600,20000,0.0050,18,82
No Benford diversity scaling,300,0.3233,0.9700,20000,0.0050,18,82
Ceiling (flagged lines),300,0.3333,1.0000,20000,0.0050,18,82
Risk score,10,1.0000,0.1000,20000,0.0050,19,82
Number of tests hit,10,1.0000,0.1000,20000,0.0050,19,82
Amount only,10,0.4000,0.0400,20000,0.0050,19,82
Random flagged lines,10,0.0000,0.0000,20000,0.0050,19,82
Isolation Forest,10,1.0000,0.1000,20000,0.0050,19,82
Rarity only (priors = 1),10,1.0000,0.1000,20000,0.0050,19,82
Priors only (no rarity),10,1.0000,0.1000,20000,0.0050,19,82
Date tests not collapsed,10,1.0000,0.1000,20000,0.0050,19,82
No amount multiplier,10,1.0000,0.1000,20000,0.0050,19,82
No Benford diversity scaling,10,1.0000,0.1000,20000,0.0050,19,82
Ceiling (flagged lines),10,1.0000,1.0000,20000,0.0050,19,82
Risk score,20,1.0000,0.2000,20000,0.0050,19,82
Number of tests hit,20,1.0000,0.2000,20000,0.0050,19,82
Amount only,20,0.6000,0.1200,20000,0.0050,19,82
Random flagged lines,20,0.0000,0.0000,20000,0.0050,19,82
Isolation Forest,20,0.9500,0.1900,20000,0.0050,19,82
Rarity only (priors = 1),20,1.0000,0.2000,20000,0.0050,19,82
Priors only (no rarity),20,1.0000,0.2000,20000,0.0050,19,82
Date tests not collapsed,20,1.0000,0.2000,20000,0.0050,19,82
No amount multiplier,20,1.0000,0.2000,20000,0.0050,19,82
No Benford diversity scaling,20,1.0000,0.2000,20000,0.0050,19,82
Ceiling (flagged lines),20,1.0000,1.0000,20000,0.0050,19,82
Risk score,30,1.0000,0.3000,20000,0.0050,19,82
Number of tests hit,30,1.0000,0.3000,20000,0.0050,19,82
Amount only,30,0.5000,0.1500,20000,0.0050,19,82
Random flagged lines,30,0.0000,0.0000,20000,0.0050,19,82
Isolation Forest,30,0.8667,0.2600,20000,0.0050,19,82
Rarity only (priors = 1),30,1.0000,0.3000,20000,0.0050,19,82
Priors only (no rarity),30,1.0000,0.3000,20000,0.0050,19,82
Date tests not collapsed,30,1.0000,0.3000,20000,0.0050,19,82
No amount multiplier,30,1.0000,0.3000,20000,0.0050,19,82
No Benford diversity scaling,30,1.0000,0.3000,20000,0.0050,19,82
Ceiling (flagged lines),30,1.0000,1.0000,20000,0.0050,19,82
Risk score,40,1.0000,0.4000,20000,0.0050,19,82
Number of tests hit,40,1.0000,0.4000,20000,0.0050,19,82
Amount only,40,0.4250,0.1700,20000,0.0050,19,82
Random flagged lines,40,0.0000,0.0000,20000,0.0050,19,82
Isolation Forest,40,0.8500,0.3400,20000,0.0050,19,82
Rarity only (priors = 1),40,1.0000,0.4000,20000,0.0050,19,82
Priors only (no rarity),40,1.0000,0.4000,20000,0.0050,19,82
Date tests not collapsed,40,1.0000,0.4000,20000,0.0050,19,82
No amount multiplier,40,1.0000,0.4000,20000,0.0050,19,82
No Benford diversity scaling,40,1.0000,0.4000,20000,0.0050,19,82
Ceiling (flagged lines),40,1.0000,1.0000,20000,0.0050,19,82
Risk score,50,1.0000,0.5000,20000,0.0050,19,82
Number of tests hit,50,0.9200,0.4600,20000,0.0050,19,82
Amount only,50,0.4000,0.2000,20000,0.0050,19,82
Random flagged lines,50,0.0000,0.0000,20000,0.0050,19,82
Isolation Forest,50,0.8000,0.4000,20000,0.0050,19,82
Rarity only (priors = 1),50,1.0000,0.5000,20000,0.0050,19,82
Priors only (no rarity),50,0.8400,0.4200,20000,0.0050,19,82
Date tests not collapsed,50,1.0000,0.5000,20000,0.0050,19,82
No amount multiplier,50,1.0000,0.5000,20000,0.0050,19,82
No Benford diversity scaling,50,1.0000,0.5000,20000,0.0050,19,82
Ceiling (flagged lines),50,1.0000,1.0000,20000,0.0050,19,82
Risk score,60,0.9667,0.5800,20000,0.0050,19,82
Number of tests hit,60,0.9333,0.5600,20000,0.0050,19,82
Amount only,60,0.4000,0.2400,20000,0.0050,19,82
Random flagged lines,60,0.0000,0.0000,20000,0.0050,19,82
Isolation Forest,60,0.7667,0.4600,20000,0.0050,19,82
Rarity only (priors = 1),60,0.9833,0.5900,20000,0.0050,19,82
Priors only (no rarity),60,0.8667,0.5200,20000,0.0050,19,82
Date tests not collapsed,60,0.9667,0.5800,20000,0.0050,19,82
No amount multiplier,60,0.9000,0.5400,20000,0.0050,19,82
No Benford diversity scaling,60,0.9667,0.5800,20000,0.0050,19,82
Ceiling (flagged lines),60,1.0000,1.0000,20000,0.0050,19,82
Risk score,70,0.8857,0.6200,20000,0.0050,19,82
Number of tests hit,70,0.8286,0.5800,20000,0.0050,19,82
Amount only,70,0.3571,0.2500,20000,0.0050,19,82
Random flagged lines,70,0.0000,0.0000,20000,0.0050,19,82
Isolation Forest,70,0.7571,0.5300,20000,0.0050,19,82
Rarity only (priors = 1),70,0.9571,0.6700,20000,0.0050,19,82
Priors only (no rarity),70,0.8571,0.6000,20000,0.0050,19,82
Date tests not collapsed,70,0.8857,0.6200,20000,0.0050,19,82
No amount multiplier,70,0.8571,0.6000,20000,0.0050,19,82
No Benford diversity scaling,70,0.8857,0.6200,20000,0.0050,19,82
Ceiling (flagged lines),70,1.0000,1.0000,20000,0.0050,19,82
Risk score,80,0.8375,0.6700,20000,0.0050,19,82
Number of tests hit,80,0.7500,0.6000,20000,0.0050,19,82
Amount only,80,0.4000,0.3200,20000,0.0050,19,82
Random flagged lines,80,0.0000,0.0000,20000,0.0050,19,82
Isolation Forest,80,0.7000,0.5600,20000,0.0050,19,82
Rarity only (priors = 1),80,0.8625,0.6900,20000,0.0050,19,82
Priors only (no rarity),80,0.7875,0.6300,20000,0.0050,19,82
Date tests not collapsed,80,0.8375,0.6700,20000,0.0050,19,82
No amount multiplier,80,0.7750,0.6200,20000,0.0050,19,82
No Benford diversity scaling,80,0.8375,0.6700,20000,0.0050,19,82
Ceiling (flagged lines),80,1.0000,1.0000,20000,0.0050,19,82
Risk score,82,0.8415,0.6900,20000,0.0050,19,82
Number of tests hit,82,0.7561,0.6200,20000,0.0050,19,82
Amount only,82,0.4024,0.3300,20000,0.0050,19,82
Random flagged lines,82,0.0000,0.0000,20000,0.0050,19,82
Isolation Forest,82,0.6829,0.5600,20000,0.0050,19,82
Rarity only (priors = 1),82,0.8537,0.7000,20000,0.0050,19,82
Priors only (no rarity),82,0.7805,0.6400,20000,0.0050,19,82
Date tests not collapsed,82,0.8415,0.6900,20000,0.0050,19,82
No amount multiplier,82,0.7683,0.6300,20000,0.0050,19,82
No Benford diversity scaling,82,0.8415,0.6900,20000,0.0050,19,82
Ceiling (flagged lines),82,1.0000,1.0000,20000,0.0050,19,82
Risk score,90,0.8111,0.7300,20000,0.0050,19,82
Number of tests hit,90,0.7667,0.6900,20000,0.0050,19,82
Amount only,90,0.4000,0.3600,20000,0.0050,19,82
Random flagged lines,90,0.0000,0.0000,20000,0.0050,19,82
Isolation Forest,90,0.6556,0.5900,20000,0.0050,19,82
Rarity only (priors = 1),90,0.8111,0.7300,20000,0.0050,19,82
Priors only (no rarity),90,0.7111,0.6400,20000,0.0050,19,82
Date tests not collapsed,90,0.8111,0.7300,20000,0.0050,19,82
No amount multiplier,90,0.7889,0.7100,20000,0.0050,19,82
No Benford diversity scaling,90,0.8111,0.7300,20000,0.0050,19,82
Ceiling (flagged lines),90,1.0000,1.0000,20000,0.0050,19,82
Risk score,100,0.7800,0.7800,20000,0.0050,19,82
Number of tests hit,100,0.7100,0.7100,20000,0.0050,19,82
Amount only,100,0.3800,0.3800,20000,0.0050,19,82
Random flagged lines,100,0.0000,0.0000,20000,0.0050,19,82
Isolation Forest,100,0.5900,0.5900,20000,0.0050,19,82
Rarity only (priors = 1),100,0.7800,0.7800,20000,0.0050,19,82
Priors only (no rarity),100,0.6800,0.6800,20000,0.0050,19,82
Date tests not collapsed,100,0.7800,0.7800,20000,0.0050,19,82
No amount multiplier,100,0.7200,0.7200,20000,0.0050,19,82
No Benford diversity scaling,100,0.7800,0.7800,20000,0.0050,19,82
Ceiling (flagged lines),100,1.0000,1.0000,20000,0.0050,19,82
Risk score,110,0.7091,0.7800,20000,0.0050,19,82
Number of tests hit,110,0.6727,0.7400,20000,0.0050,19,82
Amount only,110,0.3727,0.4100,20000,0.0050,19,82
Random flagged lines,110,0.0000,0.0000,20000,0.0050,19,82
Isolation Forest,110,0.5455,0.6000,20000,0.0050,19,82
Rarity only (priors = 1),110,0.7636,0.8400,20000,0.0050,19,82
Priors only (no rarity),110,0.6182,0.6800,20000,0.0050,19,82
Date tests not collapsed,110,0.7091,0.7800,20000,0.0050,19,82
No amount multiplier,110,0.6636,0.7300,20000,0.0050,19,82
No Benford diversity scaling,110,0.7091,0.7800,20000,0.0050,19,82
Ceiling (flagged lines),110,0.9091,1.0000,20000,0.0050,19,82
Risk score,120,0.6833,0.8200,20000,0.0050,19,82
Number of tests hit,120,0.6250,0.7500,20000,0.0050,19,82
Amount only,120,0.3583,0.4300,20000,0.0050,19,82
Random flagged lines,120,0.0000,0.0000,20000,0.0050,19,82
Isolation Forest,120,0.5167,0.6200,20000,0.0050,19,82
Rarity only (priors = 1),120,0.7167,0.8600,20000,0.0050,19,82
Priors only (no rarity),120,0.5833,0.7000,20000,0.0050,19,82
Date tests not collapsed,120,0.6833,0.8200,20000,0.0050,19,82
No amount multiplier,120,0.6083,0.7300,20000,0.0050,19,82
No Benford diversity scaling,120,0.6833,0.8200,20000,0.0050,19,82
Ceiling (flagged lines),120,0.8333,1.0000,20000,0.0050,19,82
Risk score,130,0.6462,0.8400,20000,0.0050,19,82
Number of tests hit,130,0.5769,0.7500,20000,0.0050,19,82
Amount only,130,0.3308,0.4300,20000,0.0050,19,82
Random flagged lines,130,0.0000,0.0000,20000,0.0050,19,82
Isolation Forest,130,0.4846,0.6300,20000,0.0050,19,82
Rarity only (priors = 1),130,0.6692,0.8700,20000,0.0050,19,82
Priors only (no rarity),130,0.5385,0.7000,20000,0.0050,19,82
Date tests not collapsed,130,0.6462,0.8400,20000,0.0050,19,82
No amount multiplier,130,0.5923,0.7700,20000,0.0050,19,82
No Benford diversity scaling,130,0.6462,0.8400,20000,0.0050,19,82
Ceiling (flagged lines),130,0.7692,1.0000,20000,0.0050,19,82
Risk score,140,0.6143,0.8600,20000,0.0050,19,82
Number of tests hit,140,0.5357,0.7500,20000,0.0050,19,82
Amount only,140,0.3143,0.4400,20000,0.0050,19,82
Random flagged lines,140,0.0000,0.0000,20000,0.0050,19,82
Isolation Forest,140,0.4571,0.6400,20000,0.0050,19,82
Rarity only (priors = 1),140,0.6357,0.8900,20000,0.0050,19,82
Priors only (no rarity),140,0.5071,0.7100,20000,0.0050,19,82
Date tests not collapsed,140,0.6143,0.8600,20000,0.0050,19,82
No amount multiplier,140,0.5571,0.7800,20000,0.0050,19,82
No Benford diversity scaling,140,0.6143,0.8600,20000,0.0050,19,82
Ceiling (flagged lines),140,0.7143,1.0000,20000,0.0050,19,82
Risk score,150,0.5733,0.8600,20000,0.0050,19,82
Number of tests hit,150,0.5000,0.7500,20000,0.0050,19,82
Amount only,150,0.2933,0.4400,20000,0.0050,19,82
Random flagged lines,150,0.0000,0.0000,20000,0.0050,19,82
Isolation Forest,150,0.4267,0.6400,20000,0.0050,19,82
Rarity only (priors = 1),150,0.6000,0.9000,20000,0.0050,19,82
Priors only (no rarity),150,0.4733,0.7100,20000,0.0050,19,82
Date tests not collapsed,150,0.5733,0.8600,20000,0.0050,19,82
No amount multiplier,150,0.5200,0.7800,20000,0.0050,19,82
No Benford diversity scaling,150,0.5733,0.8600,20000,0.0050,19,82
Ceiling (flagged lines),150,0.6667,1.0000,20000,0.0050,19,82
Risk score,160,0.5500,0.8800,20000,0.0050,19,82
Number of tests hit,160,0.4688,0.7500,20000,0.0050,19,82
Amount only,160,0.2750,0.4400,20000,0.0050,19,82
Random flagged lines,160,0.0063,0.0100,20000,0.0050,19,82
Isolation Forest,160,0.4062,0.6500,20000,0.0050,19,82
Rarity only (priors = 1),160,0.5687,0.9100,20000,0.0050,19,82
Priors only (no rarity),160,0.4562,0.7300,20000,0.0050,19,82
Date tests not collapsed,160,0.5500,0.8800,20000,0.0050,19,82
No amount multiplier,160,0.5000,0.8000,20000,0.0050,19,82
No Benford diversity scaling,160,0.5500,0.8800,20000,0.0050,19,82
Ceiling (flagged lines),160,0.6250,1.0000,20000,0.0050,19,82
Risk score,170,0.5176,0.8800,20000,0.0050,19,82
Number of tests hit,170,0.4412,0.7500,20000,0.0050,19,82
Amount only,170,0.2706,0.4600,20000,0.0050,19,82
Random flagged lines,170,0.0059,0.0100,20000,0.0050,19,82
Isolation Forest,170,0.3941,0.6700,20000,0.0050,19,82
Rarity only (priors = 1),170,0.5412,0.9200,20000,0.0050,19,82
Priors only (no rarity),170,0.4294,0.7300,20000,0.0050,19,82
Date tests not collapsed,170,0.5176,0.8800,20000,0.0050,19,82
No amount multiplier,170,0.4706,0.8000,20000,0.0050,19,82
No Benford diversity scaling,170,0.5176,0.8800,20000,0.0050,19,82
Ceiling (flagged lines),170,0.5882,1.0000,20000,0.0050,19,82
Risk score,180,0.4889,0.8800,20000,0.0050,19,82
Number of tests hit,180,0.4167,0.7500,20000,0.0050,19,82
Amount only,180,0.2556,0.4600,20000,0.0050,19,82
Random flagged lines,180,0.0056,0.0100,20000,0.0050,19,82
Isolation Forest,180,0.3722,0.6700,20000,0.0050,19,82
Rarity only (priors = 1),180,0.5111,0.9200,20000,0.0050,19,82
Priors only (no rarity),180,0.4056,0.7300,20000,0.0050,19,82
Date tests not collapsed,180,0.4889,0.8800,20000,0.0050,19,82
No amount multiplier,180,0.4444,0.8000,20000,0.0050,19,82
No Benford diversity scaling,180,0.4889,0.8800,20000,0.0050,19,82
Ceiling (flagged lines),180,0.5556,1.0000,20000,0.0050,19,82
Risk score,190,0.4684,0.8900,20000,0.0050,19,82
Number of tests hit,190,0.3947,0.7500,20000,0.0050,19,82
Amount only,190,0.2474,0.4700,20000,0.0050,19,82
Random flagged lines,190,0.0053,0.0100,20000,0.0050,19,82
Isolation Forest,190,0.3526,0.6700,20000,0.0050,19,82
Rarity only (priors = 1),190,0.4895,0.9300,20000,0.0050,19,82
Priors only (no rarity),190,0.3842,0.7300,20000,0.0050,19,82
Date tests not collapsed,190,0.4684,0.8900,20000,0.0050,19,82
No amount multiplier,190,0.4211,0.8000,20000,0.0050,19,82
No Benford diversity scaling,190,0.4684,0.8900,20000,0.0050,19,82
Ceiling (flagged lines),190,0.5263,1.0000,20000,0.0050,19,82
Risk score,200,0.4450,0.8900,20000,0.0050,19,82
Number of tests hit,200,0.3750,0.7500,20000,0.0050,19,82
Amount only,200,0.2400,0.4800,20000,0.0050,19,82
Random flagged lines,200,0.0100,0.0200,20000,0.0050,19,82
Isolation Forest,200,0.3350,0.6700,20000,0.0050,19,82
Rarity only (priors = 1),200,0.4650,0.9300,20000,0.0050,19,82
Priors only (no rarity),200,0.3650,0.7300,20000,0.0050,19,82
Date tests not collapsed,200,0.4450,0.8900,20000,0.0050,19,82
No amount multiplier,200,0.4000,0.8000,20000,0.0050,19,82
No Benford diversity scaling,200,0.4450,0.8900,20000,0.0050,19,82
Ceiling (flagged lines),200,0.5000,1.0000,20000,0.0050,19,82
Risk score,210,0.4238,0.8900,20000,0.0050,19,82
Number of tests hit,210,0.3571,0.7500,20000,0.0050,19,82
Amount only,210,0.2333,0.4900,20000,0.0050,19,82
Random flagged lines,210,0.0095,0.0200,20000,0.0050,19,82
Isolation Forest,210,0.3238,0.6800,20000,0.0050,19,82
Rarity only (priors = 1),210,0.4429,0.9300,20000,0.0050,19,82
Priors only (no rarity),210,0.3476,0.7300,20000,0.0050,19,82
Date tests not collapsed,210,0.4238,0.8900,20000,0.0050,19,82
No amount multiplier,210,0.3810,0.8000,20000,0.0050,19,82
No Benford diversity scaling,210,0.4238,0.8900,20000,0.0050,19,82
Ceiling (flagged lines),210,0.4762,1.0000,20000,0.0050,19,82
Risk score,220,0.4091,0.9000,20000,0.0050,19,82
Number of tests hit,220,0.3409,0.7500,20000,0.0050,19,82
Amount only,220,0.2273,0.5000,20000,0.0050,19,82
Random flagged lines,220,0.0091,0.0200,20000,0.0050,19,82
Isolation Forest,220,0.3091,0.6800,20000,0.0050,19,82
Rarity only (priors = 1),220,0.4273,0.9400,20000,0.0050,19,82
Priors only (no rarity),220,0.3364,0.7400,20000,0.0050,19,82
Date tests not collapsed,220,0.4091,0.9000,20000,0.0050,19,82
No amount multiplier,220,0.3636,0.8000,20000,0.0050,19,82
No Benford diversity scaling,220,0.4091,0.9000,20000,0.0050,19,82
Ceiling (flagged lines),220,0.4545,1.0000,20000,0.0050,19,82
Risk score,230,0.3913,0.9000,20000,0.0050,19,82
Number of tests hit,230,0.3261,0.7500,20000,0.0050,19,82
Amount only,230,0.2261,0.5200,20000,0.0050,19,82
Random flagged lines,230,0.0087,0.0200,20000,0.0050,19,82
Isolation Forest,230,0.3087,0.7100,20000,0.0050,19,82
Rarity only (priors = 1),230,0.4087,0.9400,20000,0.0050,19,82
Priors only (no rarity),230,0.3304,0.7600,20000,0.0050,19,82
Date tests not collapsed,230,0.3913,0.9000,20000,0.0050,19,82
No amount multiplier,230,0.3478,0.8000,20000,0.0050,19,82
No Benford diversity scaling,230,0.3913,0.9000,20000,0.0050,19,82
Ceiling (flagged lines),230,0.4348,1.0000,20000,0.0050,19,82
Risk score,240,0.3750,0.9000,20000,0.0050,19,82
Number of tests hit,240,0.3125,0.7500,20000,0.0050,19,82
Amount only,240,0.2167,0.5200,20000,0.0050,19,82
Random flagged lines,240,0.0083,0.0200,20000,0.0050,19,82
Isolation Forest,240,0.3083,0.7400,20000,0.0050,19,82
Rarity only (priors = 1),240,0.3958,0.9500,20000,0.0050,19,82
Priors only (no rarity),240,0.3208,0.7700,20000,0.0050,19,82
Date tests not collapsed,240,0.3750,0.9000,20000,0.0050,19,82
No amount multiplier,240,0.3333,0.8000,20000,0.0050,19,82
No Benford diversity scaling,240,0.3750,0.9000,20000,0.0050,19,82
Ceiling (flagged lines),240,0.4167,1.0000,20000,0.0050,19,82
Risk score,250,0.3600,0.9000,20000,0.0050,19,82
Number of tests hit,250,0.3000,0.7500,20000,0.0050,19,82
Amount only,250,0.2120,0.5300,20000,0.0050,19,82
Random flagged lines,250,0.0080,0.0200,20000,0.0050,19,82
Isolation Forest,250,0.3040,0.7600,20000,0.0050,19,82
Rarity only (priors = 1),250,0.3800,0.9500,20000,0.0050,19,82
Priors only (no rarity),250,0.3080,0.7700,20000,0.0050,19,82
Date tests not collapsed,250,0.3600,0.9000,20000,0.0050,19,82
No amount multiplier,250,0.3200,0.8000,20000,0.0050,19,82
No Benford diversity scaling,250,0.3600,0.9000,20000,0.0050,19,82
Ceiling (flagged lines),250,0.4000,1.0000,20000,0.0050,19,82
Risk score,260,0.3500,0.9100,20000,0.0050,19,82
Number of tests hit,260,0.2885,0.7500,20000,0.0050,19,82
Amount only,260,0.2038,0.5300,20000,0.0050,19,82
Random flagged lines,260,0.0077,0.0200,20000,0.0050,19,82
Isolation Forest,260,0.2923,0.7600,20000,0.0050,19,82
Rarity only (priors = 1),260,0.3692,0.9600,20000,0.0050,19,82
Priors only (no rarity),260,0.2962,0.7700,20000,0.0050,19,82
Date tests not collapsed,260,0.3500,0.9100,20000,0.0050,19,82
No amount multiplier,260,0.3077,0.8000,20000,0.0050,19,82
No Benford diversity scaling,260,0.3500,0.9100,20000,0.0050,19,82
Ceiling (flagged lines),260,0.3846,1.0000,20000,0.0050,19,82
Risk score,270,0.3370,0.9100,20000,0.0050,19,82
Number of tests hit,270,0.2778,0.7500,20000,0.0050,19,82
Amount only,270,0.2000,0.5400,20000,0.0050,19,82
Random flagged lines,270,0.0074,0.0200,20000,0.0050,19,82
Isolation Forest,270,0.2815,0.7600,20000,0.0050,19,82
Rarity only (priors = 1),270,0.3593,0.9700,20000,0.0050,19,82
Priors only (no rarity),270,0.2852,0.7700,20000,0.0050,19,82
Date tests not collapsed,270,0.3370,0.9100,20000,0.0050,19,82
No amount multiplier,270,0.2963,0.8000,20000,0.0050,19,82
No Benford diversity scaling,270,0.3370,0.9100,20000,0.0050,19,82
Ceiling (flagged lines),270,0.3704,1.0000,20000,0.0050,19,82
Risk score,280,0.3250,0.9100,20000,0.0050,19,82
Number of tests hit,280,0.2679,0.7500,20000,0.0050,19,82
Amount only,280,0.2000,0.5600,20000,0.0050,19,82
Random flagged lines,280,0.0107,0.0300,20000,0.0050,19,82
Isolation Forest,280,0.2714,0.7600,20000,0.0050,19,82
Rarity only (priors = 1),280,0.3464,0.9700,20000,0.0050,19,82
Priors only (no rarity),280,0.2750,0.7700,20000,0.0050,19,82
Date tests not collapsed,280,0.3250,0.9100,20000,0.0050,19,82
No amount multiplier,280,0.2857,0.8000,20000,0.0050,19,82
No Benford diversity scaling,280,0.3250,0.9100,20000,0.0050,19,82
Ceiling (flagged lines),280,0.3571,1.0000,20000,0.0050,19,82
Risk score,290,0.3138,0.9100,20000,0.0050,19,82
Number of tests hit,290,0.2586,0.7500,20000,0.0050,19,82
Amount only,290,0.1931,0.5600,20000,0.0050,19,82
Random flagged lines,290,0.0103,0.0300,20000,0.0050,19,82
Isolation Forest,290,0.2621,0.7600,20000,0.0050,19,82
Rarity only (priors = 1),290,0.3345,0.9700,20000,0.0050,19,82
Priors only (no rarity),290,0.2655,0.7700,20000,0.0050,19,82
Date tests not collapsed,290,0.3138,0.9100,20000,0.0050,19,82
No amount multiplier,290,0.2759,0.8000,20000,0.0050,19,82
No Benford diversity scaling,290,0.3138,0.9100,20000,0.0050,19,82
Ceiling (flagged lines),290,0.3448,1.0000,20000,0.0050,19,82
Risk score,300,0.3033,0.9100,20000,0.0050,19,82
Number of tests hit,300,0.2500,0.7500,20000,0.0050,19,82
Amount only,300,0.2000,0.6000,20000,0.0050,19,82
Random flagged lines,300,0.0100,0.0300,20000,0.0050,19,82
Isolation Forest,300,0.2533,0.7600,20000,0.0050,19,82
Rarity only (priors = 1),300,0.3267,0.9800,20000,0.0050,19,82
Priors only (no rarity),300,0.2633,0.7900,20000,0.0050,19,82
Date tests not collapsed,300,0.3033,0.9100,20000,0.0050,19,82
No amount multiplier,300,0.2667,0.8000,20000,0.0050,19,82
No Benford diversity scaling,300,0.3033,0.9100,20000,0.0050,19,82
Ceiling (flagged lines),300,0.3333,1.0000,20000,0.0050,19,82
Risk score,10,1.0000,0.1000,20000,0.0050,20,82
Number of tests hit,10,1.0000,0.1000,20000,0.0050,20,82
Amount only,10,0.3000,0.0300,20000,0.0050,20,82
Random flagged lines,10,0.0000,0.0000,20000,0.0050,20,82
Isolation Forest,10,1.0000,0.1000,20000,0.0050,20,82
Rarity only (priors = 1),10,1.0000,0.1000,20000,0.0050,20,82
Priors only (no rarity),10,1.0000,0.1000,20000,0.0050,20,82
Date tests not collapsed,10,1.0000,0.1000,20000,0.0050,20,82
No amount multiplier,10,1.0000,0.1000,20000,0.0050,20,82
No Benford diversity scaling,10,1.0000,0.1000,20000,0.0050,20,82
Ceiling (flagged lines),10,1.0000,1.0000,20000,0.0050,20,82
Risk score,20,1.0000,0.2000,20000,0.0050,20,82
Number of tests hit,20,1.0000,0.2000,20000,0.0050,20,82
Amount only,20,0.2500,0.0500,20000,0.0050,20,82
Random flagged lines,20,0.0000,0.0000,20000,0.0050,20,82
Isolation Forest,20,1.0000,0.2000,20000,0.0050,20,82
Rarity only (priors = 1),20,1.0000,0.2000,20000,0.0050,20,82
Priors only (no rarity),20,1.0000,0.2000,20000,0.0050,20,82
Date tests not collapsed,20,1.0000,0.2000,20000,0.0050,20,82
No amount multiplier,20,1.0000,0.2000,20000,0.0050,20,82
No Benford diversity scaling,20,1.0000,0.2000,20000,0.0050,20,82
Ceiling (flagged lines),20,1.0000,1.0000,20000,0.0050,20,82
Risk score,30,1.0000,0.3000,20000,0.0050,20,82
Number of tests hit,30,1.0000,0.3000,20000,0.0050,20,82
Amount only,30,0.3333,0.1000,20000,0.0050,20,82
Random flagged lines,30,0.0000,0.0000,20000,0.0050,20,82
Isolation Forest,30,0.9667,0.2900,20000,0.0050,20,82
Rarity only (priors = 1),30,1.0000,0.3000,20000,0.0050,20,82
Priors only (no rarity),30,1.0000,0.3000,20000,0.0050,20,82
Date tests not collapsed,30,1.0000,0.3000,20000,0.0050,20,82
No amount multiplier,30,1.0000,0.3000,20000,0.0050,20,82
No Benford diversity scaling,30,1.0000,0.3000,20000,0.0050,20,82
Ceiling (flagged lines),30,1.0000,1.0000,20000,0.0050,20,82
Risk score,40,1.0000,0.4000,20000,0.0050,20,82
Number of tests hit,40,0.9750,0.3900,20000,0.0050,20,82
Amount only,40,0.3250,0.1300,20000,0.0050,20,82
Random flagged lines,40,0.0250,0.0100,20000,0.0050,20,82
Isolation Forest,40,0.8750,0.3500,20000,0.0050,20,82
Rarity only (priors = 1),40,1.0000,0.4000,20000,0.0050,20,82
Priors only (no rarity),40,1.0000,0.4000,20000,0.0050,20,82
Date tests not collapsed,40,1.0000,0.4000,20000,0.0050,20,82
No amount multiplier,40,1.0000,0.4000,20000,0.0050,20,82
No Benford diversity scaling,40,1.0000,0.4000,20000,0.0050,20,82
Ceiling (flagged lines),40,1.0000,1.0000,20000,0.0050,20,82
Risk score,50,1.0000,0.5000,20000,0.0050,20,82
Number of tests hit,50,0.9600,0.4800,20000,0.0050,20,82
Amount only,50,0.2800,0.1400,20000,0.0050,20,82
Random flagged lines,50,0.0200,0.0100,20000,0.0050,20,82
Isolation Forest,50,0.8800,0.4400,20000,0.0050,20,82
Rarity only (priors = 1),50,1.0000,0.5000,20000,0.0050,20,82
Priors only (no rarity),50,0.9800,0.4900,20000,0.0050,20,82
Date tests not collapsed,50,1.0000,0.5000,20000,0.0050,20,82
No amount multiplier,50,1.0000,0.5000,20000,0.0050,20,82
No Benford diversity scaling,50,1.0000,0.5000,20000,0.0050,20,82
Ceiling (flagged lines),50,1.0000,1.0000,20000,0.0050,20,82
Risk score,60,1.0000,0.6000,20000,0.0050,20,82
Number of tests hit,60,0.9167,0.5500,20000,0.0050,20,82
Amount only,60,0.2833,0.1700,20000,0.0050,20,82
Random flagged lines,60,0.0167,0.0100,20000,0.0050,20,82
Isolation Forest,60,0.8333,0.5000,20000,0.0050,20,82
Rarity only (priors = 1),60,1.0000,0.6000,20000,0.0050,20,82
Priors only (no rarity),60,0.9333,0.5600,20000,0.0050,20,82
Date tests not collapsed,60,1.0000,0.6000,20000,0.0050,20,82
No amount multiplier,60,0.9500,0.5700,20000,0.0050,20,82
No Benford diversity scaling,60,1.0000,0.6000,20000,0.0050,20,82
Ceiling (flagged lines),60,1.0000,1.0000,20000,0.0050,20,82
Risk score,70,0.9286,0.6500,20000,0.0050,20,82
Number of tests hit,70,0.8286,0.5800,20000,0.0050,20,82
Amount only,70,0.2857,0.2000,20000,0.0050,20,82
Random flagged lines,70,0.0143,0.0100,20000,0.0050,20,82
Isolation Forest,70,0.7857,0.5500,20000,0.0050,20,82
Rarity only (priors = 1),70,0.9714,0.6800,20000,0.0050,20,82
Priors only (no rarity),70,0.8714,0.6100,20000,0.0050,20,82
Date tests not collapsed,70,0.9286,0.6500,20000,0.0050,20,82
No amount multiplier,70,0.9143,0.6400,20000,0.0050,20,82
No Benford diversity scaling,70,0.9286,0.6500,20000,0.0050,20,82
Ceiling (flagged lines),70,1.0000,1.0000,20000,0.0050,20,82
Risk score,80,0.9250,0.7400,20000,0.0050,20,82
Number of tests hit,80,0.8375,0.6700,20000,0.0050,20,82
Amount only,80,0.2875,0.2300,20000,0.0050,20,82
Random flagged lines,80,0.0125,0.0100,20000,0.0050,20,82
Isolation Forest,80,0.7500,0.6000,20000,0.0050,20,82
Rarity only (priors = 1),80,0.8875,0.7100,20000,0.0050,20,82
Priors only (no rarity),80,0.8250,0.6600,20000,0.0050,20,82
Date tests not collapsed,80,0.9250,0.7400,20000,0.0050,20,82
No amount multiplier,80,0.8625,0.6900,20000,0.0050,20,82
No Benford diversity scaling,80,0.9250,0.7400,20000,0.0050,20,82
Ceiling (flagged lines),80,1.0000,1.0000,20000,0.0050,20,82
Risk score,82,0.9024,0.7400,20000,0.0050,20,82
Number of tests hit,82,0.8415,0.6900,20000,0.0050,20,82
Amount only,82,0.2805,0.2300,20000,0.0050,20,82
Random flagged lines,82,0.0122,0.0100,20000,0.0050,20,82
Isolation Forest,82,0.7317,0.6000,20000,0.0050,20,82
Rarity only (priors = 1),82,0.8902,0.7300,20000,0.0050,20,82
Priors only (no rarity),82,0.8293,0.6800,20000,0.0050,20,82
Date tests not collapsed,82,0.9024,0.7400,20000,0.0050,20,82
No amount multiplier,82,0.8659,0.7100,20000,0.0050,20,82
No Benford diversity scaling,82,0.9024,0.7400,20000,0.0050,20,82
Ceiling (flagged lines),82,1.0000,1.0000,20000,0.0050,20,82
Risk score,90,0.8556,0.7700,20000,0.0050,20,82
Number of tests hit,90,0.8333,0.7500,20000,0.0050,20,82
Amount only,90,0.2667,0.2400,20000,0.0050,20,82
Random flagged lines,90,0.0111,0.0100,20000,0.0050,20,82
Isolation Forest,90,0.6889,0.6200,20000,0.0050,20,82
Rarity only (priors = 1),90,0.8556,0.7700,20000,0.0050,20,82
Priors only (no rarity),90,0.7778,0.7000,20000,0.0050,20,82
Date tests not collapsed,90,0.8556,0.7700,20000,0.0050,20,82
No amount multiplier,90,0.8111,0.7300,20000,0.0050,20,82
No Benford diversity scaling,90,0.8556,0.7700,20000,0.0050,20,82
Ceiling (flagged lines),90,1.0000,1.0000,20000,0.0050,20,82
Risk score,100,0.8100,0.8100,20000,0.0050,20,82
Number of tests hit,100,0.7700,0.7700,20000,0.0050,20,82
Amount only,100,0.2600,0.2600,20000,0.0050,20,82
Random flagged lines,100,0.0100,0.0100,20000,0.0050,20,82
Isolation Forest,100,0.6400,0.6400,20000,0.0050,20,82
Rarity only (priors = 1),100,0.7800,0.7800,20000,0.0050,20,82
Priors only (no rarity),100,0.7100,0.7100,20000,0.0050,20,82
Date tests not collapsed,100,0.8100,0.8100,20000,0.0050,20,82
No amount multiplier,100,0.7600,0.7600,20000,0.0050,20,82
No Benford diversity scaling,100,0.8100,0.8100,20000,0.0050,20,82
Ceiling (flagged lines),100,1.0000,1.0000,20000,0.0050,20,82
Risk score,110,0.7455,0.8200,20000,0.0050,20,82
Number of tests hit,110,0.7091,0.7800,20000,0.0050,20,82
Amount only,110,0.3000,0.3300,20000,0.0050,20,82
Random flagged lines,110,0.0273,0.0300,20000,0.0050,20,82
Isolation Forest,110,0.5909,0.6500,20000,0.0050,20,82
Rarity only (priors = 1),110,0.7182,0.7900,20000,0.0050,20,82
Priors only (no rarity),110,0.6818,0.7500,20000,0.0050,20,82
Date tests not collapsed,110,0.7455,0.8200,20000,0.0050,20,82
No amount multiplier,110,0.7000,0.7700,20000,0.0050,20,82
No Benford diversity scaling,110,0.7455,0.8200,20000,0.0050,20,82
Ceiling (flagged lines),110,0.9091,1.0000,20000,0.0050,20,82
Risk score,120,0.7000,0.8400,20000,0.0050,20,82
Number of tests hit,120,0.6500,0.7800,20000,0.0050,20,82
Amount only,120,0.2833,0.3400,20000,0.0050,20,82
Random flagged lines,120,0.0333,0.0400,20000,0.0050,20,82
Isolation Forest,120,0.5667,0.6800,20000,0.0050,20,82
Rarity only (priors = 1),120,0.7000,0.8400,20000,0.0050,20,82
Priors only (no rarity),120,0.6500,0.7800,20000,0.0050,20,82
Date tests not collapsed,120,0.7000,0.8400,20000,0.0050,20,82
No amount multiplier,120,0.6417,0.7700,20000,0.0050,20,82
No Benford diversity scaling,120,0.7000,0.8400,20000,0.0050,20,82
Ceiling (flagged lines),120,0.8333,1.0000,20000,0.0050,20,82
Risk score,130,0.6769,0.8800,20000,0.0050,20,82
Number of tests hit,130,0.6000,0.7800,20000,0.0050,20,82
Amount only,130,0.2692,0.3500,20000,0.0050,20,82
Random flagged lines,130,0.0308,0.0400,20000,0.0050,20,82
Isolation Forest,130,0.5308,0.6900,20000,0.0050,20,82
Rarity only (priors = 1),130,0.6692,0.8700,20000,0.0050,20,82
Priors only (no rarity),130,0.6077,0.7900,20000,0.0050,20,82
Date tests not collapsed,130,0.6769,0.8800,20000,0.0050,20,82
No amount multiplier,130,0.5923,0.7700,20000,0.0050,20,82
No Benford diversity scaling,130,0.6769,0.8800,20000,0.0050,20,82
Ceiling (flagged lines),130,0.7692,1.0000,20000,0.0050,20,82
Risk score,140,0.6286,0.8800,20000,0.0050,20,82
Number of tests hit,140,0.5571,0.7800,20000,0.0050,20,82
Amount only,140,0.2500,0.3500,20000,0.0050,20,82
Random flagged lines,140,0.0357,0.0500,20000,0.0050,20,82
Isolation Forest,140,0.4929,0.6900,20000,0.0050,20,82
Rarity only (priors = 1),140,0.6429,0.9000,20000,0.0050,20,82
Priors only (no rarity),140,0.5643,0.7900,20000,0.0050,20,82
Date tests not collapsed,140,0.6286,0.8800,20000,0.0050,20,82
No amount multiplier,140,0.5500,0.7700,20000,0.0050,20,82
No Benford diversity scaling,140,0.6286,0.8800,20000,0.0050,20,82
Ceiling (flagged lines),140,0.7143,1.0000,20000,0.0050,20,82
Risk score,150,0.5867,0.8800,20000,0.0050,20,82
Number of tests hit,150,0.5200,0.7800,20000,0.0050,20,82
Amount only,150,0.2333,0.3500,20000,0.0050,20,82
Random flagged lines,150,0.0333,0.0500,20000,0.0050,20,82
Isolation Forest,150,0.4600,0.6900,20000,0.0050,20,82
Rarity only (priors = 1),150,0.6000,0.9000,20000,0.0050,20,82
Priors only (no rarity),150,0.5333,0.8000,20000,0.0050,20,82
Date tests not collapsed,150,0.5867,0.8800,20000,0.0050,20,82
No amount multiplier,150,0.5133,0.7700,20000,0.0050,20,82
No Benford diversity scaling,150,0.5867,0.8800,20000,0.0050,20,82
Ceiling (flagged lines),150,0.6667,1.0000,20000,0.0050,20,82
Risk score,160,0.5500,0.8800,20000,0.0050,20,82
Number of tests hit,160,0.4875,0.7800,20000,0.0050,20,82
Amount only,160,0.2313,0.3700,20000,0.0050,20,82
Random flagged lines,160,0.0312,0.0500,20000,0.0050,20,82
Isolation Forest,160,0.4562,0.7300,20000,0.0050,20,82
Rarity only (priors = 1),160,0.5687,0.9100,20000,0.0050,20,82
Priors only (no rarity),160,0.5125,0.8200,20000,0.0050,20,82
Date tests not collapsed,160,0.5500,0.8800,20000,0.0050,20,82
No amount multiplier,160,0.4875,0.7800,20000,0.0050,20,82
No Benford diversity scaling,160,0.5500,0.8800,20000,0.0050,20,82
Ceiling (flagged lines),160,0.6250,1.0000,20000,0.0050,20,82
Risk score,170,0.5176,0.8800,20000,0.0050,20,82
Number of tests hit,170,0.4588,0.7800,20000,0.0050,20,82
Amount only,170,0.2235,0.3800,20000,0.0050,20,82
Random flagged lines,170,0.0294,0.0500,20000,0.0050,20,82
Isolation Forest,170,0.4294,0.7300,20000,0.0050,20,82
Rarity only (priors = 1),170,0.5353,0.9100,20000,0.0050,20,82
Priors only (no rarity),170,0.4824,0.8200,20000,0.0050,20,82
Date tests not collapsed,170,0.5176,0.8800,20000,0.0050,20,82
No amount multiplier,170,0.4588,0.7800,20000,0.0050,20,82
No Benford diversity scaling,170,0.5176,0.8800,20000,0.0050,20,82
Ceiling (flagged lines),170,0.5882,1.0000,20000,0.0050,20,82
Risk score,180,0.4889,0.8800,20000,0.0050,20,82
Number of tests hit,180,0.4333,0.7800,20000,0.0050,20,82
Amount only,180,0.2111,0.3800,20000,0.0050,20,82
Random flagged lines,180,0.0278,0.0500,20000,0.0050,20,82
Isolation Forest,180,0.4056,0.7300,20000,0.0050,20,82
Rarity only (priors = 1),180,0.5056,0.9100,20000,0.0050,20,82
Priors only (no rarity),180,0.4556,0.8200,20000,0.0050,20,82
Date tests not collapsed,180,0.4889,0.8800,20000,0.0050,20,82
No amount multiplier,180,0.4389,0.7900,20000,0.0050,20,82
No Benford diversity scaling,180,0.4889,0.8800,20000,0.0050,20,82
Ceiling (flagged lines),180,0.5556,1.0000,20000,0.0050,20,82
Risk score,190,0.4632,0.8800,20000,0.0050,20,82
Number of tests hit,190,0.4105,0.7800,20000,0.0050,20,82
Amount only,190,0.2000,0.3800,20000,0.0050,20,82
Random flagged lines,190,0.0263,0.0500,20000,0.0050,20,82
Isolation Forest,190,0.3842,0.7300,20000,0.0050,20,82
Rarity only (priors = 1),190,0.4789,0.9100,20000,0.0050,20,82
Priors only (no rarity),190,0.4316,0.8200,20000,0.0050,20,82
Date tests not collapsed,190,0.4632,0.8800,20000,0.0050,20,82
No amount multiplier,190,0.4158,0.7900,20000,0.0050,20,82
No Benford diversity scaling,190,0.4632,0.8800,20000,0.0050,20,82
Ceiling (flagged lines),190,0.5263,1.0000,20000,0.0050,20,82
Risk score,200,0.4400,0.8800,20000,0.0050,20,82
Number of tests hit,200,0.3900,0.7800,20000,0.0050,20,82
Amount only,200,0.1900,0.3800,20000,0.0050,20,82
Random flagged lines,200,0.0250,0.0500,20000,0.0050,20,82
Isolation Forest,200,0.3650,0.7300,20000,0.0050,20,82
Rarity only (priors = 1),200,0.4550,0.9100,20000,0.0050,20,82
Priors only (no rarity),200,0.4150,0.8300,20000,0.0050,20,82
Date tests not collapsed,200,0.4400,0.8800,20000,0.0050,20,82
No amount multiplier,200,0.4000,0.8000,20000,0.0050,20,82
No Benford diversity scaling,200,0.4400,0.8800,20000,0.0050,20,82
Ceiling (flagged lines),200,0.5000,1.0000,20000,0.0050,20,82
Risk score,210,0.4190,0.8800,20000,0.0050,20,82
Number of tests hit,210,0.3714,0.7800,20000,0.0050,20,82
Amount only,210,0.1857,0.3900,20000,0.0050,20,82
Random flagged lines,210,0.0238,0.0500,20000,0.0050,20,82
Isolation Forest,210,0.3476,0.7300,20000,0.0050,20,82
Rarity only (priors = 1),210,0.4333,0.9100,20000,0.0050,20,82
Priors only (no rarity),210,0.3952,0.8300,20000,0.0050,20,82
Date tests not collapsed,210,0.4190,0.8800,20000,0.0050,20,82
No amount multiplier,210,0.3810,0.8000,20000,0.0050,20,82
No Benford diversity scaling,210,0.4190,0.8800,20000,0.0050,20,82
Ceiling (flagged lines),210,0.4762,1.0000,20000,0.0050,20,82
Risk score,220,0.4000,0.8800,20000,0.0050,20,82
Number of tests hit,220,0.3545,0.7800,20000,0.0050,20,82
Amount only,220,0.1773,0.3900,20000,0.0050,20,82
Random flagged lines,220,0.0273,0.0600,20000,0.0050,20,82
Isolation Forest,220,0.3409,0.7500,20000,0.0050,20,82
Rarity only (priors = 1),220,0.4136,0.9100,20000,0.0050,20,82
Priors only (no rarity),220,0.3773,0.8300,20000,0.0050,20,82
Date tests not collapsed,220,0.4000,0.8800,20000,0.0050,20,82
No amount multiplier,220,0.3636,0.8000,20000,0.0050,20,82
No Benford diversity scaling,220,0.4000,0.8800,20000,0.0050,20,82
Ceiling (flagged lines),220,0.4545,1.0000,20000,0.0050,20,82
Risk score,230,0.3826,0.8800,20000,0.0050,20,82
Number of tests hit,230,0.3391,0.7800,20000,0.0050,20,82
Amount only,230,0.1739,0.4000,20000,0.0050,20,82
Random flagged lines,230,0.0261,0.0600,20000,0.0050,20,82
Isolation Forest,230,0.3261,0.7500,20000,0.0050,20,82
Rarity only (priors = 1),230,0.3957,0.9100,20000,0.0050,20,82
Priors only (no rarity),230,0.3609,0.8300,20000,0.0050,20,82
Date tests not collapsed,230,0.3826,0.8800,20000,0.0050,20,82
No amount multiplier,230,0.3478,0.8000,20000,0.0050,20,82
No Benford diversity scaling,230,0.3826,0.8800,20000,0.0050,20,82
Ceiling (flagged lines),230,0.4348,1.0000,20000,0.0050,20,82
Risk score,240,0.3667,0.8800,20000,0.0050,20,82
Number of tests hit,240,0.3250,0.7800,20000,0.0050,20,82
Amount only,240,0.1667,0.4000,20000,0.0050,20,82
Random flagged lines,240,0.0250,0.0600,20000,0.0050,20,82
Isolation Forest,240,0.3208,0.7700,20000,0.0050,20,82
Rarity only (priors = 1),240,0.3833,0.9200,20000,0.0050,20,82
Priors only (no rarity),240,0.3500,0.8400,20000,0.0050,20,82
Date tests not collapsed,240,0.3667,0.8800,20000,0.0050,20,82
No amount multiplier,240,0.3458,0.8300,20000,0.0050,20,82
No Benford diversity scaling,240,0.3667,0.8800,20000,0.0050,20,82
Ceiling (flagged lines),240,0.4167,1.0000,20000,0.0050,20,82
Risk score,250,0.3520,0.8800,20000,0.0050,20,82
Number of tests hit,250,0.3120,0.7800,20000,0.0050,20,82
Amount only,250,0.1600,0.4000,20000,0.0050,20,82
Random flagged lines,250,0.0240,0.0600,20000,0.0050,20,82
Isolation Forest,250,0.3120,0.7800,20000,0.0050,20,82
Rarity only (priors = 1),250,0.3680,0.9200,20000,0.0050,20,82
Priors only (no rarity),250,0.3360,0.8400,20000,0.0050,20,82
Date tests not collapsed,250,0.3520,0.8800,20000,0.0050,20,82
No amount multiplier,250,0.3320,0.8300,20000,0.0050,20,82
No Benford diversity scaling,250,0.3520,0.8800,20000,0.0050,20,82
Ceiling (flagged lines),250,0.4000,1.0000,20000,0.0050,20,82
Risk score,260,0.3462,0.9000,20000,0.0050,20,82
Number of tests hit,260,0.3000,0.7800,20000,0.0050,20,82
Amount only,260,0.1615,0.4200,20000,0.0050,20,82
Random flagged lines,260,0.0231,0.0600,20000,0.0050,20,82
Isolation Forest,260,0.3000,0.7800,20000,0.0050,20,82
Rarity only (priors = 1),260,0.3577,0.9300,20000,0.0050,20,82
Priors only (no rarity),260,0.3231,0.8400,20000,0.0050,20,82
Date tests not collapsed,260,0.3462,0.9000,20000,0.0050,20,82
No amount multiplier,260,0.3192,0.8300,20000,0.0050,20,82
No Benford diversity scaling,260,0.3462,0.9000,20000,0.0050,20,82
Ceiling (flagged lines),260,0.3846,1.0000,20000,0.0050,20,82
Risk score,270,0.3333,0.9000,20000,0.0050,20,82
Number of tests hit,270,0.2889,0.7800,20000,0.0050,20,82
Amount only,270,0.1593,0.4300,20000,0.0050,20,82
Random flagged lines,270,0.0222,0.0600,20000,0.0050,20,82
Isolation Forest,270,0.2926,0.7900,20000,0.0050,20,82
Rarity only (priors = 1),270,0.3519,0.9500,20000,0.0050,20,82
Priors only (no rarity),270,0.3148,0.8500,20000,0.0050,20,82
Date tests not collapsed,270,0.3333,0.9000,20000,0.0050,20,82
No amount multiplier,270,0.3074,0.8300,20000,0.0050,20,82
No Benford diversity scaling,270,0.3333,0.9000,20000,0.0050,20,82
Ceiling (flagged lines),270,0.3704,1.0000,20000,0.0050,20,82
Risk score,280,0.3214,0.9000,20000,0.0050,20,82
Number of tests hit,280,0.2786,0.7800,20000,0.0050,20,82
Amount only,280,0.1536,0.4300,20000,0.0050,20,82
Random flagged lines,280,0.0214,0.0600,20000,0.0050,20,82
Isolation Forest,280,0.2821,0.7900,20000,0.0050,20,82
Rarity only (priors = 1),280,0.3393,0.9500,20000,0.0050,20,82
Priors only (no rarity),280,0.3036,0.8500,20000,0.0050,20,82
Date tests not collapsed,280,0.3214,0.9000,20000,0.0050,20,82
No amount multiplier,280,0.2964,0.8300,20000,0.0050,20,82
No Benford diversity scaling,280,0.3214,0.9000,20000,0.0050,20,82
Ceiling (flagged lines),280,0.3571,1.0000,20000,0.0050,20,82
Risk score,290,0.3138,0.9100,20000,0.0050,20,82
Number of tests hit,290,0.2690,0.7800,20000,0.0050,20,82
Amount only,290,0.1655,0.4800,20000,0.0050,20,82
Random flagged lines,290,0.0207,0.0600,20000,0.0050,20,82
Isolation Forest,290,0.2759,0.8000,20000,0.0050,20,82
Rarity only (priors = 1),290,0.3276,0.9500,20000,0.0050,20,82
Priors only (no rarity),290,0.2966,0.8600,20000,0.0050,20,82
Date tests not collapsed,290,0.3138,0.9100,20000,0.0050,20,82
No amount multiplier,290,0.2862,0.8300,20000,0.0050,20,82
No Benford diversity scaling,290,0.3138,0.9100,20000,0.0050,20,82
Ceiling (flagged lines),290,0.3448,1.0000,20000,0.0050,20,82
Risk score,300,0.3033,0.9100,20000,0.0050,20,82
Number of tests hit,300,0.2600,0.7800,20000,0.0050,20,82
Amount only,300,0.1633,0.4900,20000,0.0050,20,82
Random flagged lines,300,0.0200,0.0600,20000,0.0050,20,82
Isolation Forest,300,0.2667,0.8000,20000,0.0050,20,82
Rarity only (priors = 1),300,0.3167,0.9500,20000,0.0050,20,82
Priors only (no rarity),300,0.2867,0.8600,20000,0.0050,20,82
Date tests not collapsed,300,0.3033,0.9100,20000,0.0050,20,82
No amount multiplier,300,0.2767,0.8300,20000,0.0050,20,82
No Benford diversity scaling,300,0.3033,0.9100,20000,0.0050,20,82
Ceiling (flagged lines),300,0.3333,1.0000,20000,0.0050,20,82
Risk score,10,1.0000,0.1000,20000,0.0050,21,82
Number of tests hit,10,1.0000,0.1000,20000,0.0050,21,82
Amount only,10,0.7000,0.0700,20000,0.0050,21,82
Random flagged lines,10,0.0000,0.0000,20000,0.0050,21,82
Isolation Forest,10,1.0000,0.1000,20000,0.0050,21,82
Rarity only (priors = 1),10,1.0000,0.1000,20000,0.0050,21,82
Priors only (no rarity),10,1.0000,0.1000,20000,0.0050,21,82
Date tests not collapsed,10,1.0000,0.1000,20000,0.0050,21,82
No amount multiplier,10,1.0000,0.1000,20000,0.0050,21,82
No Benford diversity scaling,10,1.0000,0.1000,20000,0.0050,21,82
Ceiling (flagged lines),10,1.0000,1.0000,20000,0.0050,21,82
Risk score,20,1.0000,0.2000,20000,0.0050,21,82
Number of tests hit,20,0.9500,0.1900,20000,0.0050,21,82
Amount only,20,0.7500,0.1500,20000,0.0050,21,82
Random flagged lines,20,0.0000,0.0000,20000,0.0050,21,82
Isolation Forest,20,1.0000,0.2000,20000,0.0050,21,82
Rarity only (priors = 1),20,1.0000,0.2000,20000,0.0050,21,82
Priors only (no rarity),20,1.0000,0.2000,20000,0.0050,21,82
Date tests not collapsed,20,1.0000,0.2000,20000,0.0050,21,82
No amount multiplier,20,1.0000,0.2000,20000,0.0050,21,82
No Benford diversity scaling,20,1.0000,0.2000,20000,0.0050,21,82
Ceiling (flagged lines),20,1.0000,1.0000,20000,0.0050,21,82
Risk score,30,1.0000,0.3000,20000,0.0050,21,82
Number of tests hit,30,0.8000,0.2400,20000,0.0050,21,82
Amount only,30,0.6000,0.1800,20000,0.0050,21,82
Random flagged lines,30,0.0333,0.0100,20000,0.0050,21,82
Isolation Forest,30,0.9000,0.2700,20000,0.0050,21,82
Rarity only (priors = 1),30,1.0000,0.3000,20000,0.0050,21,82
Priors only (no rarity),30,1.0000,0.3000,20000,0.0050,21,82
Date tests not collapsed,30,1.0000,0.3000,20000,0.0050,21,82
No amount multiplier,30,1.0000,0.3000,20000,0.0050,21,82
No Benford diversity scaling,30,1.0000,0.3000,20000,0.0050,21,82
Ceiling (flagged lines),30,1.0000,1.0000,20000,0.0050,21,82
Risk score,40,1.0000,0.4000,20000,0.0050,21,82
Number of tests hit,40,0.8250,0.3300,20000,0.0050,21,82
Amount only,40,0.5750,0.2300,20000,0.0050,21,82
Random flagged lines,40,0.0250,0.0100,20000,0.0050,21,82
Isolation Forest,40,0.8250,0.3300,20000,0.0050,21,82
Rarity only (priors = 1),40,1.0000,0.4000,20000,0.0050,21,82
Priors only (no rarity),40,0.9750,0.3900,20000,0.0050,21,82
Date tests not collapsed,40,1.0000,0.4000,20000,0.0050,21,82
No amount multiplier,40,1.0000,0.4000,20000,0.0050,21,82
No Benford diversity scaling,40,1.0000,0.4000,20000,0.0050,21,82
Ceiling (flagged lines),40,1.0000,1.0000,20000,0.0050,21,82
Risk score,50,1.0000,0.5000,20000,0.0050,21,82
Number of tests hit,50,0.8000,0.4000,20000,0.0050,21,82
Amount only,50,0.5400,0.2700,20000,0.0050,21,82
Random flagged lines,50,0.0600,0.0300,20000,0.0050,21,82
Isolation Forest,50,0.7200,0.3600,20000,0.0050,21,82
Rarity only (priors = 1),50,1.0000,0.5000,20000,0.0050,21,82
Priors only (no rarity),50,0.9800,0.4900,20000,0.0050,21,82
Date tests not collapsed,50,1.0000,0.5000,20000,0.0050,21,82
No amount multiplier,50,1.0000,0.5000,20000,0.0050,21,82
No Benford diversity scaling,50,1.0000,0.5000,20000,0.0050,21,82
Ceiling (flagged lines),50,1.0000,1.0000,20000,0.0050,21,82
Risk score,60,0.9833,0.5900,20000,0.0050,21,82
Number of tests hit,60,0.6833,0.4100,20000,0.0050,21,82
Amount only,60,0.4500,0.2700,20000,0.0050,21,82
Random flagged lines,60,0.0667,0.0400,20000,0.0050,21,82
Isolation Forest,60,0.6667,0.4000,20000,0.0050,21,82
Rarity only (priors = 1),60,0.9833,0.5900,20000,0.0050,21,82
Priors only (no rarity),60,0.9333,0.5600,20000,0.0050,21,82
Date tests not collapsed,60,0.9833,0.5900,20000,0.0050,21,82
No amount multiplier,60,0.8500,0.5100,20000,0.0050,21,82
No Benford diversity scaling,60,0.9833,0.5900,20000,0.0050,21,82
Ceiling (flagged lines),60,1.0000,1.0000,20000,0.0050,21,82
Risk score,70,0.9857,0.6900,20000,0.0050,21,82
Number of tests hit,70,0.7286,0.5100,20000,0.0050,21,82
Amount only,70,0.4000,0.2800,20000,0.0050,21,82
Random flagged lines,70,0.0571,0.0400,20000,0.0050,21,82
Isolation Forest,70,0.6571,0.4600,20000,0.0050,21,82
Rarity only (priors = 1),70,0.9000,0.6300,20000,0.0050,21,82
Priors only (no rarity),70,0.8857,0.6200,20000,0.0050,21,82
Date tests not collapsed,70,0.9857,0.6900,20000,0.0050,21,82
No amount multiplier,70,0.8000,0.5600,20000,0.0050,21,82
No Benford diversity scaling,70,0.9857,0.6900,20000,0.0050,21,82
Ceiling (flagged lines),70,1.0000,1.0000,20000,0.0050,21,82
Risk score,80,0.9250,0.7400,20000,0.0050,21,82
Number of tests hit,80,0.7500,0.6000,20000,0.0050,21,82
Amount only,80,0.4375,0.3500,20000,0.0050,21,82
Random flagged lines,80,0.0500,0.0400,20000,0.0050,21,82
Isolation Forest,80,0.6000,0.4800,20000,0.0050,21,82
Rarity only (priors = 1),80,0.8875,0.7100,20000,0.0050,21,82
Priors only (no rarity),80,0.8125,0.6500,20000,0.0050,21,82
Date tests not collapsed,80,0.9250,0.7400,20000,0.0050,21,82
No amount multiplier,80,0.8000,0.6400,20000,0.0050,21,82
No Benford diversity scaling,80,0.9250,0.7400,20000,0.0050,21,82
Ceiling (flagged lines),80,1.0000,1.0000,20000,0.0050,21,82
Risk score,82,0.9024,0.7400,20000,0.0050,21,82
Number of tests hit,82,0.7439,0.6100,20000,0.0050,21,82
Amount only,82,0.4512,0.3700,20000,0.0050,21,82
Random flagged lines,82,0.0488,0.0400,20000,0.0050,21,82
Isolation Forest,82,0.5854,0.4800,20000,0.0050,21,82
Rarity only (priors = 1),82,0.8902,0.7300,20000,0.0050,21,82
Priors only (no rarity),82,0.8171,0.6700,20000,0.0050,21,82
Date tests not collapsed,82,0.9024,0.7400,20000,0.0050,21,82
No amount multiplier,82,0.7805,0.6400,20000,0.0050,21,82
No Benford diversity scaling,82,0.9024,0.7400,20000,0.0050,21,82
Ceiling (flagged lines),82,1.0000,1.0000,20000,0.0050,21,82
Risk score,90,0.8444,0.7600,20000,0.0050,21,82
Number of tests hit,90,0.6778,0.6100,20000,0.0050,21,82
Amount only,90,0.4222,0.3800,20000,0.0050,21,82
Random flagged lines,90,0.0444,0.0400,20000,0.0050,21,82
Isolation Forest,90,0.5444,0.4900,20000,0.0050,21,82
Rarity only (priors = 1),90,0.8556,0.7700,20000,0.0050,21,82
Priors only (no rarity),90,0.8000,0.7200,20000,0.0050,21,82
Date tests not collapsed,90,0.8444,0.7600,20000,0.0050,21,82
No amount multiplier,90,0.7778,0.7000,20000,0.0050,21,82
No Benford diversity scaling,90,0.8444,0.7600,20000,0.0050,21,82
Ceiling (flagged lines),90,1.0000,1.0000,20000,0.0050,21,82
Risk score,100,0.7800,0.7800,20000,0.0050,21,82
Number of tests hit,100,0.6100,0.6100,20000,0.0050,21,82
Amount only,100,0.4000,0.4000,20000,0.0050,21,82
Random flagged lines,100,0.0400,0.0400,20000,0.0050,21,82
Isolation Forest,100,0.5000,0.5000,20000,0.0050,21,82
Rarity only (priors = 1),100,0.8000,0.8000,20000,0.0050,21,82
Priors only (no rarity),100,0.7400,0.7400,20000,0.0050,21,82
Date tests not collapsed,100,0.7800,0.7800,20000,0.0050,21,82
No amount multiplier,100,0.7600,0.7600,20000,0.0050,21,82
No Benford diversity scaling,100,0.7800,0.7800,20000,0.0050,21,82
Ceiling (flagged lines),100,1.0000,1.0000,20000,0.0050,21,82
Risk score,110,0.7182,0.7900,20000,0.0050,21,82
Number of tests hit,110,0.5545,0.6100,20000,0.0050,21,82
Amount only,110,0.3818,0.4200,20000,0.0050,21,82
Random flagged lines,110,0.0364,0.0400,20000,0.0050,21,82
Isolation Forest,110,0.4727,0.5200,20000,0.0050,21,82
Rarity only (priors = 1),110,0.7273,0.8000,20000,0.0050,21,82
Priors only (no rarity),110,0.6818,0.7500,20000,0.0050,21,82
Date tests not collapsed,110,0.7182,0.7900,20000,0.0050,21,82
No amount multiplier,110,0.7000,0.7700,20000,0.0050,21,82
No Benford diversity scaling,110,0.7182,0.7900,20000,0.0050,21,82
Ceiling (flagged lines),110,0.9091,1.0000,20000,0.0050,21,82
Risk score,120,0.7083,0.8500,20000,0.0050,21,82
Number of tests hit,120,0.5083,0.6100,20000,0.0050,21,82
Amount only,120,0.3500,0.4200,20000,0.0050,21,82
Random flagged lines,120,0.0333,0.0400,20000,0.0050,21,82
Isolation Forest,120,0.4500,0.5400,20000,0.0050,21,82
Rarity only (priors = 1),120,0.6667,0.8000,20000,0.0050,21,82
Priors only (no rarity),120,0.6417,0.7700,20000,0.0050,21,82
Date tests not collapsed,120,0.7000,0.8400,20000,0.0050,21,82
No amount multiplier,120,0.6417,0.7700,20000,0.0050,21,82
No Benford diversity scaling,120,0.7083,0.8500,20000,0.0050,21,82
Ceiling (flagged lines),120,0.8333,1.0000,20000,0.0050,21,82
Risk score,130,0.6538,0.8500,20000,0.0050,21,82
Number of tests hit,130,0.4692,0.6100,20000,0.0050,21,82
Amount only,130,0.3462,0.4500,20000,0.0050,21,82
Random flagged lines,130,0.0308,0.0400,20000,0.0050,21,82
Isolation Forest,130,0.4231,0.5500,20000,0.0050,21,82
Rarity only (priors = 1),130,0.6154,0.8000,20000,0.0050,21,82
Priors only (no rarity),130,0.5923,0.7700,20000,0.0050,21,82
Date tests not collapsed,130,0.6538,0.8500,20000,0.0050,21,82
No amount multiplier,130,0.5923,0.7700,20000,0.0050,21,82
No Benford diversity scaling,130,0.6538,0.8500,20000,0.0050,21,82
Ceiling (flagged lines),130,0.7692,1.0000,20000,0.0050,21,82
Risk score,140,0.6071,0.8500,20000,0.0050,21,82
Number of tests hit,140,0.4357,0.6100,20000,0.0050,21,82
Amount only,140,0.3214,0.4500,20000,0.0050,21,82
Random flagged lines,140,0.0286,0.0400,20000,0.0050,21,82
Isolation Forest,140,0.3929,0.5500,20000,0.0050,21,82
Rarity only (priors = 1),140,0.5714,0.8000,20000,0.0050,21,82
Priors only (no rarity),140,0.5500,0.7700,20000,0.0050,21,82
Date tests not collapsed,140,0.6071,0.8500,20000,0.0050,21,82
No amount multiplier,140,0.5500,0.7700,20000,0.0050,21,82
No Benford diversity scaling,140,0.6071,0.8500,20000,0.0050,21,82
Ceiling (flagged lines),140,0.7143,1.0000,20000,0.0050,21,82
Risk score,150,0.5667,0.8500,20000,0.0050,21,82
Number of tests hit,150,0.4267,0.6400,20000,0.0050,21,82
Amount only,150,0.3000,0.4500,20000,0.0050,21,82
Random flagged lines,150,0.0267,0.0400,20000,0.0050,21,82
Isolation Forest,150,0.3800,0.5700,20000,0.0050,21,82
Rarity only (priors = 1),150,0.5333,0.8000,20000,0.0050,21,82
Priors only (no rarity),150,0.5133,0.7700,20000,0.0050,21,82
Date tests not collapsed,150,0.5667,0.8500,20000,0.0050,21,82
No amount multiplier,150,0.5200,0.7800,20000,0.0050,21,82
No Benford diversity scaling,150,0.5667,0.8500,20000,0.0050,21,82
Ceiling (flagged lines),150,0.6667,1.0000,20000,0.0050,21,82
Risk score,160,0.5312,0.8500,20000,0.0050,21,82
Number of tests hit,160,0.4500,0.7200,20000,0.0050,21,82
Amount only,160,0.2812,0.4500,20000,0.0050,21,82
Random flagged lines,160,0.0375,0.0600,20000,0.0050,21,82
Isolation Forest,160,0.3688,0.5900,20000,0.0050,21,82
Rarity only (priors = 1),160,0.5000,0.8000,20000,0.0050,21,82
Priors only (no rarity),160,0.4813,0.7700,20000,0.0050,21,82
Date tests not collapsed,160,0.5312,0.8500,20000,0.0050,21,82
No amount multiplier,160,0.5062,0.8100,20000,0.0050,21,82
No Benford diversity scaling,160,0.5312,0.8500,20000,0.0050,21,82
Ceiling (flagged lines),160,0.6250,1.0000,20000,0.0050,21,82
Risk score,170,0.5000,0.8500,20000,0.0050,21,82
Number of tests hit,170,0.4471,0.7600,20000,0.0050,21,82
Amount only,170,0.2647,0.4500,20000,0.0050,21,82
Random flagged lines,170,0.0353,0.0600,20000,0.0050,21,82
Isolation Forest,170,0.3529,0.6000,20000,0.0050,21,82
Rarity only (priors = 1),170,0.4941,0.8400,20000,0.0050,21,82
Priors only (no rarity),170,0.4529,0.7700,20000,0.0050,21,82
Date tests not collapsed,170,0.5000,0.8500,20000,0.0050,21,82
No amount multiplier,170,0.4824,0.8200,20000,0.0050,21,82
No Benford diversity scaling,170,0.5000,0.8500,20000,0.0050,21,82
Ceiling (flagged lines),170,0.5882,1.0000,20000,0.0050,21,82
Risk score,180,0.4722,0.8500,20000,0.0050,21,82
Number of tests hit,180,0.4222,0.7600,20000,0.0050,21,82
Amount only,180,0.2556,0.4600,20000,0.0050,21,82
Random flagged lines,180,0.0333,0.0600,20000,0.0050,21,82
Isolation Forest,180,0.3444,0.6200,20000,0.0050,21,82
Rarity only (priors = 1),180,0.4944,0.8900,20000,0.0050,21,82
Priors only (no rarity),180,0.4278,0.7700,20000,0.0050,21,82
Date tests not collapsed,180,0.4722,0.8500,20000,0.0050,21,82
No amount multiplier,180,0.4556,0.8200,20000,0.0050,21,82
No Benford diversity scaling,180,0.4722,0.8500,20000,0.0050,21,82
Ceiling (flagged lines),180,0.5556,1.0000,20000,0.0050,21,82
Risk score,190,0.4579,0.8700,20000,0.0050,21,82
Number of tests hit,190,0.4000,0.7600,20000,0.0050,21,82
Amount only,190,0.2421,0.4600,20000,0.0050,21,82
Random flagged lines,190,0.0316,0.0600,20000,0.0050,21,82
Isolation Forest,190,0.3263,0.6200,20000,0.0050,21,82
Rarity only (priors = 1),190,0.4789,0.9100,20000,0.0050,21,82
Priors only (no rarity),190,0.4053,0.7700,20000,0.0050,21,82
Date tests not collapsed,190,0.4579,0.8700,20000,0.0050,21,82
No amount multiplier,190,0.4316,0.8200,20000,0.0050,21,82
No Benford diversity scaling,190,0.4579,0.8700,20000,0.0050,21,82
Ceiling (flagged lines),190,0.5263,1.0000,20000,0.0050,21,82
Risk score,200,0.4500,0.9000,20000,0.0050,21,82
Number of tests hit,200,0.3800,0.7600,20000,0.0050,21,82
Amount only,200,0.2300,0.4600,20000,0.0050,21,82
Random flagged lines,200,0.0300,0.0600,20000,0.0050,21,82
Isolation Forest,200,0.3200,0.6400,20000,0.0050,21,82
Rarity only (priors = 1),200,0.4650,0.9300,20000,0.0050,21,82
Priors only (no rarity),200,0.3850,0.7700,20000,0.0050,21,82
Date tests not collapsed,200,0.4450,0.8900,20000,0.0050,21,82
No amount multiplier,200,0.4100,0.8200,20000,0.0050,21,82
No Benford diversity scaling,200,0.4500,0.9000,20000,0.0050,21,82
Ceiling (flagged lines),200,0.5000,1.0000,20000,0.0050,21,82
Risk score,210,0.4381,0.9200,20000,0.0050,21,82
Number of tests hit,210,0.3619,0.7600,20000,0.0050,21,82
Amount only,210,0.2238,0.4700,20000,0.0050,21,82
Random flagged lines,210,0.0286,0.0600,20000,0.0050,21,82
Isolation Forest,210,0.3048,0.6400,20000,0.0050,21,82
Rarity only (priors = 1),210,0.4524,0.9500,20000,0.0050,21,82
Priors only (no rarity),210,0.3667,0.7700,20000,0.0050,21,82
Date tests not collapsed,210,0.4381,0.9200,20000,0.0050,21,82
No amount multiplier,210,0.3905,0.8200,20000,0.0050,21,82
No Benford diversity scaling,210,0.4381,0.9200,20000,0.0050,21,82
Ceiling (flagged lines),210,0.4762,1.0000,20000,0.0050,21,82
Risk score,220,0.4182,0.9200,20000,0.0050,21,82
Number of tests hit,220,0.3455,0.7600,20000,0.0050,21,82
Amount only,220,0.2227,0.4900,20000,0.0050,21,82
Random flagged lines,220,0.0273,0.0600,20000,0.0050,21,82
Isolation Forest,220,0.2909,0.6400,20000,0.0050,21,82
Rarity only (priors = 1),220,0.4318,0.9500,20000,0.0050,21,82
Priors only (no rarity),220,0.3500,0.7700,20000,0.0050,21,82
Date tests not collapsed,220,0.4182,0.9200,20000,0.0050,21,82
No amount multiplier,220,0.3727,0.8200,20000,0.0050,21,82
No Benford diversity scaling,220,0.4182,0.9200,20000,0.0050,21,82
Ceiling (flagged lines),220,0.4545,1.0000,20000,0.0050,21,82
Risk score,230,0.4000,0.9200,20000,0.0050,21,82
Number of tests hit,230,0.3304,0.7600,20000,0.0050,21,82
Amount only,230,0.2130,0.4900,20000,0.0050,21,82
Random flagged lines,230,0.0261,0.0600,20000,0.0050,21,82
Isolation Forest,230,0.2783,0.6400,20000,0.0050,21,82
Rarity only (priors = 1),230,0.4174,0.9600,20000,0.0050,21,82
Priors only (no rarity),230,0.3348,0.7700,20000,0.0050,21,82
Date tests not collapsed,230,0.4000,0.9200,20000,0.0050,21,82
No amount multiplier,230,0.3609,0.8300,20000,0.0050,21,82
No Benford diversity scaling,230,0.4000,0.9200,20000,0.0050,21,82
Ceiling (flagged lines),230,0.4348,1.0000,20000,0.0050,21,82
Risk score,240,0.3875,0.9300,20000,0.0050,21,82
Number of tests hit,240,0.3167,0.7600,20000,0.0050,21,82
Amount only,240,0.2083,0.5000,20000,0.0050,21,82
Random flagged lines,240,0.0250,0.0600,20000,0.0050,21,82
Isolation Forest,240,0.2708,0.6500,20000,0.0050,21,82
Rarity only (priors = 1),240,0.4000,0.9600,20000,0.0050,21,82
Priors only (no rarity),240,0.3208,0.7700,20000,0.0050,21,82
Date tests not collapsed,240,0.3875,0.9300,20000,0.0050,21,82
No amount multiplier,240,0.3458,0.8300,20000,0.0050,21,82
No Benford diversity scaling,240,0.3875,0.9300,20000,0.0050,21,82
Ceiling (flagged lines),240,0.4167,1.0000,20000,0.0050,21,82
Risk score,250,0.3720,0.9300,20000,0.0050,21,82
Number of tests hit,250,0.3040,0.7600,20000,0.0050,21,82
Amount only,250,0.2040,0.5100,20000,0.0050,21,82
Random flagged lines,250,0.0240,0.0600,20000,0.0050,21,82
Isolation Forest,250,0.2600,0.6500,20000,0.0050,21,82
Rarity only (priors = 1),250,0.3880,0.9700,20000,0.0050,21,82
Priors only (no rarity),250,0.3080,0.7700,20000,0.0050,21,82
Date tests not collapsed,250,0.3720,0.9300,20000,0.0050,21,82
No amount multiplier,250,0.3320,0.8300,20000,0.0050,21,82
No Benford diversity scaling,250,0.3720,0.9300,20000,0.0050,21,82
Ceiling (flagged lines),250,0.4000,1.0000,20000,0.0050,21,82
Risk score,260,0.3577,0.9300,20000,0.0050,21,82
Number of tests hit,260,0.2923,0.7600,20000,0.0050,21,82
Amount only,260,0.2000,0.5200,20000,0.0050,21,82
Random flagged lines,260,0.0231,0.0600,20000,0.0050,21,82
Isolation Forest,260,0.2500,0.6500,20000,0.0050,21,82
Rarity only (priors = 1),260,0.3769,0.9800,20000,0.0050,21,82
Priors only (no rarity),260,0.2962,0.7700,20000,0.0050,21,82
Date tests not collapsed,260,0.3577,0.9300,20000,0.0050,21,82
No amount multiplier,260,0.3192,0.8300,20000,0.0050,21,82
No Benford diversity scaling,260,0.3577,0.9300,20000,0.0050,21,82
Ceiling (flagged lines),260,0.3846,1.0000,20000,0.0050,21,82
Risk score,270,0.3444,0.9300,20000,0.0050,21,82
Number of tests hit,270,0.2815,0.7600,20000,0.0050,21,82
Amount only,270,0.2000,0.5400,20000,0.0050,21,82
Random flagged lines,270,0.0259,0.0700,20000,0.0050,21,82
Isolation Forest,270,0.2444,0.6600,20000,0.0050,21,82
Rarity only (priors = 1),270,0.3630,0.9800,20000,0.0050,21,82
Priors only (no rarity),270,0.2852,0.7700,20000,0.0050,21,82
Date tests not collapsed,270,0.3444,0.9300,20000,0.0050,21,82
No amount multiplier,270,0.3074,0.8300,20000,0.0050,21,82
No Benford diversity scaling,270,0.3444,0.9300,20000,0.0050,21,82
Ceiling (flagged lines),270,0.3704,1.0000,20000,0.0050,21,82
Risk score,280,0.3357,0.9400,20000,0.0050,21,82
Number of tests hit,280,0.2714,0.7600,20000,0.0050,21,82
Amount only,280,0.1964,0.5500,20000,0.0050,21,82
Random flagged lines,280,0.0250,0.0700,20000,0.0050,21,82
Isolation Forest,280,0.2357,0.6600,20000,0.0050,21,82
Rarity only (priors = 1),280,0.3500,0.9800,20000,0.0050,21,82
Priors only (no rarity),280,0.2786,0.7800,20000,0.0050,21,82
Date tests not collapsed,280,0.3357,0.9400,20000,0.0050,21,82
No amount multiplier,280,0.2964,0.8300,20000,0.0050,21,82
No Benford diversity scaling,280,0.3357,0.9400,20000,0.0050,21,82
Ceiling (flagged lines),280,0.3571,1.0000,20000,0.0050,21,82
Risk score,290,0.3241,0.9400,20000,0.0050,21,82
Number of tests hit,290,0.2621,0.7600,20000,0.0050,21,82
Amount only,290,0.1897,0.5500,20000,0.0050,21,82
Random flagged lines,290,0.0241,0.0700,20000,0.0050,21,82
Isolation Forest,290,0.2310,0.6700,20000,0.0050,21,82
Rarity only (priors = 1),290,0.3379,0.9800,20000,0.0050,21,82
Priors only (no rarity),290,0.2690,0.7800,20000,0.0050,21,82
Date tests not collapsed,290,0.3241,0.9400,20000,0.0050,21,82
No amount multiplier,290,0.2862,0.8300,20000,0.0050,21,82
No Benford diversity scaling,290,0.3241,0.9400,20000,0.0050,21,82
Ceiling (flagged lines),290,0.3448,1.0000,20000,0.0050,21,82
Risk score,300,0.3133,0.9400,20000,0.0050,21,82
Number of tests hit,300,0.2533,0.7600,20000,0.0050,21,82
Amount only,300,0.1900,0.5700,20000,0.0050,21,82
Random flagged lines,300,0.0267,0.0800,20000,0.0050,21,82
Isolation Forest,300,0.2267,0.6800,20000,0.0050,21,82
Rarity only (priors = 1),300,0.3267,0.9800,20000,0.0050,21,82
Priors only (no rarity),300,0.2633,0.7900,20000,0.0050,21,82
Date tests not collapsed,300,0.3133,0.9400,20000,0.0050,21,82
No amount multiplier,300,0.2767,0.8300,20000,0.0050,21,82
No Benford diversity scaling,300,0.3133,0.9400,20000,0.0050,21,82
Ceiling (flagged lines),300,0.3333,1.0000,20000,0.0050,21,82
Risk score,10,1.0000,0.1000,20000,0.0050,22,82
Number of tests hit,10,1.0000,0.1000,20000,0.0050,22,82
Amount only,10,0.6000,0.0600,20000,0.0050,22,82
Random flagged lines,10,0.0000,0.0000,20000,0.0050,22,82
Isolation Forest,10,1.0000,0.1000,20000,0.0050,22,82
Rarity only (priors = 1),10,1.0000,0.1000,20000,0.0050,22,82
Priors only (no rarity),10,1.0000,0.1000,20000,0.0050,22,82
Date tests not collapsed,10,1.0000,0.1000,20000,0.0050,22,82
No amount multiplier,10,1.0000,0.1000,20000,0.0050,22,82
No Benford diversity scaling,10,1.0000,0.1000,20000,0.0050,22,82
Ceiling (flagged lines),10,1.0000,1.0000,20000,0.0050,22,82
Risk score,20,1.0000,0.2000,20000,0.0050,22,82
Number of tests hit,20,1.0000,0.2000,20000,0.0050,22,82
Amount only,20,0.5500,0.1100,20000,0.0050,22,82
Random flagged lines,20,0.0000,0.0000,20000,0.0050,22,82
Isolation Forest,20,0.9500,0.1900,20000,0.0050,22,82
Rarity only (priors = 1),20,1.0000,0.2000,20000,0.0050,22,82
Priors only (no rarity),20,1.0000,0.2000,20000,0.0050,22,82
Date tests not collapsed,20,1.0000,0.2000,20000,0.0050,22,82
No amount multiplier,20,1.0000,0.2000,20000,0.0050,22,82
No Benford diversity scaling,20,1.0000,0.2000,20000,0.0050,22,82
Ceiling (flagged lines),20,1.0000,1.0000,20000,0.0050,22,82
Risk score,30,1.0000,0.3000,20000,0.0050,22,82
Number of tests hit,30,1.0000,0.3000,20000,0.0050,22,82
Amount only,30,0.5333,0.1600,20000,0.0050,22,82
Random flagged lines,30,0.0333,0.0100,20000,0.0050,22,82
Isolation Forest,30,0.9333,0.2800,20000,0.0050,22,82
Rarity only (priors = 1),30,1.0000,0.3000,20000,0.0050,22,82
Priors only (no rarity),30,1.0000,0.3000,20000,0.0050,22,82
Date tests not collapsed,30,1.0000,0.3000,20000,0.0050,22,82
No amount multiplier,30,1.0000,0.3000,20000,0.0050,22,82
No Benford diversity scaling,30,1.0000,0.3000,20000,0.0050,22,82
Ceiling (flagged lines),30,1.0000,1.0000,20000,0.0050,22,82
Risk score,40,1.0000,0.4000,20000,0.0050,22,82
Number of tests hit,40,1.0000,0.4000,20000,0.0050,22,82
Amount only,40,0.4750,0.1900,20000,0.0050,22,82
Random flagged lines,40,0.0250,0.0100,20000,0.0050,22,82
Isolation Forest,40,0.8750,0.3500,20000,0.0050,22,82
Rarity only (priors = 1),40,1.0000,0.4000,20000,0.0050,22,82
Priors only (no rarity),40,1.0000,0.4000,20000,0.0050,22,82
Date tests not collapsed,40,1.0000,0.4000,20000,0.0050,22,82
No amount multiplier,40,1.0000,0.4000,20000,0.0050,22,82
No Benford diversity scaling,40,1.0000,0.4000,20000,0.0050,22,82
Ceiling (flagged lines),40,1.0000,1.0000,20000,0.0050,22,82
Risk score,50,1.0000,0.5000,20000,0.0050,22,82
Number of tests hit,50,0.9800,0.4900,20000,0.0050,22,82
Amount only,50,0.4400,0.2200,20000,0.0050,22,82
Random flagged lines,50,0.0200,0.0100,20000,0.0050,22,82
Isolation Forest,50,0.8800,0.4400,20000,0.0050,22,82
Rarity only (priors = 1),50,1.0000,0.5000,20000,0.0050,22,82
Priors only (no rarity),50,0.9400,0.4700,20000,0.0050,22,82
Date tests not collapsed,50,1.0000,0.5000,20000,0.0050,22,82
No amount multiplier,50,1.0000,0.5000,20000,0.0050,22,82
No Benford diversity scaling,50,1.0000,0.5000,20000,0.0050,22,82
Ceiling (flagged lines),50,1.0000,1.0000,20000,0.0050,22,82
Risk score,60,0.9667,0.5800,20000,0.0050,22,82
Number of tests hit,60,0.8500,0.5100,20000,0.0050,22,82
Amount only,60,0.3667,0.2200,20000,0.0050,22,82
Random flagged lines,60,0.0167,0.0100,20000,0.0050,22,82
Isolation Forest,60,0.8333,0.5000,20000,0.0050,22,82
Rarity only (priors = 1),60,0.9833,0.5900,20000,0.0050,22,82
Priors only (no rarity),60,0.9333,0.5600,20000,0.0050,22,82
Date tests not collapsed,60,0.9667,0.5800,20000,0.0050,22,82
No amount multiplier,60,0.9500,0.5700,20000,0.0050,22,82
No Benford diversity scaling,60,0.9667,0.5800,20000,0.0050,22,82
Ceiling (flagged lines),60,1.0000,1.0000,20000,0.0050,22,82
Risk score,70,0.9429,0.6600,20000,0.0050,22,82
Number of tests hit,70,0.8286,0.5800,20000,0.0050,22,82
Amount only,70,0.3429,0.2400,20000,0.0050,22,82
Random flagged lines,70,0.0143,0.0100,20000,0.0050,22,82
Isolation Forest,70,0.7429,0.5200,20000,0.0050,22,82
Rarity only (priors = 1),70,0.9429,0.6600,20000,0.0050,22,82
Priors only (no rarity),70,0.8429,0.5900,20000,0.0050,22,82
Date tests not collapsed,70,0.9429,0.6600,20000,0.0050,22,82
No amount multiplier,70,0.9143,0.6400,20000,0.0050,22,82
No Benford diversity scaling,70,0.9429,0.6600,20000,0.0050,22,82
Ceiling (flagged lines),70,1.0000,1.0000,20000,0.0050,22,82
Risk score,80,0.9000,0.7200,20000,0.0050,22,82
Number of tests hit,80,0.8000,0.6400,20000,0.0050,22,82
Amount only,80,0.3250,0.2600,20000,0.0050,22,82
Random flagged lines,80,0.0250,0.0200,20000,0.0050,22,82
Isolation Forest,80,0.7000,0.5600,20000,0.0050,22,82
Rarity only (priors = 1),80,0.9125,0.7300,20000,0.0050,22,82
Priors only (no rarity),80,0.8000,0.6400,20000,0.0050,22,82
Date tests not collapsed,80,0.9000,0.7200,20000,0.0050,22,82
No amount multiplier,80,0.8500,0.6800,20000,0.0050,22,82
No Benford diversity scaling,80,0.9000,0.7200,20000,0.0050,22,82
Ceiling (flagged lines),80,1.0000,1.0000,20000,0.0050,22,82
Risk score,82,0.8780,0.7200,20000,0.0050,22,82
Number of tests hit,82,0.7927,0.6500,20000,0.0050,22,82
Amount only,82,0.3293,0.2700,20000,0.0050,22,82
Random flagged lines,82,0.0244,0.0200,20000,0.0050,22,82
Isolation Forest,82,0.6951,0.5700,20000,0.0050,22,82
Rarity only (priors = 1),82,0.9024,0.7400,20000,0.0050,22,82
Priors only (no rarity),82,0.7927,0.6500,20000,0.0050,22,82
Date tests not collapsed,82,0.8780,0.7200,20000,0.0050,22,82
No amount multiplier,82,0.8537,0.7000,20000,0.0050,22,82
No Benford diversity scaling,82,0.8780,0.7200,20000,0.0050,22,82
Ceiling (flagged lines),82,1.0000,1.0000,20000,0.0050,22,82
Risk score,90,0.8556,0.7700,20000,0.0050,22,82
Number of tests hit,90,0.7444,0.6700,20000,0.0050,22,82
Amount only,90,0.3222,0.2900,20000,0.0050,22,82
Random flagged lines,90,0.0222,0.0200,20000,0.0050,22,82
Isolation Forest,90,0.6444,0.5800,20000,0.0050,22,82
Rarity only (priors = 1),90,0.8778,0.7900,20000,0.0050,22,82
Priors only (no rarity),90,0.7778,0.7000,20000,0.0050,22,82
Date tests not collapsed,90,0.8556,0.7700,20000,0.0050,22,82
No amount multiplier,90,0.8000,0.7200,20000,0.0050,22,82
No Benford diversity scaling,90,0.8556,0.7700,20000,0.0050,22,82
Ceiling (flagged lines),90,1.0000,1.0000,20000,0.0050,22,82
Risk score,100,0.7900,0.7900,20000,0.0050,22,82
Number of tests hit,100,0.7500,0.7500,20000,0.0050,22,82
Amount only,100,0.2900,0.2900,20000,0.0050,22,82
Random flagged lines,100,0.0200,0.0200,20000,0.0050,22,82
Isolation Forest,100,0.6000,0.6000,20000,0.0050,22,82
Rarity only (priors = 1),100,0.8100,0.8100,20000,0.0050,22,82
Priors only (no rarity),100,0.7500,0.7500,20000,0.0050,22,82
Date tests not collapsed,100,0.7900,0.7900,20000,0.0050,22,82
No amount multiplier,100,0.7400,0.7400,20000,0.0050,22,82
No Benford diversity scaling,100,0.7900,0.7900,20000,0.0050,22,82
Ceiling (flagged lines),100,1.0000,1.0000,20000,0.0050,22,82
Risk score,110,0.7364,0.8100,20000,0.0050,22,82
Number of tests hit,110,0.7000,0.7700,20000,0.0050,22,82
Amount only,110,0.3091,0.3400,20000,0.0050,22,82
Random flagged lines,110,0.0182,0.0200,20000,0.0050,22,82
Isolation Forest,110,0.5545,0.6100,20000,0.0050,22,82
Rarity only (priors = 1),110,0.7545,0.8300,20000,0.0050,22,82
Priors only (no rarity),110,0.7000,0.7700,20000,0.0050,22,82
Date tests not collapsed,110,0.7273,0.8000,20000,0.0050,22,82
No amount multiplier,110,0.6818,0.7500,20000,0.0050,22,82
No Benford diversity scaling,110,0.7364,0.8100,20000,0.0050,22,82
Ceiling (flagged lines),110,0.9091,1.0000,20000,0.0050,22,82
Risk score,120,0.7000,0.8400,20000,0.0050,22,82
Number of tests hit,120,0.6417,0.7700,20000,0.0050,22,82
Amount only,120,0.3333,0.4000,20000,0.0050,22,82
Random flagged lines,120,0.0167,0.0200,20000,0.0050,22,82
Isolation Forest,120,0.5167,0.6200,20000,0.0050,22,82
Rarity only (priors = 1),120,0.6917,0.8300,20000,0.0050,22,82
Priors only (no rarity),120,0.6583,0.7900,20000,0.0050,22,82
Date tests not collapsed,120,0.7000,0.8400,20000,0.0050,22,82
No amount multiplier,120,0.6250,0.7500,20000,0.0050,22,82
No Benford diversity scaling,120,0.7000,0.8400,20000,0.0050,22,82
Ceiling (flagged lines),120,0.8333,1.0000,20000,0.0050,22,82
Risk score,130,0.6615,0.8600,20000,0.0050,22,82
Number of tests hit,130,0.5923,0.7700,20000,0.0050,22,82
Amount only,130,0.3231,0.4200,20000,0.0050,22,82
Random flagged lines,130,0.0154,0.0200,20000,0.0050,22,82
Isolation Forest,130,0.4846,0.6300,20000,0.0050,22,82
Rarity only (priors = 1),130,0.6769,0.8800,20000,0.0050,22,82
Priors only (no rarity),130,0.6077,0.7900,20000,0.0050,22,82
Date tests not collapsed,130,0.6538,0.8500,20000,0.0050,22,82
No amount multiplier,130,0.5769,0.7500,20000,0.0050,22,82
No Benford diversity scaling,130,0.6615,0.8600,20000,0.0050,22,82
Ceiling (flagged lines),130,0.7692,1.0000,20000,0.0050,22,82
Risk score,140,0.6286,0.8800,20000,0.0050,22,82
Number of tests hit,140,0.5500,0.7700,20000,0.0050,22,82
Amount only,140,0.3071,0.4300,20000,0.0050,22,82
Random flagged lines,140,0.0143,0.0200,20000,0.0050,22,82
Isolation Forest,140,0.4500,0.6300,20000,0.0050,22,82
Rarity only (priors = 1),140,0.6500,0.9100,20000,0.0050,22,82
Priors only (no rarity),140,0.5714,0.8000,20000,0.0050,22,82
Date tests not collapsed,140,0.6214,0.8700,20000,0.0050,22,82
No amount multiplier,140,0.5500,0.7700,20000,0.0050,22,82
No Benford diversity scaling,140,0.6286,0.8800,20000,0.0050,22,82
Ceiling (flagged lines),140,0.7143,1.0000,20000,0.0050,22,82
Risk score,150,0.5867,0.8800,20000,0.0050,22,82
Number of tests hit,150,0.5133,0.7700,20000,0.0050,22,82
Amount only,150,0.2933,0.4400,20000,0.0050,22,82
Random flagged lines,150,0.0133,0.0200,20000,0.0050,22,82
Isolation Forest,150,0.4267,0.6400,20000,0.0050,22,82
Rarity only (priors = 1),150,0.6067,0.9100,20000,0.0050,22,82
Priors only (no rarity),150,0.5400,0.8100,20000,0.0050,22,82
Date tests not collapsed,150,0.5867,0.8800,20000,0.0050,22,82
No amount multiplier,150,0.5200,0.7800,20000,0.0050,22,82
No Benford diversity scaling,150,0.5867,0.8800,20000,0.0050,22,82
Ceiling (flagged lines),150,0.6667,1.0000,20000,0.0050,22,82
Risk score,160,0.5500,0.8800,20000,0.0050,22,82
Number of tests hit,160,0.4813,0.7700,20000,0.0050,22,82
Amount only,160,0.2750,0.4400,20000,0.0050,22,82
Random flagged lines,160,0.0125,0.0200,20000,0.0050,22,82
Isolation Forest,160,0.4062,0.6500,20000,0.0050,22,82
Rarity only (priors = 1),160,0.5687,0.9100,20000,0.0050,22,82
Priors only (no rarity),160,0.5062,0.8100,20000,0.0050,22,82
Date tests not collapsed,160,0.5500,0.8800,20000,0.0050,22,82
No amount multiplier,160,0.4875,0.7800,20000,0.0050,22,82
No Benford diversity scaling,160,0.5500,0.8800,20000,0.0050,22,82
Ceiling (flagged lines),160,0.6250,1.0000,20000,0.0050,22,82
Risk score,170,0.5235,0.8900,20000,0.0050,22,82
Number of tests hit,170,0.4529,0.7700,20000,0.0050,22,82
Amount only,170,0.2647,0.4500,20000,0.0050,22,82
Random flagged lines,170,0.0176,0.0300,20000,0.0050,22,82
Isolation Forest,170,0.3882,0.6600,20000,0.0050,22,82
Rarity only (priors = 1),170,0.5412,0.9200,20000,0.0050,22,82
Priors only (no rarity),170,0.4765,0.8100,20000,0.0050,22,82
Date tests not collapsed,170,0.5235,0.8900,20000,0.0050,22,82
No amount multiplier,170,0.4588,0.7800,20000,0.0050,22,82
No Benford diversity scaling,170,0.5235,0.8900,20000,0.0050,22,82
Ceiling (flagged lines),170,0.5882,1.0000,20000,0.0050,22,82
Risk score,180,0.4944,0.8900,20000,0.0050,22,82
Number of tests hit,180,0.4278,0.7700,20000,0.0050,22,82
Amount only,180,0.2500,0.4500,20000,0.0050,22,82
Random flagged lines,180,0.0167,0.0300,20000,0.0050,22,82
Isolation Forest,180,0.3778,0.6800,20000,0.0050,22,82
Rarity only (priors = 1),180,0.5111,0.9200,20000,0.0050,22,82
Priors only (no rarity),180,0.4500,0.8100,20000,0.0050,22,82
Date tests not collapsed,180,0.4944,0.8900,20000,0.0050,22,82
No amount multiplier,180,0.4333,0.7800,20000,0.0050,22,82
No Benford diversity scaling,180,0.4944,0.8900,20000,0.0050,22,82
Ceiling (flagged lines),180,0.5556,1.0000,20000,0.0050,22,82
Risk score,190,0.4684,0.8900,20000,0.0050,22,82
Number of tests hit,190,0.4053,0.7700,20000,0.0050,22,82
Amount only,190,0.2421,0.4600,20000,0.0050,22,82
Random flagged lines,190,0.0211,0.0400,20000,0.0050,22,82
Isolation Forest,190,0.3632,0.6900,20000,0.0050,22,82
Rarity only (priors = 1),190,0.4842,0.9200,20000,0.0050,22,82
Priors only (no rarity),190,0.4263,0.8100,20000,0.0050,22,82
Date tests not collapsed,190,0.4684,0.8900,20000,0.0050,22,82
No amount multiplier,190,0.4105,0.7800,20000,0.0050,22,82
No Benford diversity scaling,190,0.4684,0.8900,20000,0.0050,22,82
Ceiling (flagged lines),190,0.5263,1.0000,20000,0.0050,22,82
Risk score,200,0.4450,0.8900,20000,0.0050,22,82
Number of tests hit,200,0.3850,0.7700,20000,0.0050,22,82
Amount only,200,0.2300,0.4600,20000,0.0050,22,82
Random flagged lines,200,0.0200,0.0400,20000,0.0050,22,82
Isolation Forest,200,0.3450,0.6900,20000,0.0050,22,82
Rarity only (priors = 1),200,0.4600,0.9200,20000,0.0050,22,82
Priors only (no rarity),200,0.4050,0.8100,20000,0.0050,22,82
Date tests not collapsed,200,0.4450,0.8900,20000,0.0050,22,82
No amount multiplier,200,0.3900,0.7800,20000,0.0050,22,82
No Benford diversity scaling,200,0.4450,0.8900,20000,0.0050,22,82
Ceiling (flagged lines),200,0.5000,1.0000,20000,0.0050,22,82
Risk score,210,0.4238,0.8900,20000,0.0050,22,82
Number of tests hit,210,0.3667,0.7700,20000,0.0050,22,82
Amount only,210,0.2190,0.4600,20000,0.0050,22,82
Random flagged lines,210,0.0238,0.0500,20000,0.0050,22,82
Isolation Forest,210,0.3286,0.6900,20000,0.0050,22,82
Rarity only (priors = 1),210,0.4381,0.9200,20000,0.0050,22,82
Priors only (no rarity),210,0.3857,0.8100,20000,0.0050,22,82
Date tests not collapsed,210,0.4238,0.8900,20000,0.0050,22,82
No amount multiplier,210,0.3714,0.7800,20000,0.0050,22,82
No Benford diversity scaling,210,0.4238,0.8900,20000,0.0050,22,82
Ceiling (flagged lines),210,0.4762,1.0000,20000,0.0050,22,82
Risk score,220,0.4091,0.9000,20000,0.0050,22,82
Number of tests hit,220,0.3500,0.7700,20000,0.0050,22,82
Amount only,220,0.2136,0.4700,20000,0.0050,22,82
Random flagged lines,220,0.0227,0.0500,20000,0.0050,22,82
Isolation Forest,220,0.3136,0.6900,20000,0.0050,22,82
Rarity only (priors = 1),220,0.4182,0.9200,20000,0.0050,22,82
Priors only (no rarity),220,0.3682,0.8100,20000,0.0050,22,82
Date tests not collapsed,220,0.4091,0.9000,20000,0.0050,22,82
No amount multiplier,220,0.3545,0.7800,20000,0.0050,22,82
No Benford diversity scaling,220,0.4091,0.9000,20000,0.0050,22,82
Ceiling (flagged lines),220,0.4545,1.0000,20000,0.0050,22,82
Risk score,230,0.3957,0.9100,20000,0.0050,22,82
Number of tests hit,230,0.3348,0.7700,20000,0.0050,22,82
Amount only,230,0.2087,0.4800,20000,0.0050,22,82
Random flagged lines,230,0.0217,0.0500,20000,0.0050,22,82
Isolation Forest,230,0.3043,0.7000,20000,0.0050,22,82
Rarity only (priors = 1),230,0.4000,0.9200,20000,0.0050,22,82
Priors only (no rarity),230,0.3565,0.8200,20000,0.0050,22,82
Date tests not collapsed,230,0.3957,0.9100,20000,0.0050,22,82
No amount multiplier,230,0.3435,0.7900,20000,0.0050,22,82
No Benford diversity scaling,230,0.3957,0.9100,20000,0.0050,22,82
Ceiling (flagged lines),230,0.4348,1.0000,20000,0.0050,22,82
Risk score,240,0.3792,0.9100,20000,0.0050,22,82
Number of tests hit,240,0.3208,0.7700,20000,0.0050,22,82
Amount only,240,0.2042,0.4900,20000,0.0050,22,82
Random flagged lines,240,0.0250,0.0600,20000,0.0050,22,82
Isolation Forest,240,0.2917,0.7000,20000,0.0050,22,82
Rarity only (priors = 1),240,0.3833,0.9200,20000,0.0050,22,82
Priors only (no rarity),240,0.3458,0.8300,20000,0.0050,22,82
Date tests not collapsed,240,0.3792,0.9100,20000,0.0050,22,82
No amount multiplier,240,0.3375,0.8100,20000,0.0050,22,82
No Benford diversity scaling,240,0.3792,0.9100,20000,0.0050,22,82
Ceiling (flagged lines),240,0.4167,1.0000,20000,0.0050,22,82
Risk score,250,0.3640,0.9100,20000,0.0050,22,82
Number of tests hit,250,0.3080,0.7700,20000,0.0050,22,82
Amount only,250,0.2040,0.5100,20000,0.0050,22,82
Random flagged lines,250,0.0240,0.0600,20000,0.0050,22,82
Isolation Forest,250,0.2840,0.7100,20000,0.0050,22,82
Rarity only (priors = 1),250,0.3680,0.9200,20000,0.0050,22,82
Priors only (no rarity),250,0.3320,0.8300,20000,0.0050,22,82
Date tests not collapsed,250,0.3640,0.9100,20000,0.0050,22,82
No amount multiplier,250,0.3240,0.8100,20000,0.0050,22,82
No Benford diversity scaling,250,0.3640,0.9100,20000,0.0050,22,82
Ceiling (flagged lines),250,0.4000,1.0000,20000,0.0050,22,82
Risk score,260,0.3577,0.9300,20000,0.0050,22,82
Number of tests hit,260,0.2962,0.7700,20000,0.0050,22,82
Amount only,260,0.2000,0.5200,20000,0.0050,22,82
Random flagged lines,260,0.0231,0.0600,20000,0.0050,22,82
Isolation Forest,260,0.2731,0.7100,20000,0.0050,22,82
Rarity only (priors = 1),260,0.3615,0.9400,20000,0.0050,22,82
Priors only (no rarity),260,0.3192,0.8300,20000,0.0050,22,82
Date tests not collapsed,260,0.3577,0.9300,20000,0.0050,22,82
No amount multiplier,260,0.3115,0.8100,20000,0.0050,22,82
No Benford diversity scaling,260,0.3577,0.9300,20000,0.0050,22,82
Ceiling (flagged lines),260,0.3846,1.0000,20000,0.0050,22,82
Risk score,270,0.3444,0.9300,20000,0.0050,22,82
Number of tests hit,270,0.2852,0.7700,20000,0.0050,22,82
Amount only,270,0.1963,0.5300,20000,0.0050,22,82
Random flagged lines,270,0.0222,0.0600,20000,0.0050,22,82
Isolation Forest,270,0.2667,0.7200,20000,0.0050,22,82
Rarity only (priors = 1),270,0.3481,0.9400,20000,0.0050,22,82
Priors only (no rarity),270,0.3148,0.8500,20000,0.0050,22,82
Date tests not collapsed,270,0.3444,0.9300,20000,0.0050,22,82
No amount multiplier,270,0.3000,0.8100,20000,0.0050,22,82
No Benford diversity scaling,270,0.3444,0.9300,20000,0.0050,22,82
Ceiling (flagged lines),270,0.3704,1.0000,20000,0.0050,22,82
Risk score,280,0.3321,0.9300,20000,0.0050,22,82
Number of tests hit,280,0.2750,0.7700,20000,0.0050,22,82
Amount only,280,0.1893,0.5300,20000,0.0050,22,82
Random flagged lines,280,0.0214,0.0600,20000,0.0050,22,82
Isolation Forest,280,0.2571,0.7200,20000,0.0050,22,82
Rarity only (priors = 1),280,0.3357,0.9400,20000,0.0050,22,82
Priors only (no rarity),280,0.3036,0.8500,20000,0.0050,22,82
Date tests not collapsed,280,0.3321,0.9300,20000,0.0050,22,82
No amount multiplier,280,0.2893,0.8100,20000,0.0050,22,82
No Benford diversity scaling,280,0.3321,0.9300,20000,0.0050,22,82
Ceiling (flagged lines),280,0.3571,1.0000,20000,0.0050,22,82
Risk score,290,0.3207,0.9300,20000,0.0050,22,82
Number of tests hit,290,0.2655,0.7700,20000,0.0050,22,82
Amount only,290,0.2000,0.5800,20000,0.0050,22,82
Random flagged lines,290,0.0207,0.0600,20000,0.0050,22,82
Isolation Forest,290,0.2483,0.7200,20000,0.0050,22,82
Rarity only (priors = 1),290,0.3241,0.9400,20000,0.0050,22,82
Priors only (no rarity),290,0.2931,0.8500,20000,0.0050,22,82
Date tests not collapsed,290,0.3207,0.9300,20000,0.0050,22,82
No amount multiplier,290,0.2793,0.8100,20000,0.0050,22,82
No Benford diversity scaling,290,0.3207,0.9300,20000,0.0050,22,82
Ceiling (flagged lines),290,0.3448,1.0000,20000,0.0050,22,82
Risk score,300,0.3100,0.9300,20000,0.0050,22,82
Number of tests hit,300,0.2567,0.7700,20000,0.0050,22,82
Amount only,300,0.2000,0.6000,20000,0.0050,22,82
Random flagged lines,300,0.0233,0.0700,20000,0.0050,22,82
Isolation Forest,300,0.2500,0.7500,20000,0.0050,22,82
Rarity only (priors = 1),300,0.3133,0.9400,20000,0.0050,22,82
Priors only (no rarity),300,0.2833,0.8500,20000,0.0050,22,82
Date tests not collapsed,300,0.3100,0.9300,20000,0.0050,22,82
No amount multiplier,300,0.2700,0.8100,20000,0.0050,22,82
No Benford diversity scaling,300,0.3100,0.9300,20000,0.0050,22,82
Ceiling (flagged lines),300,0.3333,1.0000,20000,0.0050,22,82
Risk score,10,1.0000,0.1000,20000,0.0050,23,82
Number of tests hit,10,1.0000,0.1000,20000,0.0050,23,82
Amount only,10,0.5000,0.0500,20000,0.0050,23,82
Random flagged lines,10,0.1000,0.0100,20000,0.0050,23,82
Isolation Forest,10,1.0000,0.1000,20000,0.0050,23,82
Rarity only (priors = 1),10,1.0000,0.1000,20000,0.0050,23,82
Priors only (no rarity),10,1.0000,0.1000,20000,0.0050,23,82
Date tests not collapsed,10,1.0000,0.1000,20000,0.0050,23,82
No amount multiplier,10,1.0000,0.1000,20000,0.0050,23,82
No Benford diversity scaling,10,1.0000,0.1000,20000,0.0050,23,82
Ceiling (flagged lines),10,1.0000,1.0000,20000,0.0050,23,82
Risk score,20,1.0000,0.2000,20000,0.0050,23,82
Number of tests hit,20,0.9500,0.1900,20000,0.0050,23,82
Amount only,20,0.5500,0.1100,20000,0.0050,23,82
Random flagged lines,20,0.0500,0.0100,20000,0.0050,23,82
Isolation Forest,20,0.9000,0.1800,20000,0.0050,23,82
Rarity only (priors = 1),20,1.0000,0.2000,20000,0.0050,23,82
Priors only (no rarity),20,1.0000,0.2000,20000,0.0050,23,82
Date tests not collapsed,20,1.0000,0.2000,20000,0.0050,23,82
No amount multiplier,20,1.0000,0.2000,20000,0.0050,23,82
No Benford diversity scaling,20,1.0000,0.2000,20000,0.0050,23,82
Ceiling (flagged lines),20,1.0000,1.0000,20000,0.0050,23,82
Risk score,30,1.0000,0.3000,20000,0.0050,23,82
Number of tests hit,30,0.9667,0.2900,20000,0.0050,23,82
Amount only,30,0.5000,0.1500,20000,0.0050,23,82
Random flagged lines,30,0.0333,0.0100,20000,0.0050,23,82
Isolation Forest,30,0.8667,0.2600,20000,0.0050,23,82
Rarity only (priors = 1),30,1.0000,0.3000,20000,0.0050,23,82
Priors only (no rarity),30,1.0000,0.3000,20000,0.0050,23,82
Date tests not collapsed,30,1.0000,0.3000,20000,0.0050,23,82
No amount multiplier,30,1.0000,0.3000,20000,0.0050,23,82
No Benford diversity scaling,30,1.0000,0.3000,20000,0.0050,23,82
Ceiling (flagged lines),30,1.0000,1.0000,20000,0.0050,23,82
Risk score,40,1.0000,0.4000,20000,0.0050,23,82
Number of tests hit,40,0.9750,0.3900,20000,0.0050,23,82
Amount only,40,0.5000,0.2000,20000,0.0050,23,82
Random flagged lines,40,0.0250,0.0100,20000,0.0050,23,82
Isolation Forest,40,0.8000,0.3200,20000,0.0050,23,82
Rarity only (priors = 1),40,1.0000,0.4000,20000,0.0050,23,82
Priors only (no rarity),40,0.9750,0.3900,20000,0.0050,23,82
Date tests not collapsed,40,1.0000,0.4000,20000,0.0050,23,82
No amount multiplier,40,1.0000,0.4000,20000,0.0050,23,82
No Benford diversity scaling,40,1.0000,0.4000,20000,0.0050,23,82
Ceiling (flagged lines),40,1.0000,1.0000,20000,0.0050,23,82
Risk score,50,1.0000,0.5000,20000,0.0050,23,82
Number of tests hit,50,0.9200,0.4600,20000,0.0050,23,82
Amount only,50,0.4200,0.2100,20000,0.0050,23,82
Random flagged lines,50,0.0200,0.0100,20000,0.0050,23,82
Isolation Forest,50,0.7000,0.3500,20000,0.0050,23,82
Rarity only (priors = 1),50,1.0000,0.5000,20000,0.0050,23,82
Priors only (no rarity),50,0.9200,0.4600,20000,0.0050,23,82
Date tests not collapsed,50,1.0000,0.5000,20000,0.0050,23,82
No amount multiplier,50,0.9800,0.4900,20000,0.0050,23,82
No Benford diversity scaling,50,1.0000,0.5000,20000,0.0050,23,82
Ceiling (flagged lines),50,1.0000,1.0000,20000,0.0050,23,82
Risk score,60,0.9500,0.5700,20000,0.0050,23,82
Number of tests hit,60,0.9000,0.5400,20000,0.0050,23,82
Amount only,60,0.4167,0.2500,20000,0.0050,23,82
Random flagged lines,60,0.0167,0.0100,20000,0.0050,23,82
Isolation Forest,60,0.7500,0.4500,20000,0.0050,23,82
Rarity only (priors = 1),60,1.0000,0.6000,20000,0.0050,23,82
Priors only (no rarity),60,0.8500,0.5100,20000,0.0050,23,82
Date tests not collapsed,60,0.9500,0.5700,20000,0.0050,23,82
No amount multiplier,60,0.9333,0.5600,20000,0.0050,23,82
No Benford diversity scaling,60,0.9500,0.5700,20000,0.0050,23,82
Ceiling (flagged lines),60,1.0000,1.0000,20000,0.0050,23,82
Risk score,70,0.9286,0.6500,20000,0.0050,23,82
Number of tests hit,70,0.8714,0.6100,20000,0.0050,23,82
Amount only,70,0.3857,0.2700,20000,0.0050,23,82
Random flagged lines,70,0.0143,0.0100,20000,0.0050,23,82
Isolation Forest,70,0.7571,0.5300,20000,0.0050,23,82
Rarity only (priors = 1),70,0.9429,0.6600,20000,0.0050,23,82
Priors only (no rarity),70,0.8429,0.5900,20000,0.0050,23,82
Date tests not collapsed,70,0.9286,0.6500,20000,0.0050,23,82
No amount multiplier,70,0.8571,0.6000,20000,0.0050,23,82
No Benford diversity scaling,70,0.9286,0.6500,20000,0.0050,23,82
Ceiling (flagged lines),70,1.0000,1.0000,20000,0.0050,23,82
Risk score,80,0.8500,0.6800,20000,0.0050,23,82
Number of tests hit,80,0.7875,0.6300,20000,0.0050,23,82
Amount only,80,0.4000,0.3200,20000,0.0050,23,82
Random flagged lines,80,0.0250,0.0200,20000,0.0050,23,82
Isolation Forest,80,0.7125,0.5700,20000,0.0050,23,82
Rarity only (priors = 1),80,0.9000,0.7200,20000,0.0050,23,82
Priors only (no rarity),80,0.8000,0.6400,20000,0.0050,23,82
Date tests not collapsed,80,0.8500,0.6800,20000,0.0050,23,82
No amount multiplier,80,0.7750,0.6200,20000,0.0050,23,82
No Benford diversity scaling,80,0.8500,0.6800,20000,0.0050,23,82
Ceiling (flagged lines),80,1.0000,1.0000,20000,0.0050,23,82
Risk score,82,0.8293,0.6800,20000,0.0050,23,82
Number of tests hit,82,0.7927,0.6500,20000,0.0050,23,82
Amount only,82,0.3902,0.3200,20000,0.0050,23,82
Random flagged lines,82,0.0244,0.0200,20000,0.0050,23,82
Isolation Forest,82,0.6951,0.5700,20000,0.0050,23,82
Rarity only (priors = 1),82,0.8902,0.7300,20000,0.0050,23,82
Priors only (no rarity),82,0.7805,0.6400,20000,0.0050,23,82
Date tests not collapsed,82,0.8293,0.6800,20000,0.0050,23,82
No amount multiplier,82,0.7805,0.6400,20000,0.0050,23,82
No Benford diversity scaling,82,0.8293,0.6800,20000,0.0050,23,82
Ceiling (flagged lines),82,1.0000,1.0000,20000,0.0050,23,82
Risk score,90,0.8222,0.7400,20000,0.0050,23,82
Number of tests hit,90,0.7556,0.6800,20000,0.0050,23,82
Amount only,90,0.3889,0.3500,20000,0.0050,23,82
Random flagged lines,90,0.0333,0.0300,20000,0.0050,23,82
Isolation Forest,90,0.6556,0.5900,20000,0.0050,23,82
Rarity only (priors = 1),90,0.8333,0.7500,20000,0.0050,23,82
Priors only (no rarity),90,0.7444,0.6700,20000,0.0050,23,82
Date tests not collapsed,90,0.8222,0.7400,20000,0.0050,23,82
No amount multiplier,90,0.7556,0.6800,20000,0.0050,23,82
No Benford diversity scaling,90,0.8222,0.7400,20000,0.0050,23,82
Ceiling (flagged lines),90,1.0000,1.0000,20000,0.0050,23,82
Risk score,100,0.7800,0.7800,20000,0.0050,23,82
Number of tests hit,100,0.7200,0.7200,20000,0.0050,23,82
Amount only,100,0.4000,0.4000,20000,0.0050,23,82
Random flagged lines,100,0.0300,0.0300,20000,0.0050,23,82
Isolation Forest,100,0.6200,0.6200,20000,0.0050,23,82
Rarity only (priors = 1),100,0.7800,0.7800,20000,0.0050,23,82
Priors only (no rarity),100,0.7000,0.7000,20000,0.0050,23,82
Date tests not collapsed,100,0.7800,0.7800,20000,0.0050,23,82
No amount multiplier,100,0.6900,0.6900,20000,0.0050,23,82
No Benford diversity scaling,100,0.7800,0.7800,20000,0.0050,23,82
Ceiling (flagged lines),100,1.0000,1.0000,20000,0.0050,23,82
Risk score,110,0.7455,0.8200,20000,0.0050,23,82
Number of tests hit,110,0.6545,0.7200,20000,0.0050,23,82
Amount only,110,0.3727,0.4100,20000,0.0050,23,82
Random flagged lines,110,0.0273,0.0300,20000,0.0050,23,82
Isolation Forest,110,0.5727,0.6300,20000,0.0050,23,82
Rarity only (priors = 1),110,0.7364,0.8100,20000,0.0050,23,82
Priors only (no rarity),110,0.6636,0.7300,20000,0.0050,23,82
Date tests not collapsed,110,0.7455,0.8200,20000,0.0050,23,82
No amount multiplier,110,0.6455,0.7100,20000,0.0050,23,82
No Benford diversity scaling,110,0.7455,0.8200,20000,0.0050,23,82
Ceiling (flagged lines),110,0.9091,1.0000,20000,0.0050,23,82
Risk score,120,0.7083,0.8500,20000,0.0050,23,82
Number of tests hit,120,0.6000,0.7200,20000,0.0050,23,82
Amount only,120,0.3417,0.4100,20000,0.0050,23,82
Random flagged lines,120,0.0250,0.0300,20000,0.0050,23,82
Isolation Forest,120,0.5250,0.6300,20000,0.0050,23,82
Rarity only (priors = 1),120,0.6833,0.8200,20000,0.0050,23,82
Priors only (no rarity),120,0.6083,0.7300,20000,0.0050,23,82
Date tests not collapsed,120,0.7083,0.8500,20000,0.0050,23,82
No amount multiplier,120,0.5917,0.7100,20000,0.0050,23,82
No Benford diversity scaling,120,0.7083,0.8500,20000,0.0050,23,82
Ceiling (flagged lines),120,0.8333,1.0000,20000,0.0050,23,82
Risk score,130,0.6692,0.8700,20000,0.0050,23,82
Number of tests hit,130,0.5538,0.7200,20000,0.0050,23,82
Amount only,130,0.3231,0.4200,20000,0.0050,23,82
Random flagged lines,130,0.0231,0.0300,20000,0.0050,23,82
Isolation Forest,130,0.5077,0.6600,20000,0.0050,23,82
Rarity only (priors = 1),130,0.6538,0.8500,20000,0.0050,23,82
Priors only (no rarity),130,0.5769,0.7500,20000,0.0050,23,82
Date tests not collapsed,130,0.6692,0.8700,20000,0.0050,23,82
No amount multiplier,130,0.5462,0.7100,20000,0.0050,23,82
No Benford diversity scaling,130,0.6692,0.8700,20000,0.0050,23,82
Ceiling (flagged lines),130,0.7692,1.0000,20000,0.0050,23,82
Risk score,140,0.6214,0.8700,20000,0.0050,23,82
Number of tests hit,140,0.5143,0.7200,20000,0.0050,23,82
Amount only,140,0.3000,0.4200,20000,0.0050,23,82
Random flagged lines,140,0.0286,0.0400,20000,0.0050,23,82
Isolation Forest,140,0.4929,0.6900,20000,0.0050,23,82
Rarity only (priors = 1),140,0.6286,0.8800,20000,0.0050,23,82
Priors only (no rarity),140,0.5429,0.7600,20000,0.0050,23,82
Date tests not collapsed,140,0.6214,0.8700,20000,0.0050,23,82
No amount multiplier,140,0.5143,0.7200,20000,0.0050,23,82
No Benford diversity scaling,140,0.6214,0.8700,20000,0.0050,23,82
Ceiling (flagged lines),140,0.7143,1.0000,20000,0.0050,23,82
Risk score,150,0.5800,0.8700,20000,0.0050,23,82
Number of tests hit,150,0.4800,0.7200,20000,0.0050,23,82
Amount only,150,0.2867,0.4300,20000,0.0050,23,82
Random flagged lines,150,0.0333,0.0500,20000,0.0050,23,82
Isolation Forest,150,0.4800,0.7200,20000,0.0050,23,82
Rarity only (priors = 1),150,0.5933,0.8900,20000,0.0050,23,82
Priors only (no rarity),150,0.5200,0.7800,20000,0.0050,23,82
Date tests not collapsed,150,0.5800,0.8700,20000,0.0050,23,82
No amount multiplier,150,0.5000,0.7500,20000,0.0050,23,82
No Benford diversity scaling,150,0.5800,0.8700,20000,0.0050,23,82
Ceiling (flagged lines),150,0.6667,1.0000,20000,0.0050,23,82
Risk score,160,0.5500,0.8800,20000,0.0050,23,82
Number of tests hit,160,0.4500,0.7200,20000,0.0050,23,82
Amount only,160,0.2687,0.4300,20000,0.0050,23,82
Random flagged lines,160,0.0312,0.0500,20000,0.0050,23,82
Isolation Forest,160,0.4625,0.7400,20000,0.0050,23,82
Rarity only (priors = 1),160,0.5563,0.8900,20000,0.0050,23,82
Priors only (no rarity),160,0.4875,0.7800,20000,0.0050,23,82
Date tests not collapsed,160,0.5500,0.8800,20000,0.0050,23,82
No amount multiplier,160,0.4688,0.7500,20000,0.0050,23,82
No Benford diversity scaling,160,0.5500,0.8800,20000,0.0050,23,82
Ceiling (flagged lines),160,0.6250,1.0000,20000,0.0050,23,82
Risk score,170,0.5176,0.8800,20000,0.0050,23,82
Number of tests hit,170,0.4235,0.7200,20000,0.0050,23,82
Amount only,170,0.2588,0.4400,20000,0.0050,23,82
Random flagged lines,170,0.0294,0.0500,20000,0.0050,23,82
Isolation Forest,170,0.4353,0.7400,20000,0.0050,23,82
Rarity only (priors = 1),170,0.5235,0.8900,20000,0.0050,23,82
Priors only (no rarity),170,0.4588,0.7800,20000,0.0050,23,82
Date tests not collapsed,170,0.5176,0.8800,20000,0.0050,23,82
No amount multiplier,170,0.4412,0.7500,20000,0.0050,23,82
No Benford diversity scaling,170,0.5176,0.8800,20000,0.0050,23,82
Ceiling (flagged lines),170,0.5882,1.0000,20000,0.0050,23,82
Risk score,180,0.4889,0.8800,20000,0.0050,23,82
Number of tests hit,180,0.4000,0.7200,20000,0.0050,23,82
Amount only,180,0.2444,0.4400,20000,0.0050,23,82
Random flagged lines,180,0.0278,0.0500,20000,0.0050,23,82
Isolation Forest,180,0.4111,0.7400,20000,0.0050,23,82
Rarity only (priors = 1),180,0.4944,0.8900,20000,0.0050,23,82
Priors only (no rarity),180,0.4333,0.7800,20000,0.0050,23,82
Date tests not collapsed,180,0.4889,0.8800,20000,0.0050,23,82
No amount multiplier,180,0.4167,0.7500,20000,0.0050,23,82
No Benford diversity scaling,180,0.4889,0.8800,20000,0.0050,23,82
Ceiling (flagged lines),180,0.5556,1.0000,20000,0.0050,23,82
Risk score,190,0.4632,0.8800,20000,0.0050,23,82
Number of tests hit,190,0.3789,0.7200,20000,0.0050,23,82
Amount only,190,0.2368,0.4500,20000,0.0050,23,82
Random flagged lines,190,0.0316,0.0600,20000,0.0050,23,82
Isolation Forest,190,0.3895,0.7400,20000,0.0050,23,82
Rarity only (priors = 1),190,0.4684,0.8900,20000,0.0050,23,82
Priors only (no rarity),190,0.4105,0.7800,20000,0.0050,23,82
Date tests not collapsed,190,0.4632,0.8800,20000,0.0050,23,82
No amount multiplier,190,0.3947,0.7500,20000,0.0050,23,82
No Benford diversity scaling,190,0.4632,0.8800,20000,0.0050,23,82
Ceiling (flagged lines),190,0.5263,1.0000,20000,0.0050,23,82
Risk score,200,0.4400,0.8800,20000,0.0050,23,82
Number of tests hit,200,0.3600,0.7200,20000,0.0050,23,82
Amount only,200,0.2300,0.4600,20000,0.0050,23,82
Random flagged lines,200,0.0300,0.0600,20000,0.0050,23,82
Isolation Forest,200,0.3750,0.7500,20000,0.0050,23,82
Rarity only (priors = 1),200,0.4450,0.8900,20000,0.0050,23,82
Priors only (no rarity),200,0.3900,0.7800,20000,0.0050,23,82
Date tests not collapsed,200,0.4400,0.8800,20000,0.0050,23,82
No amount multiplier,200,0.3750,0.7500,20000,0.0050,23,82
No Benford diversity scaling,200,0.4400,0.8800,20000,0.0050,23,82
Ceiling (flagged lines),200,0.5000,1.0000,20000,0.0050,23,82
Risk score,210,0.4238,0.8900,20000,0.0050,23,82
Number of tests hit,210,0.3429,0.7200,20000,0.0050,23,82
Amount only,210,0.2286,0.4800,20000,0.0050,23,82
Random flagged lines,210,0.0286,0.0600,20000,0.0050,23,82
Isolation Forest,210,0.3571,0.7500,20000,0.0050,23,82
Rarity only (priors = 1),210,0.4238,0.8900,20000,0.0050,23,82
Priors only (no rarity),210,0.3762,0.7900,20000,0.0050,23,82
Date tests not collapsed,210,0.4238,0.8900,20000,0.0050,23,82
No amount multiplier,210,0.3571,0.7500,20000,0.0050,23,82
No Benford diversity scaling,210,0.4238,0.8900,20000,0.0050,23,82
Ceiling (flagged lines),210,0.4762,1.0000,20000,0.0050,23,82
Risk score,220,0.4045,0.8900,20000,0.0050,23,82
Number of tests hit,220,0.3273,0.7200,20000,0.0050,23,82
Amount only,220,0.2273,0.5000,20000,0.0050,23,82
Random flagged lines,220,0.0273,0.0600,20000,0.0050,23,82
Isolation Forest,220,0.3455,0.7600,20000,0.0050,23,82
Rarity only (priors = 1),220,0.4091,0.9000,20000,0.0050,23,82
Priors only (no rarity),220,0.3636,0.8000,20000,0.0050,23,82
Date tests not collapsed,220,0.4045,0.8900,20000,0.0050,23,82
No amount multiplier,220,0.3409,0.7500,20000,0.0050,23,82
No Benford diversity scaling,220,0.4045,0.8900,20000,0.0050,23,82
Ceiling (flagged lines),220,0.4545,1.0000,20000,0.0050,23,82
Risk score,230,0.3870,0.8900,20000,0.0050,23,82
Number of tests hit,230,0.3130,0.7200,20000,0.0050,23,82
Amount only,230,0.2217,0.5100,20000,0.0050,23,82
Random flagged lines,230,0.0261,0.0600,20000,0.0050,23,82
Isolation Forest,230,0.3435,0.7900,20000,0.0050,23,82
Rarity only (priors = 1),230,0.3957,0.9100,20000,0.0050,23,82
Priors only (no rarity),230,0.3522,0.8100,20000,0.0050,23,82
Date tests not collapsed,230,0.3870,0.8900,20000,0.0050,23,82
No amount multiplier,230,0.3435,0.7900,20000,0.0050,23,82
No Benford diversity scaling,230,0.3870,0.8900,20000,0.0050,23,82
Ceiling (flagged lines),230,0.4348,1.0000,20000,0.0050,23,82
Risk score,240,0.3708,0.8900,20000,0.0050,23,82
Number of tests hit,240,0.3000,0.7200,20000,0.0050,23,82
Amount only,240,0.2125,0.5100,20000,0.0050,23,82
Random flagged lines,240,0.0250,0.0600,20000,0.0050,23,82
Isolation Forest,240,0.3292,0.7900,20000,0.0050,23,82
Rarity only (priors = 1),240,0.3792,0.9100,20000,0.0050,23,82
Priors only (no rarity),240,0.3375,0.8100,20000,0.0050,23,82
Date tests not collapsed,240,0.3708,0.8900,20000,0.0050,23,82
No amount multiplier,240,0.3292,0.7900,20000,0.0050,23,82
No Benford diversity scaling,240,0.3708,0.8900,20000,0.0050,23,82
Ceiling (flagged lines),240,0.4167,1.0000,20000,0.0050,23,82
Risk score,250,0.3600,0.9000,20000,0.0050,23,82
Number of tests hit,250,0.2880,0.7200,20000,0.0050,23,82
Amount only,250,0.2040,0.5100,20000,0.0050,23,82
Random flagged lines,250,0.0240,0.0600,20000,0.0050,23,82
Isolation Forest,250,0.3160,0.7900,20000,0.0050,23,82
Rarity only (priors = 1),250,0.3840,0.9600,20000,0.0050,23,82
Priors only (no rarity),250,0.3240,0.8100,20000,0.0050,23,82
Date tests not collapsed,250,0.3600,0.9000,20000,0.0050,23,82
No amount multiplier,250,0.3160,0.7900,20000,0.0050,23,82
No Benford diversity scaling,250,0.3600,0.9000,20000,0.0050,23,82
Ceiling (flagged lines),250,0.4000,1.0000,20000,0.0050,23,82
Risk score,260,0.3615,0.9400,20000,0.0050,23,82
Number of tests hit,260,0.2769,0.7200,20000,0.0050,23,82
Amount only,260,0.1962,0.5100,20000,0.0050,23,82
Random flagged lines,260,0.0269,0.0700,20000,0.0050,23,82
Isolation Forest,260,0.3038,0.7900,20000,0.0050,23,82
Rarity only (priors = 1),260,0.3731,0.9700,20000,0.0050,23,82
Priors only (no rarity),260,0.3192,0.8300,20000,0.0050,23,82
Date tests not collapsed,260,0.3615,0.9400,20000,0.0050,23,82
No amount multiplier,260,0.3038,0.7900,20000,0.0050,23,82
No Benford diversity scaling,260,0.3615,0.9400,20000,0.0050,23,82
Ceiling (flagged lines),260,0.3846,1.0000,20000,0.0050,23,82
Risk score,270,0.3481,0.9400,20000,0.0050,23,82
Number of tests hit,270,0.2667,0.7200,20000,0.0050,23,82
Amount only,270,0.2037,0.5500,20000,0.0050,23,82
Random flagged lines,270,0.0259,0.0700,20000,0.0050,23,82
Isolation Forest,270,0.2926,0.7900,20000,0.0050,23,82
Rarity only (priors = 1),270,0.3593,0.9700,20000,0.0050,23,82
Priors only (no rarity),270,0.3111,0.8400,20000,0.0050,23,82
Date tests not collapsed,270,0.3481,0.9400,20000,0.0050,23,82
No amount multiplier,270,0.2926,0.7900,20000,0.0050,23,82
No Benford diversity scaling,270,0.3481,0.9400,20000,0.0050,23,82
Ceiling (flagged lines),270,0.3704,1.0000,20000,0.0050,23,82
Risk score,280,0.3357,0.9400,20000,0.0050,23,82
Number of tests hit,280,0.2571,0.7200,20000,0.0050,23,82
Amount only,280,0.1964,0.5500,20000,0.0050,23,82
Random flagged lines,280,0.0250,0.0700,20000,0.0050,23,82
Isolation Forest,280,0.2821,0.7900,20000,0.0050,23,82
Rarity only (priors = 1),280,0.3464,0.9700,20000,0.0050,23,82
Priors only (no rarity),280,0.3071,0.8600,20000,0.0050,23,82
Date tests not collapsed,280,0.3357,0.9400,20000,0.0050,23,82
No amount multiplier,280,0.2821,0.7900,20000,0.0050,23,82
No Benford diversity scaling,280,0.3357,0.9400,20000,0.0050,23,82
Ceiling (flagged lines),280,0.3571,1.0000,20000,0.0050,23,82
Risk score,290,0.3241,0.9400,20000,0.0050,23,82
Number of tests hit,290,0.2483,0.7200,20000,0.0050,23,82
Amount only,290,0.1931,0.5600,20000,0.0050,23,82
Random flagged lines,290,0.0241,0.0700,20000,0.0050,23,82
Isolation Forest,290,0.2724,0.7900,20000,0.0050,23,82
Rarity only (priors = 1),290,0.3345,0.9700,20000,0.0050,23,82
Priors only (no rarity),290,0.2966,0.8600,20000,0.0050,23,82
Date tests not collapsed,290,0.3241,0.9400,20000,0.0050,23,82
No amount multiplier,290,0.2724,0.7900,20000,0.0050,23,82
No Benford diversity scaling,290,0.3241,0.9400,20000,0.0050,23,82
Ceiling (flagged lines),290,0.3448,1.0000,20000,0.0050,23,82
Risk score,300,0.3133,0.9400,20000,0.0050,23,82
Number of tests hit,300,0.2400,0.7200,20000,0.0050,23,82
Amount only,300,0.1867,0.5600,20000,0.0050,23,82
Random flagged lines,300,0.0233,0.0700,20000,0.0050,23,82
Isolation Forest,300,0.2633,0.7900,20000,0.0050,23,82
Rarity only (priors = 1),300,0.3233,0.9700,20000,0.0050,23,82
Priors only (no rarity),300,0.2867,0.8600,20000,0.0050,23,82
Date tests not collapsed,300,0.3133,0.9400,20000,0.0050,23,82
No amount multiplier,300,0.2633,0.7900,20000,0.0050,23,82
No Benford diversity scaling,300,0.3133,0.9400,20000,0.0050,23,82
Ceiling (flagged lines),300,0.3333,1.0000,20000,0.0050,23,82
Risk score,10,1.0000,0.1000,20000,0.0050,24,82
Number of tests hit,10,1.0000,0.1000,20000,0.0050,24,82
Amount only,10,0.5000,0.0500,20000,0.0050,24,82
Random flagged lines,10,0.1000,0.0100,20000,0.0050,24,82
Isolation Forest,10,1.0000,0.1000,20000,0.0050,24,82
Rarity only (priors = 1),10,1.0000,0.1000,20000,0.0050,24,82
Priors only (no rarity),10,1.0000,0.1000,20000,0.0050,24,82
Date tests not collapsed,10,1.0000,0.1000,20000,0.0050,24,82
No amount multiplier,10,1.0000,0.1000,20000,0.0050,24,82
No Benford diversity scaling,10,1.0000,0.1000,20000,0.0050,24,82
Ceiling (flagged lines),10,1.0000,1.0000,20000,0.0050,24,82
Risk score,20,1.0000,0.2000,20000,0.0050,24,82
Number of tests hit,20,1.0000,0.2000,20000,0.0050,24,82
Amount only,20,0.5500,0.1100,20000,0.0050,24,82
Random flagged lines,20,0.0500,0.0100,20000,0.0050,24,82
Isolation Forest,20,0.9500,0.1900,20000,0.0050,24,82
Rarity only (priors = 1),20,1.0000,0.2000,20000,0.0050,24,82
Priors only (no rarity),20,1.0000,0.2000,20000,0.0050,24,82
Date tests not collapsed,20,1.0000,0.2000,20000,0.0050,24,82
No amount multiplier,20,1.0000,0.2000,20000,0.0050,24,82
No Benford diversity scaling,20,1.0000,0.2000,20000,0.0050,24,82
Ceiling (flagged lines),20,1.0000,1.0000,20000,0.0050,24,82
Risk score,30,1.0000,0.3000,20000,0.0050,24,82
Number of tests hit,30,1.0000,0.3000,20000,0.0050,24,82
Amount only,30,0.5333,0.1600,20000,0.0050,24,82
Random flagged lines,30,0.0667,0.0200,20000,0.0050,24,82
Isolation Forest,30,0.9667,0.2900,20000,0.0050,24,82
Rarity only (priors = 1),30,1.0000,0.3000,20000,0.0050,24,82
Priors only (no rarity),30,1.0000,0.3000,20000,0.0050,24,82
Date tests not collapsed,30,1.0000,0.3000,20000,0.0050,24,82
No amount multiplier,30,1.0000,0.3000,20000,0.0050,24,82
No Benford diversity scaling,30,1.0000,0.3000,20000,0.0050,24,82
Ceiling (flagged lines),30,1.0000,1.0000,20000,0.0050,24,82
Risk score,40,1.0000,0.4000,20000,0.0050,24,82
Number of tests hit,40,1.0000,0.4000,20000,0.0050,24,82
Amount only,40,0.5250,0.2100,20000,0.0050,24,82
Random flagged lines,40,0.0500,0.0200,20000,0.0050,24,82
Isolation Forest,40,0.8750,0.3500,20000,0.0050,24,82
Rarity only (priors = 1),40,1.0000,0.4000,20000,0.0050,24,82
Priors only (no rarity),40,1.0000,0.4000,20000,0.0050,24,82
Date tests not collapsed,40,1.0000,0.4000,20000,0.0050,24,82
No amount multiplier,40,1.0000,0.4000,20000,0.0050,24,82
No Benford diversity scaling,40,1.0000,0.4000,20000,0.0050,24,82
Ceiling (flagged lines),40,1.0000,1.0000,20000,0.0050,24,82
Risk score,50,1.0000,0.5000,20000,0.0050,24,82
Number of tests hit,50,0.9200,0.4600,20000,0.0050,24,82
Amount only,50,0.5000,0.2500,20000,0.0050,24,82
Random flagged lines,50,0.0600,0.0300,20000,0.0050,24,82
Isolation Forest,50,0.8600,0.4300,20000,0.0050,24,82
Rarity only (priors = 1),50,1.0000,0.5000,20000,0.0050,24,82
Priors only (no rarity),50,0.9800,0.4900,20000,0.0050,24,82
Date tests not collapsed,50,1.0000,0.5000,20000,0.0050,24,82
No amount multiplier,50,1.0000,0.5000,20000,0.0050,24,82
No Benford diversity scaling,50,1.0000,0.5000,20000,0.0050,24,82
Ceiling (flagged lines),50,1.0000,1.0000,20000,0.0050,24,82
Risk score,60,0.9667,0.5800,20000,0.0050,24,82
Number of tests hit,60,0.9333,0.5600,20000,0.0050,24,82
Amount only,60,0.4333,0.2600,20000,0.0050,24,82
Random flagged lines,60,0.0500,0.0300,20000,0.0050,24,82
Isolation Forest,60,0.8333,0.5000,20000,0.0050,24,82
Rarity only (priors = 1),60,0.9667,0.5800,20000,0.0050,24,82
Priors only (no rarity),60,0.9333,0.5600,20000,0.0050,24,82
Date tests not collapsed,60,0.9667,0.5800,20000,0.0050,24,82
No amount multiplier,60,0.9667,0.5800,20000,0.0050,24,82
No Benford diversity scaling,60,0.9667,0.5800,20000,0.0050,24,82
Ceiling (flagged lines),60,1.0000,1.0000,20000,0.0050,24,82
Risk score,70,0.9286,0.6500,20000,0.0050,24,82
Number of tests hit,70,0.8714,0.6100,20000,0.0050,24,82
Amount only,70,0.3857,0.2700,20000,0.0050,24,82
Random flagged lines,70,0.0429,0.0300,20000,0.0050,24,82
Isolation Forest,70,0.7714,0.5400,20000,0.0050,24,82
Rarity only (priors = 1),70,0.9143,0.6400,20000,0.0050,24,82
Priors only (no rarity),70,0.8857,0.6200,20000,0.0050,24,82
Date tests not collapsed,70,0.9429,0.6600,20000,0.0050,24,82
No amount multiplier,70,0.9429,0.6600,20000,0.0050,24,82
No Benford diversity scaling,70,0.9286,0.6500,20000,0.0050,24,82
Ceiling (flagged lines),70,1.0000,1.0000,20000,0.0050,24,82
Risk score,80,0.8875,0.7100,20000,0.0050,24,82
Number of tests hit,80,0.8000,0.6400,20000,0.0050,24,82
Amount only,80,0.3750,0.3000,20000,0.0050,24,82
Random flagged lines,80,0.0500,0.0400,20000,0.0050,24,82
Isolation Forest,80,0.6750,0.5400,20000,0.0050,24,82
Rarity only (priors = 1),80,0.9000,0.7200,20000,0.0050,24,82
Priors only (no rarity),80,0.8125,0.6500,20000,0.0050,24,82
Date tests not collapsed,80,0.8875,0.7100,20000,0.0050,24,82
No amount multiplier,80,0.8500,0.6800,20000,0.0050,24,82
No Benford diversity scaling,80,0.8875,0.7100,20000,0.0050,24,82
Ceiling (flagged lines),80,1.0000,1.0000,20000,0.0050,24,82
Risk score,82,0.8780,0.7200,20000,0.0050,24,82
Number of tests hit,82,0.8049,0.6600,20000,0.0050,24,82
Amount only,82,0.3780,0.3100,20000,0.0050,24,82
Random flagged lines,82,0.0488,0.0400,20000,0.0050,24,82
Isolation Forest,82,0.6707,0.5500,20000,0.0050,24,82
Rarity only (priors = 1),82,0.8902,0.7300,20000,0.0050,24,82
Priors only (no rarity),82,0.7927,0.6500,20000,0.0050,24,82
Date tests not collapsed,82,0.8780,0.7200,20000,0.0050,24,82
No amount multiplier,82,0.8415,0.6900,20000,0.0050,24,82
No Benford diversity scaling,82,0.8780,0.7200,20000,0.0050,24,82
Ceiling (flagged lines),82,1.0000,1.0000,20000,0.0050,24,82
Risk score,90,0.8333,0.7500,20000,0.0050,24,82
Number of tests hit,90,0.7778,0.7000,20000,0.0050,24,82
Amount only,90,0.3667,0.3300,20000,0.0050,24,82
Random flagged lines,90,0.0444,0.0400,20000,0.0050,24,82
Isolation Forest,90,0.6333,0.5700,20000,0.0050,24,82
Rarity only (priors = 1),90,0.8333,0.7500,20000,0.0050,24,82
Priors only (no rarity),90,0.7444,0.6700,20000,0.0050,24,82
Date tests not collapsed,90,0.8333,0.7500,20000,0.0050,24,82
No amount multiplier,90,0.7889,0.7100,20000,0.0050,24,82
No Benford diversity scaling,90,0.8333,0.7500,20000,0.0050,24,82
Ceiling (flagged lines),90,1.0000,1.0000,20000,0.0050,24,82
Risk score,100,0.8000,0.8000,20000,0.0050,24,82
Number of tests hit,100,0.7400,0.7400,20000,0.0050,24,82
Amount only,100,0.3500,0.3500,20000,0.0050,24,82
Random flagged lines,100,0.0400,0.0400,20000,0.0050,24,82
Isolation Forest,100,0.5800,0.5800,20000,0.0050,24,82
Rarity only (priors = 1),100,0.8100,0.8100,20000,0.0050,24,82
Priors only (no rarity),100,0.7300,0.7300,20000,0.0050,24,82
Date tests not collapsed,100,0.8000,0.8000,20000,0.0050,24,82
No amount multiplier,100,0.7300,0.7300,20000,0.0050,24,82
No Benford diversity scaling,100,0.8000,0.8000,20000,0.0050,24,82
Ceiling (flagged lines),100,1.0000,1.0000,20000,0.0050,24,82
Risk score,110,0.7636,0.8400,20000,0.0050,24,82
Number of tests hit,110,0.7091,0.7800,20000,0.0050,24,82
Amount only,110,0.3727,0.4100,20000,0.0050,24,82
Random flagged lines,110,0.0364,0.0400,20000,0.0050,24,82
Isolation Forest,110,0.5273,0.5800,20000,0.0050,24,82
Rarity only (priors = 1),110,0.7545,0.8300,20000,0.0050,24,82
Priors only (no rarity),110,0.6818,0.7500,20000,0.0050,24,82
Date tests not collapsed,110,0.7636,0.8400,20000,0.0050,24,82
No amount multiplier,110,0.6636,0.7300,20000,0.0050,24,82
No Benford diversity scaling,110,0.7636,0.8400,20000,0.0050,24,82
Ceiling (flagged lines),110,0.9091,1.0000,20000,0.0050,24,82
Risk score,120,0.7250,0.8700,20000,0.0050,24,82
Number of tests hit,120,0.6667,0.8000,20000,0.0050,24,82
Amount only,120,0.3417,0.4100,20000,0.0050,24,82
Random flagged lines,120,0.0333,0.0400,20000,0.0050,24,82
Isolation Forest,120,0.5000,0.6000,20000,0.0050,24,82
Rarity only (priors = 1),120,0.7167,0.8600,20000,0.0050,24,82
Priors only (no rarity),120,0.6500,0.7800,20000,0.0050,24,82
Date tests not collapsed,120,0.7250,0.8700,20000,0.0050,24,82
No amount multiplier,120,0.6083,0.7300,20000,0.0050,24,82
No Benford diversity scaling,120,0.7250,0.8700,20000,0.0050,24,82
Ceiling (flagged lines),120,0.8333,1.0000,20000,0.0050,24,82
Risk score,130,0.6846,0.8900,20000,0.0050,24,82
Number of tests hit,130,0.6154,0.8000,20000,0.0050,24,82
Amount only,130,0.3308,0.4300,20000,0.0050,24,82
Random flagged lines,130,0.0308,0.0400,20000,0.0050,24,82
Isolation Forest,130,0.4846,0.6300,20000,0.0050,24,82
Rarity only (priors = 1),130,0.6846,0.8900,20000,0.0050,24,82
Priors only (no rarity),130,0.6154,0.8000,20000,0.0050,24,82
Date tests not collapsed,130,0.6846,0.8900,20000,0.0050,24,82
No amount multiplier,130,0.6000,0.7800,20000,0.0050,24,82
No Benford diversity scaling,130,0.6846,0.8900,20000,0.0050,24,82
Ceiling (flagged lines),130,0.7692,1.0000,20000,0.0050,24,82
Risk score,140,0.6357,0.8900,20000,0.0050,24,82
Number of tests hit,140,0.5714,0.8000,20000,0.0050,24,82
Amount only,140,0.3143,0.4400,20000,0.0050,24,82
Random flagged lines,140,0.0357,0.0500,20000,0.0050,24,82
Isolation Forest,140,0.4571,0.6400,20000,0.0050,24,82
Rarity only (priors = 1),140,0.6357,0.8900,20000,0.0050,24,82
Priors only (no rarity),140,0.5786,0.8100,20000,0.0050,24,82
Date tests not collapsed,140,0.6357,0.8900,20000,0.0050,24,82
No amount multiplier,140,0.5714,0.8000,20000,0.0050,24,82
No Benford diversity scaling,140,0.6357,0.8900,20000,0.0050,24,82
Ceiling (flagged lines),140,0.7143,1.0000,20000,0.0050,24,82
Risk score,150,0.5933,0.8900,20000,0.0050,24,82
Number of tests hit,150,0.5333,0.8000,20000,0.0050,24,82
Amount only,150,0.3000,0.4500,20000,0.0050,24,82
Random flagged lines,150,0.0400,0.0600,20000,0.0050,24,82
Isolation Forest,150,0.4267,0.6400,20000,0.0050,24,82
Rarity only (priors = 1),150,0.5933,0.8900,20000,0.0050,24,82
Priors only (no rarity),150,0.5400,0.8100,20000,0.0050,24,82
Date tests not collapsed,150,0.5933,0.8900,20000,0.0050,24,82
No amount multiplier,150,0.5400,0.8100,20000,0.0050,24,82
No Benford diversity scaling,150,0.5933,0.8900,20000,0.0050,24,82
Ceiling (flagged lines),150,0.6667,1.0000,20000,0.0050,24,82
Risk score,160,0.5563,0.8900,20000,0.0050,24,82
Number of tests hit,160,0.5000,0.8000,20000,0.0050,24,82
Amount only,160,0.2875,0.4600,20000,0.0050,24,82
Random flagged lines,160,0.0437,0.0700,20000,0.0050,24,82
Isolation Forest,160,0.4000,0.6400,20000,0.0050,24,82
Rarity only (priors = 1),160,0.5563,0.8900,20000,0.0050,24,82
Priors only (no rarity),160,0.5062,0.8100,20000,0.0050,24,82
Date tests not collapsed,160,0.5563,0.8900,20000,0.0050,24,82
No amount multiplier,160,0.5062,0.8100,20000,0.0050,24,82
No Benford diversity scaling,160,0.5563,0.8900,20000,0.0050,24,82
Ceiling (flagged lines),160,0.6250,1.0000,20000,0.0050,24,82
Risk score,170,0.5235,0.8900,20000,0.0050,24,82
Number of tests hit,170,0.4706,0.8000,20000,0.0050,24,82
Amount only,170,0.2706,0.4600,20000,0.0050,24,82
Random flagged lines,170,0.0412,0.0700,20000,0.0050,24,82
Isolation Forest,170,0.3824,0.6500,20000,0.0050,24,82
Rarity only (priors = 1),170,0.5235,0.8900,20000,0.0050,24,82
Priors only (no rarity),170,0.4824,0.8200,20000,0.0050,24,82
Date tests not collapsed,170,0.5235,0.8900,20000,0.0050,24,82
No amount multiplier,170,0.4765,0.8100,20000,0.0050,24,82
No Benford diversity scaling,170,0.5235,0.8900,20000,0.0050,24,82
Ceiling (flagged lines),170,0.5882,1.0000,20000,0.0050,24,82
Risk score,180,0.4944,0.8900,20000,0.0050,24,82
Number of tests hit,180,0.4444,0.8000,20000,0.0050,24,82
Amount only,180,0.2556,0.4600,20000,0.0050,24,82
Random flagged lines,180,0.0500,0.0900,20000,0.0050,24,82
Isolation Forest,180,0.3667,0.6600,20000,0.0050,24,82
Rarity only (priors = 1),180,0.4944,0.8900,20000,0.0050,24,82
Priors only (no rarity),180,0.4556,0.8200,20000,0.0050,24,82
Date tests not collapsed,180,0.4944,0.8900,20000,0.0050,24,82
No amount multiplier,180,0.4500,0.8100,20000,0.0050,24,82
No Benford diversity scaling,180,0.4944,0.8900,20000,0.0050,24,82
Ceiling (flagged lines),180,0.5556,1.0000,20000,0.0050,24,82
Risk score,190,0.4684,0.8900,20000,0.0050,24,82
Number of tests hit,190,0.4211,0.8000,20000,0.0050,24,82
Amount only,190,0.2474,0.4700,20000,0.0050,24,82
Random flagged lines,190,0.0474,0.0900,20000,0.0050,24,82
Isolation Forest,190,0.3526,0.6700,20000,0.0050,24,82
Rarity only (priors = 1),190,0.4684,0.8900,20000,0.0050,24,82
Priors only (no rarity),190,0.4368,0.8300,20000,0.0050,24,82
Date tests not collapsed,190,0.4684,0.8900,20000,0.0050,24,82
No amount multiplier,190,0.4263,0.8100,20000,0.0050,24,82
No Benford diversity scaling,190,0.4684,0.8900,20000,0.0050,24,82
Ceiling (flagged lines),190,0.5263,1.0000,20000,0.0050,24,82
Risk score,200,0.4450,0.8900,20000,0.0050,24,82
Number of tests hit,200,0.4000,0.8000,20000,0.0050,24,82
Amount only,200,0.2500,0.5000,20000,0.0050,24,82
Random flagged lines,200,0.0450,0.0900,20000,0.0050,24,82
Isolation Forest,200,0.3350,0.6700,20000,0.0050,24,82
Rarity only (priors = 1),200,0.4450,0.8900,20000,0.0050,24,82
Priors only (no rarity),200,0.4150,0.8300,20000,0.0050,24,82
Date tests not collapsed,200,0.4450,0.8900,20000,0.0050,24,82
No amount multiplier,200,0.4050,0.8100,20000,0.0050,24,82
No Benford diversity scaling,200,0.4450,0.8900,20000,0.0050,24,82
Ceiling (flagged lines),200,0.5000,1.0000,20000,0.0050,24,82
Risk score,210,0.4333,0.9100,20000,0.0050,24,82
Number of tests hit,210,0.3810,0.8000,20000,0.0050,24,82
Amount only,210,0.2429,0.5100,20000,0.0050,24,82
Random flagged lines,210,0.0429,0.0900,20000,0.0050,24,82
Isolation Forest,210,0.3190,0.6700,20000,0.0050,24,82
Rarity only (priors = 1),210,0.4238,0.8900,20000,0.0050,24,82
Priors only (no rarity),210,0.3952,0.8300,20000,0.0050,24,82
Date tests not collapsed,210,0.4333,0.9100,20000,0.0050,24,82
No amount multiplier,210,0.3952,0.8300,20000,0.0050,24,82
No Benford diversity scaling,210,0.4333,0.9100,20000,0.0050,24,82
Ceiling (flagged lines),210,0.4762,1.0000,20000,0.0050,24,82
Risk score,220,0.4136,0.9100,20000,0.0050,24,82
Number of tests hit,220,0.3636,0.8000,20000,0.0050,24,82
Amount only,220,0.2409,0.5300,20000,0.0050,24,82
Random flagged lines,220,0.0409,0.0900,20000,0.0050,24,82
Isolation Forest,220,0.3091,0.6800,20000,0.0050,24,82
Rarity only (priors = 1),220,0.4091,0.9000,20000,0.0050,24,82
Priors only (no rarity),220,0.3773,0.8300,20000,0.0050,24,82
Date tests not collapsed,220,0.4136,0.9100,20000,0.0050,24,82
No amount multiplier,220,0.3773,0.8300,20000,0.0050,24,82
No Benford diversity scaling,220,0.4136,0.9100,20000,0.0050,24,82
Ceiling (flagged lines),220,0.4545,1.0000,20000,0.0050,24,82
Risk score,230,0.3957,0.9100,20000,0.0050,24,82
Number of tests hit,230,0.3478,0.8000,20000,0.0050,24,82
Amount only,230,0.2304,0.5300,20000,0.0050,24,82
Random flagged lines,230,0.0391,0.0900,20000,0.0050,24,82
Isolation Forest,230,0.2957,0.6800,20000,0.0050,24,82
Rarity only (priors = 1),230,0.3913,0.9000,20000,0.0050,24,82
Priors only (no rarity),230,0.3609,0.8300,20000,0.0050,24,82
Date tests not collapsed,230,0.3957,0.9100,20000,0.0050,24,82
No amount multiplier,230,0.3696,0.8500,20000,0.0050,24,82
No Benford diversity scaling,230,0.3957,0.9100,20000,0.0050,24,82
Ceiling (flagged lines),230,0.4348,1.0000,20000,0.0050,24,82
Risk score,240,0.3792,0.9100,20000,0.0050,24,82
Number of tests hit,240,0.3333,0.8000,20000,0.0050,24,82
Amount only,240,0.2250,0.5400,20000,0.0050,24,82
Random flagged lines,240,0.0375,0.0900,20000,0.0050,24,82
Isolation Forest,240,0.2833,0.6800,20000,0.0050,24,82
Rarity only (priors = 1),240,0.3833,0.9200,20000,0.0050,24,82
Priors only (no rarity),240,0.3458,0.8300,20000,0.0050,24,82
Date tests not collapsed,240,0.3792,0.9100,20000,0.0050,24,82
No amount multiplier,240,0.3625,0.8700,20000,0.0050,24,82
No Benford diversity scaling,240,0.3792,0.9100,20000,0.0050,24,82
Ceiling (flagged lines),240,0.4167,1.0000,20000,0.0050,24,82
Risk score,250,0.3640,0.9100,20000,0.0050,24,82
Number of tests hit,250,0.3200,0.8000,20000,0.0050,24,82
Amount only,250,0.2240,0.5600,20000,0.0050,24,82
Random flagged lines,250,0.0360,0.0900,20000,0.0050,24,82
Isolation Forest,250,0.2720,0.6800,20000,0.0050,24,82
Rarity only (priors = 1),250,0.3720,0.9300,20000,0.0050,24,82
Priors only (no rarity),250,0.3320,0.8300,20000,0.0050,24,82
Date tests not collapsed,250,0.3640,0.9100,20000,0.0050,24,82
No amount multiplier,250,0.3480,0.8700,20000,0.0050,24,82
No Benford diversity scaling,250,0.3640,0.9100,20000,0.0050,24,82
Ceiling (flagged lines),250,0.4000,1.0000,20000,0.0050,24,82
Risk score,260,0.3500,0.9100,20000,0.0050,24,82
Number of tests hit,260,0.3077,0.8000,20000,0.0050,24,82
Amount only,260,0.2192,0.5700,20000,0.0050,24,82
Random flagged lines,260,0.0385,0.1000,20000,0.0050,24,82
Isolation Forest,260,0.2654,0.6900,20000,0.0050,24,82
Rarity only (priors = 1),260,0.3615,0.9400,20000,0.0050,24,82
Priors only (no rarity),260,0.3192,0.8300,20000,0.0050,24,82
Date tests not collapsed,260,0.3500,0.9100,20000,0.0050,24,82
No amount multiplier,260,0.3346,0.8700,20000,0.0050,24,82
No Benford diversity scaling,260,0.3500,0.9100,20000,0.0050,24,82
Ceiling (flagged lines),260,0.3846,1.0000,20000,0.0050,24,82
Risk score,270,0.3370,0.9100,20000,0.0050,24,82
Number of tests hit,270,0.2963,0.8000,20000,0.0050,24,82
Amount only,270,0.2111,0.5700,20000,0.0050,24,82
Random flagged lines,270,0.0370,0.1000,20000,0.0050,24,82
Isolation Forest,270,0.2593,0.7000,20000,0.0050,24,82
Rarity only (priors = 1),270,0.3481,0.9400,20000,0.0050,24,82
Priors only (no rarity),270,0.3074,0.8300,20000,0.0050,24,82
Date tests not collapsed,270,0.3370,0.9100,20000,0.0050,24,82
No amount multiplier,270,0.3222,0.8700,20000,0.0050,24,82
No Benford diversity scaling,270,0.3370,0.9100,20000,0.0050,24,82
Ceiling (flagged lines),270,0.3704,1.0000,20000,0.0050,24,82
Risk score,280,0.3250,0.9100,20000,0.0050,24,82
Number of tests hit,280,0.2857,0.8000,20000,0.0050,24,82
Amount only,280,0.2036,0.5700,20000,0.0050,24,82
Random flagged lines,280,0.0393,0.1100,20000,0.0050,24,82
Isolation Forest,280,0.2500,0.7000,20000,0.0050,24,82
Rarity only (priors = 1),280,0.3357,0.9400,20000,0.0050,24,82
Priors only (no rarity),280,0.2964,0.8300,20000,0.0050,24,82
Date tests not collapsed,280,0.3250,0.9100,20000,0.0050,24,82
No amount multiplier,280,0.3107,0.8700,20000,0.0050,24,82
No Benford diversity scaling,280,0.3250,0.9100,20000,0.0050,24,82
Ceiling (flagged lines),280,0.3571,1.0000,20000,0.0050,24,82
Risk score,290,0.3138,0.9100,20000,0.0050,24,82
Number of tests hit,290,0.2759,0.8000,20000,0.0050,24,82
Amount only,290,0.2000,0.5800,20000,0.0050,24,82
Random flagged lines,290,0.0379,0.1100,20000,0.0050,24,82
Isolation Forest,290,0.2414,0.7000,20000,0.0050,24,82
Rarity only (priors = 1),290,0.3241,0.9400,20000,0.0050,24,82
Priors only (no rarity),290,0.2862,0.8300,20000,0.0050,24,82
Date tests not collapsed,290,0.3138,0.9100,20000,0.0050,24,82
No amount multiplier,290,0.3000,0.8700,20000,0.0050,24,82
No Benford diversity scaling,290,0.3138,0.9100,20000,0.0050,24,82
Ceiling (flagged lines),290,0.3448,1.0000,20000,0.0050,24,82
Risk score,300,0.3033,0.9100,20000,0.0050,24,82
Number of tests hit,300,0.2667,0.8000,20000,0.0050,24,82
Amount only,300,0.1933,0.5800,20000,0.0050,24,82
Random flagged lines,300,0.0367,0.1100,20000,0.0050,24,82
Isolation Forest,300,0.2333,0.7000,20000,0.0050,24,82
Rarity only (priors = 1),300,0.3167,0.9500,20000,0.0050,24,82
Priors only (no rarity),300,0.2767,0.8300,20000,0.0050,24,82
Date tests not collapsed,300,0.3033,0.9100,20000,0.0050,24,82
No amount multiplier,300,0.2900,0.8700,20000,0.0050,24,82
No Benford diversity scaling,300,0.3033,0.9100,20000,0.0050,24,82
Ceiling (flagged lines),300,0.3333,1.0000,20000,0.0050,24,82
Risk score,10,1.0000,0.1000,20000,0.0050,25,82
Number of tests hit,10,1.0000,0.1000,20000,0.0050,25,82
Amount only,10,0.9000,0.0900,20000,0.0050,25,82
Random flagged lines,10,0.0000,0.0000,20000,0.0050,25,82
Isolation Forest,10,1.0000,0.1000,20000,0.0050,25,82
Rarity only (priors = 1),10,1.0000,0.1000,20000,0.0050,25,82
Priors only (no rarity),10,1.0000,0.1000,20000,0.0050,25,82
Date tests not collapsed,10,1.0000,0.1000,20000,0.0050,25,82
No amount multiplier,10,1.0000,0.1000,20000,0.0050,25,82
No Benford diversity scaling,10,1.0000,0.1000,20000,0.0050,25,82
Ceiling (flagged lines),10,1.0000,1.0000,20000,0.0050,25,82
Risk score,20,1.0000,0.2000,20000,0.0050,25,82
Number of tests hit,20,1.0000,0.2000,20000,0.0050,25,82
Amount only,20,0.8000,0.1600,20000,0.0050,25,82
Random flagged lines,20,0.0000,0.0000,20000,0.0050,25,82
Isolation Forest,20,1.0000,0.2000,20000,0.0050,25,82
Rarity only (priors = 1),20,1.0000,0.2000,20000,0.0050,25,82
Priors only (no rarity),20,1.0000,0.2000,20000,0.0050,25,82
Date tests not collapsed,20,1.0000,0.2000,20000,0.0050,25,82
No amount multiplier,20,1.0000,0.2000,20000,0.0050,25,82
No Benford diversity scaling,20,1.0000,0.2000,20000,0.0050,25,82
Ceiling (flagged lines),20,1.0000,1.0000,20000,0.0050,25,82
Risk score,30,1.0000,0.3000,20000,0.0050,25,82
Number of tests hit,30,1.0000,0.3000,20000,0.0050,25,82
Amount only,30,0.7000,0.2100,20000,0.0050,25,82
Random flagged lines,30,0.0000,0.0000,20000,0.0050,25,82
Isolation Forest,30,0.9333,0.2800,20000,0.0050,25,82
Rarity only (priors = 1),30,1.0000,0.3000,20000,0.0050,25,82
Priors only (no rarity),30,1.0000,0.3000,20000,0.0050,25,82
Date tests not collapsed,30,1.0000,0.3000,20000,0.0050,25,82
No amount multiplier,30,1.0000,0.3000,20000,0.0050,25,82
No Benford diversity scaling,30,1.0000,0.3000,20000,0.0050,25,82
Ceiling (flagged lines),30,1.0000,1.0000,20000,0.0050,25,82
Risk score,40,1.0000,0.4000,20000,0.0050,25,82
Number of tests hit,40,0.9750,0.3900,20000,0.0050,25,82
Amount only,40,0.6250,0.2500,20000,0.0050,25,82
Random flagged lines,40,0.0250,0.0100,20000,0.0050,25,82
Isolation Forest,40,0.8500,0.3400,20000,0.0050,25,82
Rarity only (priors = 1),40,1.0000,0.4000,20000,0.0050,25,82
Priors only (no rarity),40,0.9750,0.3900,20000,0.0050,25,82
Date tests not collapsed,40,1.0000,0.4000,20000,0.0050,25,82
No amount multiplier,40,1.0000,0.4000,20000,0.0050,25,82
No Benford diversity scaling,40,1.0000,0.4000,20000,0.0050,25,82
Ceiling (flagged lines),40,1.0000,1.0000,20000,0.0050,25,82
Risk score,50,0.9800,0.4900,20000,0.0050,25,82
Number of tests hit,50,0.9000,0.4500,20000,0.0050,25,82
Amount only,50,0.6000,0.3000,20000,0.0050,25,82
Random flagged lines,50,0.0400,0.0200,20000,0.0050,25,82
Isolation Forest,50,0.8800,0.4400,20000,0.0050,25,82
Rarity only (priors = 1),50,1.0000,0.5000,20000,0.0050,25,82
Priors only (no rarity),50,0.9400,0.4700,20000,0.0050,25,82
Date tests not collapsed,50,0.9800,0.4900,20000,0.0050,25,82
No amount multiplier,50,0.9600,0.4800,20000,0.0050,25,82
No Benford diversity scaling,50,0.9800,0.4900,20000,0.0050,25,82
Ceiling (flagged lines),50,1.0000,1.0000,20000,0.0050,25,82
Risk score,60,0.9667,0.5800,20000,0.0050,25,82
Number of tests hit,60,0.8833,0.5300,20000,0.0050,25,82
Amount only,60,0.5333,0.3200,20000,0.0050,25,82
Random flagged lines,60,0.0333,0.0200,20000,0.0050,25,82
Isolation Forest,60,0.8333,0.5000,20000,0.0050,25,82
Rarity only (priors = 1),60,0.9833,0.5900,20000,0.0050,25,82
Priors only (no rarity),60,0.9333,0.5600,20000,0.0050,25,82
Date tests not collapsed,60,0.9667,0.5800,20000,0.0050,25,82
No amount multiplier,60,0.9500,0.5700,20000,0.0050,25,82
No Benford diversity scaling,60,0.9667,0.5800,20000,0.0050,25,82
Ceiling (flagged lines),60,1.0000,1.0000,20000,0.0050,25,82
Risk score,70,0.9429,0.6600,20000,0.0050,25,82
Number of tests hit,70,0.9000,0.6300,20000,0.0050,25,82
Amount only,70,0.4857,0.3400,20000,0.0050,25,82
Random flagged lines,70,0.0286,0.0200,20000,0.0050,25,82
Isolation Forest,70,0.7857,0.5500,20000,0.0050,25,82
Rarity only (priors = 1),70,0.9429,0.6600,20000,0.0050,25,82
Priors only (no rarity),70,0.8429,0.5900,20000,0.0050,25,82
Date tests not collapsed,70,0.9429,0.6600,20000,0.0050,25,82
No amount multiplier,70,0.8571,0.6000,20000,0.0050,25,82
No Benford diversity scaling,70,0.9429,0.6600,20000,0.0050,25,82
Ceiling (flagged lines),70,1.0000,1.0000,20000,0.0050,25,82
Risk score,80,0.8625,0.6900,20000,0.0050,25,82
Number of tests hit,80,0.8375,0.6700,20000,0.0050,25,82
Amount only,80,0.4500,0.3600,20000,0.0050,25,82
Random flagged lines,80,0.0250,0.0200,20000,0.0050,25,82
Isolation Forest,80,0.7250,0.5800,20000,0.0050,25,82
Rarity only (priors = 1),80,0.9000,0.7200,20000,0.0050,25,82
Priors only (no rarity),80,0.7875,0.6300,20000,0.0050,25,82
Date tests not collapsed,80,0.8625,0.6900,20000,0.0050,25,82
No amount multiplier,80,0.8500,0.6800,20000,0.0050,25,82
No Benford diversity scaling,80,0.8625,0.6900,20000,0.0050,25,82
Ceiling (flagged lines),80,1.0000,1.0000,20000,0.0050,25,82
Risk score,82,0.8659,0.7100,20000,0.0050,25,82
Number of tests hit,82,0.8171,0.6700,20000,0.0050,25,82
Amount only,82,0.4390,0.3600,20000,0.0050,25,82
Random flagged lines,82,0.0244,0.0200,20000,0.0050,25,82
Isolation Forest,82,0.7073,0.5800,20000,0.0050,25,82
Rarity only (priors = 1),82,0.9024,0.7400,20000,0.0050,25,82
Priors only (no rarity),82,0.7805,0.6400,20000,0.0050,25,82
Date tests not collapsed,82,0.8659,0.7100,20000,0.0050,25,82
No amount multiplier,82,0.8415,0.6900,20000,0.0050,25,82
No Benford diversity scaling,82,0.8659,0.7100,20000,0.0050,25,82
Ceiling (flagged lines),82,1.0000,1.0000,20000,0.0050,25,82
Risk score,90,0.8667,0.7800,20000,0.0050,25,82
Number of tests hit,90,0.7667,0.6900,20000,0.0050,25,82
Amount only,90,0.4111,0.3700,20000,0.0050,25,82
Random flagged lines,90,0.0222,0.0200,20000,0.0050,25,82
Isolation Forest,90,0.6889,0.6200,20000,0.0050,25,82
Rarity only (priors = 1),90,0.8556,0.7700,20000,0.0050,25,82
Priors only (no rarity),90,0.7556,0.6800,20000,0.0050,25,82
Date tests not collapsed,90,0.8667,0.7800,20000,0.0050,25,82
No amount multiplier,90,0.7667,0.6900,20000,0.0050,25,82
No Benford diversity scaling,90,0.8667,0.7800,20000,0.0050,25,82
Ceiling (flagged lines),90,1.0000,1.0000,20000,0.0050,25,82
Risk score,100,0.8100,0.8100,20000,0.0050,25,82
Number of tests hit,100,0.7500,0.7500,20000,0.0050,25,82
Amount only,100,0.4000,0.4000,20000,0.0050,25,82
Random flagged lines,100,0.0200,0.0200,20000,0.0050,25,82
Isolation Forest,100,0.6300,0.6300,20000,0.0050,25,82
Rarity only (priors = 1),100,0.8000,0.8000,20000,0.0050,25,82
Priors only (no rarity),100,0.7000,0.7000,20000,0.0050,25,82
Date tests not collapsed,100,0.8100,0.8100,20000,0.0050,25,82
No amount multiplier,100,0.7000,0.7000,20000,0.0050,25,82
No Benford diversity scaling,100,0.8100,0.8100,20000,0.0050,25,82
Ceiling (flagged lines),100,1.0000,1.0000,20000,0.0050,25,82
Risk score,110,0.7364,0.8100,20000,0.0050,25,82
Number of tests hit,110,0.6818,0.7500,20000,0.0050,25,82
Amount only,110,0.3818,0.4200,20000,0.0050,25,82
Random flagged lines,110,0.0182,0.0200,20000,0.0050,25,82
Isolation Forest,110,0.5818,0.6400,20000,0.0050,25,82
Rarity only (priors = 1),110,0.7727,0.8500,20000,0.0050,25,82
Priors only (no rarity),110,0.6636,0.7300,20000,0.0050,25,82
Date tests not collapsed,110,0.7364,0.8100,20000,0.0050,25,82
No amount multiplier,110,0.6364,0.7000,20000,0.0050,25,82
No Benford diversity scaling,110,0.7364,0.8100,20000,0.0050,25,82
Ceiling (flagged lines),110,0.9091,1.0000,20000,0.0050,25,82
Risk score,120,0.7000,0.8400,20000,0.0050,25,82
Number of tests hit,120,0.6417,0.7700,20000,0.0050,25,82
Amount only,120,0.3917,0.4700,20000,0.0050,25,82
Random flagged lines,120,0.0167,0.0200,20000,0.0050,25,82
Isolation Forest,120,0.5333,0.6400,20000,0.0050,25,82
Rarity only (priors = 1),120,0.7083,0.8500,20000,0.0050,25,82
Priors only (no rarity),120,0.6083,0.7300,20000,0.0050,25,82
Date tests not collapsed,120,0.6917,0.8300,20000,0.0050,25,82
No amount multiplier,120,0.5917,0.7100,20000,0.0050,25,82
No Benford diversity scaling,120,0.7000,0.8400,20000,0.0050,25,82
Ceiling (flagged lines),120,0.8333,1.0000,20000,0.0050,25,82
Risk score,130,0.6692,0.8700,20000,0.0050,25,82
Number of tests hit,130,0.5923,0.7700,20000,0.0050,25,82
Amount only,130,0.3692,0.4800,20000,0.0050,25,82
Random flagged lines,130,0.0231,0.0300,20000,0.0050,25,82
Isolation Forest,130,0.4923,0.6400,20000,0.0050,25,82
Rarity only (priors = 1),130,0.6692,0.8700,20000,0.0050,25,82
Priors only (no rarity),130,0.5692,0.7400,20000,0.0050,25,82
Date tests not collapsed,130,0.6692,0.8700,20000,0.0050,25,82
No amount multiplier,130,0.5692,0.7400,20000,0.0050,25,82
No Benford diversity scaling,130,0.6692,0.8700,20000,0.0050,25,82
Ceiling (flagged lines),130,0.7692,1.0000,20000,0.0050,25,82
Risk score,140,0.6357,0.8900,20000,0.0050,25,82
Number of tests hit,140,0.5500,0.7700,20000,0.0050,25,82
Amount only,140,0.3429,0.4800,20000,0.0050,25,82
Random flagged lines,140,0.0286,0.0400,20000,0.0050,25,82
Isolation Forest,140,0.4643,0.6500,20000,0.0050,25,82
Rarity only (priors = 1),140,0.6429,0.9000,20000,0.0050,25,82
Priors only (no rarity),140,0.5500,0.7700,20000,0.0050,25,82
Date tests not collapsed,140,0.6357,0.8900,20000,0.0050,25,82
No amount multiplier,140,0.5357,0.7500,20000,0.0050,25,82
No Benford diversity scaling,140,0.6357,0.8900,20000,0.0050,25,82
Ceiling (flagged lines),140,0.7143,1.0000,20000,0.0050,25,82
Risk score,150,0.6000,0.9000,20000,0.0050,25,82
Number of tests hit,150,0.5133,0.7700,20000,0.0050,25,82
Amount only,150,0.3267,0.4900,20000,0.0050,25,82
Random flagged lines,150,0.0267,0.0400,20000,0.0050,25,82
Isolation Forest,150,0.4533,0.6800,20000,0.0050,25,82
Rarity only (priors = 1),150,0.6067,0.9100,20000,0.0050,25,82
Priors only (no rarity),150,0.5133,0.7700,20000,0.0050,25,82
Date tests not collapsed,150,0.6000,0.9000,20000,0.0050,25,82
No amount multiplier,150,0.5000,0.7500,20000,0.0050,25,82
No Benford diversity scaling,150,0.6000,0.9000,20000,0.0050,25,82
Ceiling (flagged lines),150,0.6667,1.0000,20000,0.0050,25,82
Risk score,160,0.5687,0.9100,20000,0.0050,25,82
Number of tests hit,160,0.4813,0.7700,20000,0.0050,25,82
Amount only,160,0.3063,0.4900,20000,0.0050,25,82
Random flagged lines,160,0.0250,0.0400,20000,0.0050,25,82
Isolation Forest,160,0.4375,0.7000,20000,0.0050,25,82
Rarity only (priors = 1),160,0.5687,0.9100,20000,0.0050,25,82
Priors only (no rarity),160,0.4875,0.7800,20000,0.0050,25,82
Date tests not collapsed,160,0.5687,0.9100,20000,0.0050,25,82
No amount multiplier,160,0.4688,0.7500,20000,0.0050,25,82
No Benford diversity scaling,160,0.5687,0.9100,20000,0.0050,25,82
Ceiling (flagged lines),160,0.6250,1.0000,20000,0.0050,25,82
Risk score,170,0.5471,0.9300,20000,0.0050,25,82
Number of tests hit,170,0.4529,0.7700,20000,0.0050,25,82
Amount only,170,0.2941,0.5000,20000,0.0050,25,82
Random flagged lines,170,0.0235,0.0400,20000,0.0050,25,82
Isolation Forest,170,0.4118,0.7000,20000,0.0050,25,82
Rarity only (priors = 1),170,0.5353,0.9100,20000,0.0050,25,82
Priors only (no rarity),170,0.4647,0.7900,20000,0.0050,25,82
Date tests not collapsed,170,0.5471,0.9300,20000,0.0050,25,82
No amount multiplier,170,0.4412,0.7500,20000,0.0050,25,82
No Benford diversity scaling,170,0.5471,0.9300,20000,0.0050,25,82
Ceiling (flagged lines),170,0.5882,1.0000,20000,0.0050,25,82
Risk score,180,0.5167,0.9300,20000,0.0050,25,82
Number of tests hit,180,0.4278,0.7700,20000,0.0050,25,82
Amount only,180,0.2833,0.5100,20000,0.0050,25,82
Random flagged lines,180,0.0222,0.0400,20000,0.0050,25,82
Isolation Forest,180,0.3944,0.7100,20000,0.0050,25,82
Rarity only (priors = 1),180,0.5056,0.9100,20000,0.0050,25,82
Priors only (no rarity),180,0.4389,0.7900,20000,0.0050,25,82
Date tests not collapsed,180,0.5167,0.9300,20000,0.0050,25,82
No amount multiplier,180,0.4167,0.7500,20000,0.0050,25,82
No Benford diversity scaling,180,0.5167,0.9300,20000,0.0050,25,82
Ceiling (flagged lines),180,0.5556,1.0000,20000,0.0050,25,82
Risk score,190,0.4895,0.9300,20000,0.0050,25,82
Number of tests hit,190,0.4053,0.7700,20000,0.0050,25,82
Amount only,190,0.2684,0.5100,20000,0.0050,25,82
Random flagged lines,190,0.0211,0.0400,20000,0.0050,25,82
Isolation Forest,190,0.3789,0.7200,20000,0.0050,25,82
Rarity only (priors = 1),190,0.4789,0.9100,20000,0.0050,25,82
Priors only (no rarity),190,0.4158,0.7900,20000,0.0050,25,82
Date tests not collapsed,190,0.4895,0.9300,20000,0.0050,25,82
No amount multiplier,190,0.3947,0.7500,20000,0.0050,25,82
No Benford diversity scaling,190,0.4895,0.9300,20000,0.0050,25,82
Ceiling (flagged lines),190,0.5263,1.0000,20000,0.0050,25,82
Risk score,200,0.4650,0.9300,20000,0.0050,25,82
Number of tests hit,200,0.3850,0.7700,20000,0.0050,25,82
Amount only,200,0.2550,0.5100,20000,0.0050,25,82
Random flagged lines,200,0.0200,0.0400,20000,0.0050,25,82
Isolation Forest,200,0.3700,0.7400,20000,0.0050,25,82
Rarity only (priors = 1),200,0.4550,0.9100,20000,0.0050,25,82
Priors only (no rarity),200,0.4000,0.8000,20000,0.0050,25,82
Date tests not collapsed,200,0.4650,0.9300,20000,0.0050,25,82
No amount multiplier,200,0.3750,0.7500,20000,0.0050,25,82
No Benford diversity scaling,200,0.4650,0.9300,20000,0.0050,25,82
Ceiling (flagged lines),200,0.5000,1.0000,20000,0.0050,25,82
Risk score,210,0.4429,0.9300,20000,0.0050,25,82
Number of tests hit,210,0.3667,0.7700,20000,0.0050,25,82
Amount only,210,0.2429,0.5100,20000,0.0050,25,82
Random flagged lines,210,0.0190,0.0400,20000,0.0050,25,82
Isolation Forest,210,0.3571,0.7500,20000,0.0050,25,82
Rarity only (priors = 1),210,0.4333,0.9100,20000,0.0050,25,82
Priors only (no rarity),210,0.3810,0.8000,20000,0.0050,25,82
Date tests not collapsed,210,0.4429,0.9300,20000,0.0050,25,82
No amount multiplier,210,0.3571,0.7500,20000,0.0050,25,82
No Benford diversity scaling,210,0.4429,0.9300,20000,0.0050,25,82
Ceiling (flagged lines),210,0.4762,1.0000,20000,0.0050,25,82
Risk score,220,0.4227,0.9300,20000,0.0050,25,82
Number of tests hit,220,0.3500,0.7700,20000,0.0050,25,82
Amount only,220,0.2318,0.5100,20000,0.0050,25,82
Random flagged lines,220,0.0182,0.0400,20000,0.0050,25,82
Isolation Forest,220,0.3455,0.7600,20000,0.0050,25,82
Rarity only (priors = 1),220,0.4136,0.9100,20000,0.0050,25,82
Priors only (no rarity),220,0.3636,0.8000,20000,0.0050,25,82
Date tests not collapsed,220,0.4227,0.9300,20000,0.0050,25,82
No amount multiplier,220,0.3409,0.7500,20000,0.0050,25,82
No Benford diversity scaling,220,0.4227,0.9300,20000,0.0050,25,82
Ceiling (flagged lines),220,0.4545,1.0000,20000,0.0050,25,82
Risk score,230,0.4043,0.9300,20000,0.0050,25,82
Number of tests hit,230,0.3348,0.7700,20000,0.0050,25,82
Amount only,230,0.2304,0.5300,20000,0.0050,25,82
Random flagged lines,230,0.0174,0.0400,20000,0.0050,25,82
Isolation Forest,230,0.3304,0.7600,20000,0.0050,25,82
Rarity only (priors = 1),230,0.3957,0.9100,20000,0.0050,25,82
Priors only (no rarity),230,0.3478,0.8000,20000,0.0050,25,82
Date tests not collapsed,230,0.4043,0.9300,20000,0.0050,25,82
No amount multiplier,230,0.3304,0.7600,20000,0.0050,25,82
No Benford diversity scaling,230,0.4043,0.9300,20000,0.0050,25,82
Ceiling (flagged lines),230,0.4348,1.0000,20000,0.0050,25,82
Risk score,240,0.3875,0.9300,20000,0.0050,25,82
Number of tests hit,240,0.3208,0.7700,20000,0.0050,25,82
Amount only,240,0.2208,0.5300,20000,0.0050,25,82
Random flagged lines,240,0.0167,0.0400,20000,0.0050,25,82
Isolation Forest,240,0.3208,0.7700,20000,0.0050,25,82
Rarity only (priors = 1),240,0.3792,0.9100,20000,0.0050,25,82
Priors only (no rarity),240,0.3417,0.8200,20000,0.0050,25,82
Date tests not collapsed,240,0.3875,0.9300,20000,0.0050,25,82
No amount multiplier,240,0.3375,0.8100,20000,0.0050,25,82
No Benford diversity scaling,240,0.3875,0.9300,20000,0.0050,25,82
Ceiling (flagged lines),240,0.4167,1.0000,20000,0.0050,25,82
Risk score,250,0.3720,0.9300,20000,0.0050,25,82
Number of tests hit,250,0.3080,0.7700,20000,0.0050,25,82
Amount only,250,0.2120,0.5300,20000,0.0050,25,82
Random flagged lines,250,0.0160,0.0400,20000,0.0050,25,82
Isolation Forest,250,0.3080,0.7700,20000,0.0050,25,82
Rarity only (priors = 1),250,0.3640,0.9100,20000,0.0050,25,82
Priors only (no rarity),250,0.3280,0.8200,20000,0.0050,25,82
Date tests not collapsed,250,0.3720,0.9300,20000,0.0050,25,82
No amount multiplier,250,0.3400,0.8500,20000,0.0050,25,82
No Benford diversity scaling,250,0.3720,0.9300,20000,0.0050,25,82
Ceiling (flagged lines),250,0.4000,1.0000,20000,0.0050,25,82
Risk score,260,0.3577,0.9300,20000,0.0050,25,82
Number of tests hit,260,0.2962,0.7700,20000,0.0050,25,82
Amount only,260,0.2038,0.5300,20000,0.0050,25,82
Random flagged lines,260,0.0154,0.0400,20000,0.0050,25,82
Isolation Forest,260,0.2962,0.7700,20000,0.0050,25,82
Rarity only (priors = 1),260,0.3654,0.9500,20000,0.0050,25,82
Priors only (no rarity),260,0.3154,0.8200,20000,0.0050,25,82
Date tests not collapsed,260,0.3577,0.9300,20000,0.0050,25,82
No amount multiplier,260,0.3269,0.8500,20000,0.0050,25,82
No Benford diversity scaling,260,0.3577,0.9300,20000,0.0050,25,82
Ceiling (flagged lines),260,0.3846,1.0000,20000,0.0050,25,82
Risk score,270,0.3444,0.9300,20000,0.0050,25,82
Number of tests hit,270,0.2852,0.7700,20000,0.0050,25,82
Amount only,270,0.1963,0.5300,20000,0.0050,25,82
Random flagged lines,270,0.0148,0.0400,20000,0.0050,25,82
Isolation Forest,270,0.2852,0.7700,20000,0.0050,25,82
Rarity only (priors = 1),270,0.3519,0.9500,20000,0.0050,25,82
Priors only (no rarity),270,0.3037,0.8200,20000,0.0050,25,82
Date tests not collapsed,270,0.3444,0.9300,20000,0.0050,25,82
No amount multiplier,270,0.3148,0.8500,20000,0.0050,25,82
No Benford diversity scaling,270,0.3444,0.9300,20000,0.0050,25,82
Ceiling (flagged lines),270,0.3704,1.0000,20000,0.0050,25,82
Risk score,280,0.3393,0.9500,20000,0.0050,25,82
Number of tests hit,280,0.2750,0.7700,20000,0.0050,25,82
Amount only,280,0.1893,0.5300,20000,0.0050,25,82
Random flagged lines,280,0.0179,0.0500,20000,0.0050,25,82
Isolation Forest,280,0.2786,0.7800,20000,0.0050,25,82
Rarity only (priors = 1),280,0.3393,0.9500,20000,0.0050,25,82
Priors only (no rarity),280,0.2964,0.8300,20000,0.0050,25,82
Date tests not collapsed,280,0.3393,0.9500,20000,0.0050,25,82
No amount multiplier,280,0.3036,0.8500,20000,0.0050,25,82
No Benford diversity scaling,280,0.3393,0.9500,20000,0.0050,25,82
Ceiling (flagged lines),280,0.3571,1.0000,20000,0.0050,25,82
Risk score,290,0.3276,0.9500,20000,0.0050,25,82
Number of tests hit,290,0.2655,0.7700,20000,0.0050,25,82
Amount only,290,0.1828,0.5300,20000,0.0050,25,82
Random flagged lines,290,0.0207,0.0600,20000,0.0050,25,82
Isolation Forest,290,0.2724,0.7900,20000,0.0050,25,82
Rarity only (priors = 1),290,0.3276,0.9500,20000,0.0050,25,82
Priors only (no rarity),290,0.2897,0.8400,20000,0.0050,25,82
Date tests not collapsed,290,0.3276,0.9500,20000,0.0050,25,82
No amount multiplier,290,0.2931,0.8500,20000,0.0050,25,82
No Benford diversity scaling,290,0.3276,0.9500,20000,0.0050,25,82
Ceiling (flagged lines),290,0.3448,1.0000,20000,0.0050,25,82
Risk score,300,0.3167,0.9500,20000,0.0050,25,82
Number of tests hit,300,0.2567,0.7700,20000,0.0050,25,82
Amount only,300,0.1900,0.5700,20000,0.0050,25,82
Random flagged lines,300,0.0200,0.0600,20000,0.0050,25,82
Isolation Forest,300,0.2633,0.7900,20000,0.0050,25,82
Rarity only (priors = 1),300,0.3167,0.9500,20000,0.0050,25,82
Priors only (no rarity),300,0.2867,0.8600,20000,0.0050,25,82
Date tests not collapsed,300,0.3167,0.9500,20000,0.0050,25,82
No amount multiplier,300,0.2833,0.8500,20000,0.0050,25,82
No Benford diversity scaling,300,0.3167,0.9500,20000,0.0050,25,82
Ceiling (flagged lines),300,0.3333,1.0000,20000,0.0050,25,82
Risk score,10,1.0000,0.1000,20000,0.0050,26,82
Number of tests hit,10,1.0000,0.1000,20000,0.0050,26,82
Amount only,10,0.3000,0.0300,20000,0.0050,26,82
Random flagged lines,10,0.0000,0.0000,20000,0.0050,26,82
Isolation Forest,10,0.9000,0.0900,20000,0.0050,26,82
Rarity only (priors = 1),10,1.0000,0.1000,20000,0.0050,26,82
Priors only (no rarity),10,1.0000,0.1000,20000,0.0050,26,82
Date tests not collapsed,10,1.0000,0.1000,20000,0.0050,26,82
No amount multiplier,10,1.0000,0.1000,20000,0.0050,26,82
No Benford diversity scaling,10,1.0000,0.1000,20000,0.0050,26,82
Ceiling (flagged lines),10,1.0000,1.0000,20000,0.0050,26,82
Risk score,20,1.0000,0.2000,20000,0.0050,26,82
Number of tests hit,20,1.0000,0.2000,20000,0.0050,26,82
Amount only,20,0.5500,0.1100,20000,0.0050,26,82
Random flagged lines,20,0.0500,0.0100,20000,0.0050,26,82
Isolation Forest,20,0.9000,0.1800,20000,0.0050,26,82
Rarity only (priors = 1),20,1.0000,0.2000,20000,0.0050,26,82
Priors only (no rarity),20,1.0000,0.2000,20000,0.0050,26,82
Date tests not collapsed,20,1.0000,0.2000,20000,0.0050,26,82
No amount multiplier,20,1.0000,0.2000,20000,0.0050,26,82
No Benford diversity scaling,20,1.0000,0.2000,20000,0.0050,26,82
Ceiling (flagged lines),20,1.0000,1.0000,20000,0.0050,26,82
Risk score,30,1.0000,0.3000,20000,0.0050,26,82
Number of tests hit,30,1.0000,0.3000,20000,0.0050,26,82
Amount only,30,0.5333,0.1600,20000,0.0050,26,82
Random flagged lines,30,0.0333,0.0100,20000,0.0050,26,82
Isolation Forest,30,0.8333,0.2500,20000,0.0050,26,82
Rarity only (priors = 1),30,1.0000,0.3000,20000,0.0050,26,82
Priors only (no rarity),30,1.0000,0.3000,20000,0.0050,26,82
Date tests not collapsed,30,1.0000,0.3000,20000,0.0050,26,82
No amount multiplier,30,1.0000,0.3000,20000,0.0050,26,82
No Benford diversity scaling,30,1.0000,0.3000,20000,0.0050,26,82
Ceiling (flagged lines),30,1.0000,1.0000,20000,0.0050,26,82
Risk score,40,1.0000,0.4000,20000,0.0050,26,82
Number of tests hit,40,1.0000,0.4000,20000,0.0050,26,82
Amount only,40,0.5000,0.2000,20000,0.0050,26,82
Random flagged lines,40,0.0250,0.0100,20000,0.0050,26,82
Isolation Forest,40,0.8500,0.3400,20000,0.0050,26,82
Rarity only (priors = 1),40,1.0000,0.4000,20000,0.0050,26,82
Priors only (no rarity),40,1.0000,0.4000,20000,0.0050,26,82
Date tests not collapsed,40,1.0000,0.4000,20000,0.0050,26,82
No amount multiplier,40,1.0000,0.4000,20000,0.0050,26,82
No Benford diversity scaling,40,1.0000,0.4000,20000,0.0050,26,82
Ceiling (flagged lines),40,1.0000,1.0000,20000,0.0050,26,82
Risk score,50,1.0000,0.5000,20000,0.0050,26,82
Number of tests hit,50,1.0000,0.5000,20000,0.0050,26,82
Amount only,50,0.5000,0.2500,20000,0.0050,26,82
Random flagged lines,50,0.0400,0.0200,20000,0.0050,26,82
Isolation Forest,50,0.8400,0.4200,20000,0.0050,26,82
Rarity only (priors = 1),50,1.0000,0.5000,20000,0.0050,26,82
Priors only (no rarity),50,1.0000,0.5000,20000,0.0050,26,82
Date tests not collapsed,50,1.0000,0.5000,20000,0.0050,26,82
No amount multiplier,50,1.0000,0.5000,20000,0.0050,26,82
No Benford diversity scaling,50,1.0000,0.5000,20000,0.0050,26,82
Ceiling (flagged lines),50,1.0000,1.0000,20000,0.0050,26,82
Risk score,60,1.0000,0.6000,20000,0.0050,26,82
Number of tests hit,60,0.8833,0.5300,20000,0.0050,26,82
Amount only,60,0.4333,0.2600,20000,0.0050,26,82
Random flagged lines,60,0.0333,0.0200,20000,0.0050,26,82
Isolation Forest,60,0.7667,0.4600,20000,0.0050,26,82
Rarity only (priors = 1),60,1.0000,0.6000,20000,0.0050,26,82
Priors only (no rarity),60,0.9333,0.5600,20000,0.0050,26,82
Date tests not collapsed,60,1.0000,0.6000,20000,0.0050,26,82
No amount multiplier,60,0.9667,0.5800,20000,0.0050,26,82
No Benford diversity scaling,60,1.0000,0.6000,20000,0.0050,26,82
Ceiling (flagged lines),60,1.0000,1.0000,20000,0.0050,26,82
Risk score,70,0.9429,0.6600,20000,0.0050,26,82
Number of tests hit,70,0.8857,0.6200,20000,0.0050,26,82
Amount only,70,0.3857,0.2700,20000,0.0050,26,82
Random flagged lines,70,0.0286,0.0200,20000,0.0050,26,82
Isolation Forest,70,0.7143,0.5000,20000,0.0050,26,82
Rarity only (priors = 1),70,0.9714,0.6800,20000,0.0050,26,82
Priors only (no rarity),70,0.9000,0.6300,20000,0.0050,26,82
Date tests not collapsed,70,0.9429,0.6600,20000,0.0050,26,82
No amount multiplier,70,0.9143,0.6400,20000,0.0050,26,82
No Benford diversity scaling,70,0.9429,0.6600,20000,0.0050,26,82
Ceiling (flagged lines),70,1.0000,1.0000,20000,0.0050,26,82
Risk score,80,0.9250,0.7400,20000,0.0050,26,82
Number of tests hit,80,0.8375,0.6700,20000,0.0050,26,82
Amount only,80,0.3625,0.2900,20000,0.0050,26,82
Random flagged lines,80,0.0250,0.0200,20000,0.0050,26,82
Isolation Forest,80,0.6625,0.5300,20000,0.0050,26,82
Rarity only (priors = 1),80,0.9000,0.7200,20000,0.0050,26,82
Priors only (no rarity),80,0.8250,0.6600,20000,0.0050,26,82
Date tests not collapsed,80,0.9250,0.7400,20000,0.0050,26,82
No amount multiplier,80,0.8625,0.6900,20000,0.0050,26,82
No Benford diversity scaling,80,0.9250,0.7400,20000,0.0050,26,82
Ceiling (flagged lines),80,1.0000,1.0000,20000,0.0050,26,82
Risk score,82,0.9146,0.7500,20000,0.0050,26,82
Number of tests hit,82,0.8171,0.6700,20000,0.0050,26,82
Amount only,82,0.3537,0.2900,20000,0.0050,26,82
Random flagged lines,82,0.0244,0.0200,20000,0.0050,26,82
Isolation Forest,82,0.6585,0.5400,20000,0.0050,26,82
Rarity only (priors = 1),82,0.8780,0.7200,20000,0.0050,26,82
Priors only (no rarity),82,0.8049,0.6600,20000,0.0050,26,82
Date tests not collapsed,82,0.9146,0.7500,20000,0.0050,26,82
No amount multiplier,82,0.8537,0.7000,20000,0.0050,26,82
No Benford diversity scaling,82,0.9146,0.7500,20000,0.0050,26,82
Ceiling (flagged lines),82,1.0000,1.0000,20000,0.0050,26,82
Risk score,90,0.8556,0.7700,20000,0.0050,26,82
Number of tests hit,90,0.7444,0.6700,20000,0.0050,26,82
Amount only,90,0.3556,0.3200,20000,0.0050,26,82
Random flagged lines,90,0.0222,0.0200,20000,0.0050,26,82
Isolation Forest,90,0.6111,0.5500,20000,0.0050,26,82
Rarity only (priors = 1),90,0.8444,0.7600,20000,0.0050,26,82
Priors only (no rarity),90,0.8000,0.7200,20000,0.0050,26,82
Date tests not collapsed,90,0.8556,0.7700,20000,0.0050,26,82
No amount multiplier,90,0.8111,0.7300,20000,0.0050,26,82
No Benford diversity scaling,90,0.8556,0.7700,20000,0.0050,26,82
Ceiling (flagged lines),90,1.0000,1.0000,20000,0.0050,26,82
Risk score,100,0.8000,0.8000,20000,0.0050,26,82
Number of tests hit,100,0.7100,0.7100,20000,0.0050,26,82
Amount only,100,0.3500,0.3500,20000,0.0050,26,82
Random flagged lines,100,0.0200,0.0200,20000,0.0050,26,82
Isolation Forest,100,0.5500,0.5500,20000,0.0050,26,82
Rarity only (priors = 1),100,0.8100,0.8100,20000,0.0050,26,82
Priors only (no rarity),100,0.7600,0.7600,20000,0.0050,26,82
Date tests not collapsed,100,0.8000,0.8000,20000,0.0050,26,82
No amount multiplier,100,0.7600,0.7600,20000,0.0050,26,82
No Benford diversity scaling,100,0.8000,0.8000,20000,0.0050,26,82
Ceiling (flagged lines),100,1.0000,1.0000,20000,0.0050,26,82
Risk score,110,0.7455,0.8200,20000,0.0050,26,82
Number of tests hit,110,0.6818,0.7500,20000,0.0050,26,82
Amount only,110,0.3636,0.4000,20000,0.0050,26,82
Random flagged lines,110,0.0182,0.0200,20000,0.0050,26,82
Isolation Forest,110,0.5273,0.5800,20000,0.0050,26,82
Rarity only (priors = 1),110,0.7545,0.8300,20000,0.0050,26,82
Priors only (no rarity),110,0.7000,0.7700,20000,0.0050,26,82
Date tests not collapsed,110,0.7455,0.8200,20000,0.0050,26,82
No amount multiplier,110,0.7000,0.7700,20000,0.0050,26,82
No Benford diversity scaling,110,0.7455,0.8200,20000,0.0050,26,82
Ceiling (flagged lines),110,0.9091,1.0000,20000,0.0050,26,82
Risk score,120,0.7000,0.8400,20000,0.0050,26,82
Number of tests hit,120,0.6250,0.7500,20000,0.0050,26,82
Amount only,120,0.3583,0.4300,20000,0.0050,26,82
Random flagged lines,120,0.0167,0.0200,20000,0.0050,26,82
Isolation Forest,120,0.4917,0.5900,20000,0.0050,26,82
Rarity only (priors = 1),120,0.7083,0.8500,20000,0.0050,26,82
Priors only (no rarity),120,0.6500,0.7800,20000,0.0050,26,82
Date tests not collapsed,120,0.7000,0.8400,20000,0.0050,26,82
No amount multiplier,120,0.6417,0.7700,20000,0.0050,26,82
No Benford diversity scaling,120,0.7000,0.8400,20000,0.0050,26,82
Ceiling (flagged lines),120,0.8333,1.0000,20000,0.0050,26,82
Risk score,130,0.6615,0.8600,20000,0.0050,26,82
Number of tests hit,130,0.5769,0.7500,20000,0.0050,26,82
Amount only,130,0.3462,0.4500,20000,0.0050,26,82
Random flagged lines,130,0.0154,0.0200,20000,0.0050,26,82
Isolation Forest,130,0.4769,0.6200,20000,0.0050,26,82
Rarity only (priors = 1),130,0.6538,0.8500,20000,0.0050,26,82
Priors only (no rarity),130,0.6154,0.8000,20000,0.0050,26,82
Date tests not collapsed,130,0.6615,0.8600,20000,0.0050,26,82
No amount multiplier,130,0.5923,0.7700,20000,0.0050,26,82
No Benford diversity scaling,130,0.6615,0.8600,20000,0.0050,26,82
Ceiling (flagged lines),130,0.7692,1.0000,20000,0.0050,26,82
Risk score,140,0.6286,0.8800,20000,0.0050,26,82
Number of tests hit,140,0.5357,0.7500,20000,0.0050,26,82
Amount only,140,0.3357,0.4700,20000,0.0050,26,82
Random flagged lines,140,0.0143,0.0200,20000,0.0050,26,82
Isolation Forest,140,0.4429,0.6200,20000,0.0050,26,82
Rarity only (priors = 1),140,0.6357,0.8900,20000,0.0050,26,82
Priors only (no rarity),140,0.5786,0.8100,20000,0.0050,26,82
Date tests not collapsed,140,0.6286,0.8800,20000,0.0050,26,82
No amount multiplier,140,0.5500,0.7700,20000,0.0050,26,82
No Benford diversity scaling,140,0.6286,0.8800,20000,0.0050,26,82
Ceiling (flagged lines),140,0.7143,1.0000,20000,0.0050,26,82
Risk score,150,0.5867,0.8800,20000,0.0050,26,82
Number of tests hit,150,0.5000,0.7500,20000,0.0050,26,82
Amount only,150,0.3200,0.4800,20000,0.0050,26,82
Random flagged lines,150,0.0200,0.0300,20000,0.0050,26,82
Isolation Forest,150,0.4200,0.6300,20000,0.0050,26,82
Rarity only (priors = 1),150,0.5933,0.8900,20000,0.0050,26,82
Priors only (no rarity),150,0.5400,0.8100,20000,0.0050,26,82
Date tests not collapsed,150,0.5867,0.8800,20000,0.0050,26,82
No amount multiplier,150,0.5133,0.7700,20000,0.0050,26,82
No Benford diversity scaling,150,0.5867,0.8800,20000,0.0050,26,82
Ceiling (flagged lines),150,0.6667,1.0000,20000,0.0050,26,82
Risk score,160,0.5563,0.8900,20000,0.0050,26,82
Number of tests hit,160,0.4688,0.7500,20000,0.0050,26,82
Amount only,160,0.3063,0.4900,20000,0.0050,26,82
Random flagged lines,160,0.0250,0.0400,20000,0.0050,26,82
Isolation Forest,160,0.3937,0.6300,20000,0.0050,26,82
Rarity only (priors = 1),160,0.5563,0.8900,20000,0.0050,26,82
Priors only (no rarity),160,0.5188,0.8300,20000,0.0050,26,82
Date tests not collapsed,160,0.5563,0.8900,20000,0.0050,26,82
No amount multiplier,160,0.4813,0.7700,20000,0.0050,26,82
No Benford diversity scaling,160,0.5563,0.8900,20000,0.0050,26,82
Ceiling (flagged lines),160,0.6250,1.0000,20000,0.0050,26,82
Risk score,170,0.5235,0.8900,20000,0.0050,26,82
Number of tests hit,170,0.4412,0.7500,20000,0.0050,26,82
Amount only,170,0.3059,0.5200,20000,0.0050,26,82
Random flagged lines,170,0.0235,0.0400,20000,0.0050,26,82
Isolation Forest,170,0.3706,0.6300,20000,0.0050,26,82
Rarity only (priors = 1),170,0.5235,0.8900,20000,0.0050,26,82
Priors only (no rarity),170,0.4882,0.8300,20000,0.0050,26,82
Date tests not collapsed,170,0.5235,0.8900,20000,0.0050,26,82
No amount multiplier,170,0.4529,0.7700,20000,0.0050,26,82
No Benford diversity scaling,170,0.5235,0.8900,20000,0.0050,26,82
Ceiling (flagged lines),170,0.5882,1.0000,20000,0.0050,26,82
Risk score,180,0.4944,0.8900,20000,0.0050,26,82
Number of tests hit,180,0.4167,0.7500,20000,0.0050,26,82
Amount only,180,0.2889,0.5200,20000,0.0050,26,82
Random flagged lines,180,0.0222,0.0400,20000,0.0050,26,82
Isolation Forest,180,0.3556,0.6400,20000,0.0050,26,82
Rarity only (priors = 1),180,0.4944,0.8900,20000,0.0050,26,82
Priors only (no rarity),180,0.4611,0.8300,20000,0.0050,26,82
Date tests not collapsed,180,0.4944,0.8900,20000,0.0050,26,82
No amount multiplier,180,0.4278,0.7700,20000,0.0050,26,82
No Benford diversity scaling,180,0.4944,0.8900,20000,0.0050,26,82
Ceiling (flagged lines),180,0.5556,1.0000,20000,0.0050,26,82
Risk score,190,0.4684,0.8900,20000,0.0050,26,82
Number of tests hit,190,0.3947,0.7500,20000,0.0050,26,82
Amount only,190,0.2789,0.5300,20000,0.0050,26,82
Random flagged lines,190,0.0211,0.0400,20000,0.0050,26,82
Isolation Forest,190,0.3368,0.6400,20000,0.0050,26,82
Rarity only (priors = 1),190,0.4684,0.8900,20000,0.0050,26,82
Priors only (no rarity),190,0.4368,0.8300,20000,0.0050,26,82
Date tests not collapsed,190,0.4684,0.8900,20000,0.0050,26,82
No amount multiplier,190,0.4053,0.7700,20000,0.0050,26,82
No Benford diversity scaling,190,0.4684,0.8900,20000,0.0050,26,82
Ceiling (flagged lines),190,0.5263,1.0000,20000,0.0050,26,82
Risk score,200,0.4450,0.8900,20000,0.0050,26,82
Number of tests hit,200,0.3750,0.7500,20000,0.0050,26,82
Amount only,200,0.2650,0.5300,20000,0.0050,26,82
Random flagged lines,200,0.0200,0.0400,20000,0.0050,26,82
Isolation Forest,200,0.3250,0.6500,20000,0.0050,26,82
Rarity only (priors = 1),200,0.4450,0.8900,20000,0.0050,26,82
Priors only (no rarity),200,0.4150,0.8300,20000,0.0050,26,82
Date tests not collapsed,200,0.4450,0.8900,20000,0.0050,26,82
No amount multiplier,200,0.3850,0.7700,20000,0.0050,26,82
No Benford diversity scaling,200,0.4450,0.8900,20000,0.0050,26,82
Ceiling (flagged lines),200,0.5000,1.0000,20000,0.0050,26,82
Risk score,210,0.4238,0.8900,20000,0.0050,26,82
Number of tests hit,210,0.3571,0.7500,20000,0.0050,26,82
Amount only,210,0.2524,0.5300,20000,0.0050,26,82
Random flagged lines,210,0.0190,0.0400,20000,0.0050,26,82
Isolation Forest,210,0.3143,0.6600,20000,0.0050,26,82
Rarity only (priors = 1),210,0.4238,0.8900,20000,0.0050,26,82
Priors only (no rarity),210,0.3952,0.8300,20000,0.0050,26,82
Date tests not collapsed,210,0.4238,0.8900,20000,0.0050,26,82
No amount multiplier,210,0.3667,0.7700,20000,0.0050,26,82
No Benford diversity scaling,210,0.4238,0.8900,20000,0.0050,26,82
Ceiling (flagged lines),210,0.4762,1.0000,20000,0.0050,26,82
Risk score,220,0.4045,0.8900,20000,0.0050,26,82
Number of tests hit,220,0.3409,0.7500,20000,0.0050,26,82
Amount only,220,0.2409,0.5300,20000,0.0050,26,82
Random flagged lines,220,0.0182,0.0400,20000,0.0050,26,82
Isolation Forest,220,0.3000,0.6600,20000,0.0050,26,82
Rarity only (priors = 1),220,0.4045,0.8900,20000,0.0050,26,82
Priors only (no rarity),220,0.3818,0.8400,20000,0.0050,26,82
Date tests not collapsed,220,0.4045,0.8900,20000,0.0050,26,82
No amount multiplier,220,0.3682,0.8100,20000,0.0050,26,82
No Benford diversity scaling,220,0.4045,0.8900,20000,0.0050,26,82
Ceiling (flagged lines),220,0.4545,1.0000,20000,0.0050,26,82
Risk score,230,0.3870,0.8900,20000,0.0050,26,82
Number of tests hit,230,0.3261,0.7500,20000,0.0050,26,82
Amount only,230,0.2304,0.5300,20000,0.0050,26,82
Random flagged lines,230,0.0174,0.0400,20000,0.0050,26,82
Isolation Forest,230,0.2913,0.6700,20000,0.0050,26,82
Rarity only (priors = 1),230,0.3870,0.8900,20000,0.0050,26,82
Priors only (no rarity),230,0.3652,0.8400,20000,0.0050,26,82
Date tests not collapsed,230,0.3870,0.8900,20000,0.0050,26,82
No amount multiplier,230,0.3565,0.8200,20000,0.0050,26,82
No Benford diversity scaling,230,0.3870,0.8900,20000,0.0050,26,82
Ceiling (flagged lines),230,0.4348,1.0000,20000,0.0050,26,82
Risk score,240,0.3750,0.9000,20000,0.0050,26,82
Number of tests hit,240,0.3125,0.7500,20000,0.0050,26,82
Amount only,240,0.2250,0.5400,20000,0.0050,26,82
Random flagged lines,240,0.0167,0.0400,20000,0.0050,26,82
Isolation Forest,240,0.2833,0.6800,20000,0.0050,26,82
Rarity only (priors = 1),240,0.3708,0.8900,20000,0.0050,26,82
Priors only (no rarity),240,0.3500,0.8400,20000,0.0050,26,82
Date tests not collapsed,240,0.3750,0.9000,20000,0.0050,26,82
No amount multiplier,240,0.3417,0.8200,20000,0.0050,26,82
No Benford diversity scaling,240,0.3750,0.9000,20000,0.0050,26,82
Ceiling (flagged lines),240,0.4167,1.0000,20000,0.0050,26,82
Risk score,250,0.3640,0.9100,20000,0.0050,26,82
Number of tests hit,250,0.3000,0.7500,20000,0.0050,26,82
Amount only,250,0.2240,0.5600,20000,0.0050,26,82
Random flagged lines,250,0.0160,0.0400,20000,0.0050,26,82
Isolation Forest,250,0.2720,0.6800,20000,0.0050,26,82
Rarity only (priors = 1),250,0.3560,0.8900,20000,0.0050,26,82
Priors only (no rarity),250,0.3400,0.8500,20000,0.0050,26,82
Date tests not collapsed,250,0.3640,0.9100,20000,0.0050,26,82
No amount multiplier,250,0.3320,0.8300,20000,0.0050,26,82
No Benford diversity scaling,250,0.3640,0.9100,20000,0.0050,26,82
Ceiling (flagged lines),250,0.4000,1.0000,20000,0.0050,26,82
Risk score,260,0.3538,0.9200,20000,0.0050,26,82
Number of tests hit,260,0.2885,0.7500,20000,0.0050,26,82
Amount only,260,0.2192,0.5700,20000,0.0050,26,82
Random flagged lines,260,0.0154,0.0400,20000,0.0050,26,82
Isolation Forest,260,0.2654,0.6900,20000,0.0050,26,82
Rarity only (priors = 1),260,0.3462,0.9000,20000,0.0050,26,82
Priors only (no rarity),260,0.3269,0.8500,20000,0.0050,26,82
Date tests not collapsed,260,0.3538,0.9200,20000,0.0050,26,82
No amount multiplier,260,0.3192,0.8300,20000,0.0050,26,82
No Benford diversity scaling,260,0.3538,0.9200,20000,0.0050,26,82
Ceiling (flagged lines),260,0.3846,1.0000,20000,0.0050,26,82
Risk score,270,0.3407,0.9200,20000,0.0050,26,82
Number of tests hit,270,0.2778,0.7500,20000,0.0050,26,82
Amount only,270,0.2111,0.5700,20000,0.0050,26,82
Random flagged lines,270,0.0148,0.0400,20000,0.0050,26,82
Isolation Forest,270,0.2630,0.7100,20000,0.0050,26,82
Rarity only (priors = 1),270,0.3333,0.9000,20000,0.0050,26,82
Priors only (no rarity),270,0.3148,0.8500,20000,0.0050,26,82
Date tests not collapsed,270,0.3407,0.9200,20000,0.0050,26,82
No amount multiplier,270,0.3074,0.8300,20000,0.0050,26,82
No Benford diversity scaling,270,0.3407,0.9200,20000,0.0050,26,82
Ceiling (flagged lines),270,0.3704,1.0000,20000,0.0050,26,82
Risk score,280,0.3286,0.9200,20000,0.0050,26,82
Number of tests hit,280,0.2679,0.7500,20000,0.0050,26,82
Amount only,280,0.2036,0.5700,20000,0.0050,26,82
Random flagged lines,280,0.0143,0.0400,20000,0.0050,26,82
Isolation Forest,280,0.2571,0.7200,20000,0.0050,26,82
Rarity only (priors = 1),280,0.3214,0.9000,20000,0.0050,26,82
Priors only (no rarity),280,0.3036,0.8500,20000,0.0050,26,82
Date tests not collapsed,280,0.3286,0.9200,20000,0.0050,26,82
No amount multiplier,280,0.2964,0.8300,20000,0.0050,26,82
No Benford diversity scaling,280,0.3286,0.9200,20000,0.0050,26,82
Ceiling (flagged lines),280,0.3571,1.0000,20000,0.0050,26,82
Risk score,290,0.3172,0.9200,20000,0.0050,26,82
Number of tests hit,290,0.2586,0.7500,20000,0.0050,26,82
Amount only,290,0.1966,0.5700,20000,0.0050,26,82
Random flagged lines,290,0.0138,0.0400,20000,0.0050,26,82
Isolation Forest,290,0.2483,0.7200,20000,0.0050,26,82
Rarity only (priors = 1),290,0.3138,0.9100,20000,0.0050,26,82
Priors only (no rarity),290,0.2931,0.8500,20000,0.0050,26,82
Date tests not collapsed,290,0.3172,0.9200,20000,0.0050,26,82
No amount multiplier,290,0.2862,0.8300,20000,0.0050,26,82
No Benford diversity scaling,290,0.3172,0.9200,20000,0.0050,26,82
Ceiling (flagged lines),290,0.3448,1.0000,20000,0.0050,26,82
Risk score,300,0.3067,0.9200,20000,0.0050,26,82
Number of tests hit,300,0.2500,0.7500,20000,0.0050,26,82
Amount only,300,0.1967,0.5900,20000,0.0050,26,82
Random flagged lines,300,0.0167,0.0500,20000,0.0050,26,82
Isolation Forest,300,0.2400,0.7200,20000,0.0050,26,82
Rarity only (priors = 1),300,0.3033,0.9100,20000,0.0050,26,82
Priors only (no rarity),300,0.2833,0.8500,20000,0.0050,26,82
Date tests not collapsed,300,0.3067,0.9200,20000,0.0050,26,82
No amount multiplier,300,0.2767,0.8300,20000,0.0050,26,82
No Benford diversity scaling,300,0.3067,0.9200,20000,0.0050,26,82
Ceiling (flagged lines),300,0.3333,1.0000,20000,0.0050,26,82
Risk score,10,1.0000,0.1000,20000,0.0050,27,82
Number of tests hit,10,1.0000,0.1000,20000,0.0050,27,82
Amount only,10,0.3000,0.0300,20000,0.0050,27,82
Random flagged lines,10,0.0000,0.0000,20000,0.0050,27,82
Isolation Forest,10,1.0000,0.1000,20000,0.0050,27,82
Rarity only (priors = 1),10,1.0000,0.1000,20000,0.0050,27,82
Priors only (no rarity),10,1.0000,0.1000,20000,0.0050,27,82
Date tests not collapsed,10,1.0000,0.1000,20000,0.0050,27,82
No amount multiplier,10,1.0000,0.1000,20000,0.0050,27,82
No Benford diversity scaling,10,1.0000,0.1000,20000,0.0050,27,82
Ceiling (flagged lines),10,1.0000,1.0000,20000,0.0050,27,82
Risk score,20,1.0000,0.2000,20000,0.0050,27,82
Number of tests hit,20,1.0000,0.2000,20000,0.0050,27,82
Amount only,20,0.4500,0.0900,20000,0.0050,27,82
Random flagged lines,20,0.0000,0.0000,20000,0.0050,27,82
Isolation Forest,20,0.9000,0.1800,20000,0.0050,27,82
Rarity only (priors = 1),20,1.0000,0.2000,20000,0.0050,27,82
Priors only (no rarity),20,1.0000,0.2000,20000,0.0050,27,82
Date tests not collapsed,20,1.0000,0.2000,20000,0.0050,27,82
No amount multiplier,20,1.0000,0.2000,20000,0.0050,27,82
No Benford diversity scaling,20,1.0000,0.2000,20000,0.0050,27,82
Ceiling (flagged lines),20,1.0000,1.0000,20000,0.0050,27,82
Risk score,30,1.0000,0.3000,20000,0.0050,27,82
Number of tests hit,30,0.9667,0.2900,20000,0.0050,27,82
Amount only,30,0.5000,0.1500,20000,0.0050,27,82
Random flagged lines,30,0.0000,0.0000,20000,0.0050,27,82
Isolation Forest,30,0.8667,0.2600,20000,0.0050,27,82
Rarity only (priors = 1),30,1.0000,0.3000,20000,0.0050,27,82
Priors only (no rarity),30,1.0000,0.3000,20000,0.0050,27,82
Date tests not collapsed,30,1.0000,0.3000,20000,0.0050,27,82
No amount multiplier,30,1.0000,0.3000,20000,0.0050,27,82
No Benford diversity scaling,30,1.0000,0.3000,20000,0.0050,27,82
Ceiling (flagged lines),30,1.0000,1.0000,20000,0.0050,27,82
Risk score,40,1.0000,0.4000,20000,0.0050,27,82
Number of tests hit,40,0.9500,0.3800,20000,0.0050,27,82
Amount only,40,0.5250,0.2100,20000,0.0050,27,82
Random flagged lines,40,0.0250,0.0100,20000,0.0050,27,82
Isolation Forest,40,0.8000,0.3200,20000,0.0050,27,82
Rarity only (priors = 1),40,1.0000,0.4000,20000,0.0050,27,82
Priors only (no rarity),40,0.9500,0.3800,20000,0.0050,27,82
Date tests not collapsed,40,1.0000,0.4000,20000,0.0050,27,82
No amount multiplier,40,1.0000,0.4000,20000,0.0050,27,82
No Benford diversity scaling,40,1.0000,0.4000,20000,0.0050,27,82
Ceiling (flagged lines),40,1.0000,1.0000,20000,0.0050,27,82
Risk score,50,0.9800,0.4900,20000,0.0050,27,82
Number of tests hit,50,0.8600,0.4300,20000,0.0050,27,82
Amount only,50,0.4600,0.2300,20000,0.0050,27,82
Random flagged lines,50,0.0200,0.0100,20000,0.0050,27,82
Isolation Forest,50,0.7000,0.3500,20000,0.0050,27,82
Rarity only (priors = 1),50,1.0000,0.5000,20000,0.0050,27,82
Priors only (no rarity),50,0.9000,0.4500,20000,0.0050,27,82
Date tests not collapsed,50,0.9800,0.4900,20000,0.0050,27,82
No amount multiplier,50,0.9600,0.4800,20000,0.0050,27,82
No Benford diversity scaling,50,0.9800,0.4900,20000,0.0050,27,82
Ceiling (flagged lines),50,1.0000,1.0000,20000,0.0050,27,82
Risk score,60,0.9500,0.5700,20000,0.0050,27,82
Number of tests hit,60,0.8500,0.5100,20000,0.0050,27,82
Amount only,60,0.4333,0.2600,20000,0.0050,27,82
Random flagged lines,60,0.0333,0.0200,20000,0.0050,27,82
Isolation Forest,60,0.6667,0.4000,20000,0.0050,27,82
Rarity only (priors = 1),60,0.9833,0.5900,20000,0.0050,27,82
Priors only (no rarity),60,0.9000,0.5400,20000,0.0050,27,82
Date tests not collapsed,60,0.9500,0.5700,20000,0.0050,27,82
No amount multiplier,60,0.9667,0.5800,20000,0.0050,27,82
No Benford diversity scaling,60,0.9500,0.5700,20000,0.0050,27,82
Ceiling (flagged lines),60,1.0000,1.0000,20000,0.0050,27,82
Risk score,70,0.9429,0.6600,20000,0.0050,27,82
Number of tests hit,70,0.8429,0.5900,20000,0.0050,27,82
Amount only,70,0.3857,0.2700,20000,0.0050,27,82
Random flagged lines,70,0.0286,0.0200,20000,0.0050,27,82
Isolation Forest,70,0.6286,0.4400,20000,0.0050,27,82
Rarity only (priors = 1),70,0.9143,0.6400,20000,0.0050,27,82
Priors only (no rarity),70,0.8429,0.5900,20000,0.0050,27,82
Date tests not collapsed,70,0.9429,0.6600,20000,0.0050,27,82
No amount multiplier,70,0.9000,0.6300,20000,0.0050,27,82
No Benford diversity scaling,70,0.9429,0.6600,20000,0.0050,27,82
Ceiling (flagged lines),70,1.0000,1.0000,20000,0.0050,27,82
Risk score,80,0.9000,0.7200,20000,0.0050,27,82
Number of tests hit,80,0.7750,0.6200,20000,0.0050,27,82
Amount only,80,0.3875,0.3100,20000,0.0050,27,82
Random flagged lines,80,0.0375,0.0300,20000,0.0050,27,82
Isolation Forest,80,0.5500,0.4400,20000,0.0050,27,82
Rarity only (priors = 1),80,0.8625,0.6900,20000,0.0050,27,82
Priors only (no rarity),80,0.8250,0.6600,20000,0.0050,27,82
Date tests not collapsed,80,0.9000,0.7200,20000,0.0050,27,82
No amount multiplier,80,0.8625,0.6900,20000,0.0050,27,82
No Benford diversity scaling,80,0.9000,0.7200,20000,0.0050,27,82
Ceiling (flagged lines),80,1.0000,1.0000,20000,0.0050,27,82
Risk score,82,0.8780,0.7200,20000,0.0050,27,82
Number of tests hit,82,0.7561,0.6200,20000,0.0050,27,82
Amount only,82,0.3902,0.3200,20000,0.0050,27,82
Random flagged lines,82,0.0488,0.0400,20000,0.0050,27,82
Isolation Forest,82,0.5366,0.4400,20000,0.0050,27,82
Rarity only (priors = 1),82,0.8537,0.7000,20000,0.0050,27,82
Priors only (no rarity),82,0.8171,0.6700,20000,0.0050,27,82
Date tests not collapsed,82,0.8780,0.7200,20000,0.0050,27,82
No amount multiplier,82,0.8415,0.6900,20000,0.0050,27,82
No Benford diversity scaling,82,0.8780,0.7200,20000,0.0050,27,82
Ceiling (flagged lines),82,1.0000,1.0000,20000,0.0050,27,82
Risk score,90,0.8667,0.7800,20000,0.0050,27,82
Number of tests hit,90,0.7444,0.6700,20000,0.0050,27,82
Amount only,90,0.3667,0.3300,20000,0.0050,27,82
Random flagged lines,90,0.0556,0.0500,20000,0.0050,27,82
Isolation Forest,90,0.4889,0.4400,20000,0.0050,27,82
Rarity only (priors = 1),90,0.8222,0.7400,20000,0.0050,27,82
Priors only (no rarity),90,0.8111,0.7300,20000,0.0050,27,82
Date tests not collapsed,90,0.8667,0.7800,20000,0.0050,27,82
No amount multiplier,90,0.7778,0.7000,20000,0.0050,27,82
No Benford diversity scaling,90,0.8667,0.7800,20000,0.0050,27,82
Ceiling (flagged lines),90,1.0000,1.0000,20000,0.0050,27,82
Risk score,100,0.8200,0.8200,20000,0.0050,27,82
Number of tests hit,100,0.7100,0.7100,20000,0.0050,27,82
Amount only,100,0.3400,0.3400,20000,0.0050,27,82
Random flagged lines,100,0.0500,0.0500,20000,0.0050,27,82
Isolation Forest,100,0.4600,0.4600,20000,0.0050,27,82
Rarity only (priors = 1),100,0.7700,0.7700,20000,0.0050,27,82
Priors only (no rarity),100,0.7600,0.7600,20000,0.0050,27,82
Date tests not collapsed,100,0.8200,0.8200,20000,0.0050,27,82
No amount multiplier,100,0.7000,0.7000,20000,0.0050,27,82
No Benford diversity scaling,100,0.8200,0.8200,20000,0.0050,27,82
Ceiling (flagged lines),100,1.0000,1.0000,20000,0.0050,27,82
Risk score,110,0.7727,0.8500,20000,0.0050,27,82
Number of tests hit,110,0.6727,0.7400,20000,0.0050,27,82
Amount only,110,0.3364,0.3700,20000,0.0050,27,82
Random flagged lines,110,0.0455,0.0500,20000,0.0050,27,82
Isolation Forest,110,0.4364,0.4800,20000,0.0050,27,82
Rarity only (priors = 1),110,0.7364,0.8100,20000,0.0050,27,82
Priors only (no rarity),110,0.7091,0.7800,20000,0.0050,27,82
Date tests not collapsed,110,0.7727,0.8500,20000,0.0050,27,82
No amount multiplier,110,0.6455,0.7100,20000,0.0050,27,82
No Benford diversity scaling,110,0.7727,0.8500,20000,0.0050,27,82
Ceiling (flagged lines),110,0.9091,1.0000,20000,0.0050,27,82
Risk score,120,0.7500,0.9000,20000,0.0050,27,82
Number of tests hit,120,0.6250,0.7500,20000,0.0050,27,82
Amount only,120,0.3167,0.3800,20000,0.0050,27,82
Random flagged lines,120,0.0417,0.0500,20000,0.0050,27,82
Isolation Forest,120,0.4000,0.4800,20000,0.0050,27,82
Rarity only (priors = 1),120,0.6917,0.8300,20000,0.0050,27,82
Priors only (no rarity),120,0.6583,0.7900,20000,0.0050,27,82
Date tests not collapsed,120,0.7500,0.9000,20000,0.0050,27,82
No amount multiplier,120,0.6000,0.7200,20000,0.0050,27,82
No Benford diversity scaling,120,0.7500,0.9000,20000,0.0050,27,82
Ceiling (flagged lines),120,0.8333,1.0000,20000,0.0050,27,82
Risk score,130,0.7154,0.9300,20000,0.0050,27,82
Number of tests hit,130,0.5769,0.7500,20000,0.0050,27,82
Amount only,130,0.3000,0.3900,20000,0.0050,27,82
Random flagged lines,130,0.0462,0.0600,20000,0.0050,27,82
Isolation Forest,130,0.3769,0.4900,20000,0.0050,27,82
Rarity only (priors = 1),130,0.6769,0.8800,20000,0.0050,27,82
Priors only (no rarity),130,0.6154,0.8000,20000,0.0050,27,82
Date tests not collapsed,130,0.7154,0.9300,20000,0.0050,27,82
No amount multiplier,130,0.5615,0.7300,20000,0.0050,27,82
No Benford diversity scaling,130,0.7154,0.9300,20000,0.0050,27,82
Ceiling (flagged lines),130,0.7692,1.0000,20000,0.0050,27,82
Risk score,140,0.6643,0.9300,20000,0.0050,27,82
Number of tests hit,140,0.5357,0.7500,20000,0.0050,27,82
Amount only,140,0.2857,0.4000,20000,0.0050,27,82
Random flagged lines,140,0.0429,0.0600,20000,0.0050,27,82
Isolation Forest,140,0.3571,0.5000,20000,0.0050,27,82
Rarity only (priors = 1),140,0.6429,0.9000,20000,0.0050,27,82
Priors only (no rarity),140,0.5857,0.8200,20000,0.0050,27,82
Date tests not collapsed,140,0.6643,0.9300,20000,0.0050,27,82
No amount multiplier,140,0.5214,0.7300,20000,0.0050,27,82
No Benford diversity scaling,140,0.6643,0.9300,20000,0.0050,27,82
Ceiling (flagged lines),140,0.7143,1.0000,20000,0.0050,27,82
Risk score,150,0.6200,0.9300,20000,0.0050,27,82
Number of tests hit,150,0.5000,0.7500,20000,0.0050,27,82
Amount only,150,0.2800,0.4200,20000,0.0050,27,82
Random flagged lines,150,0.0400,0.0600,20000,0.0050,27,82
Isolation Forest,150,0.3600,0.5400,20000,0.0050,27,82
Rarity only (priors = 1),150,0.6000,0.9000,20000,0.0050,27,82
Priors only (no rarity),150,0.5533,0.8300,20000,0.0050,27,82
Date tests not collapsed,150,0.6200,0.9300,20000,0.0050,27,82
No amount multiplier,150,0.4933,0.7400,20000,0.0050,27,82
No Benford diversity scaling,150,0.6200,0.9300,20000,0.0050,27,82
Ceiling (flagged lines),150,0.6667,1.0000,20000,0.0050,27,82
Risk score,160,0.5813,0.9300,20000,0.0050,27,82
Number of tests hit,160,0.4688,0.7500,20000,0.0050,27,82
Amount only,160,0.2625,0.4200,20000,0.0050,27,82
Random flagged lines,160,0.0437,0.0700,20000,0.0050,27,82
Isolation Forest,160,0.3438,0.5500,20000,0.0050,27,82
Rarity only (priors = 1),160,0.5625,0.9000,20000,0.0050,27,82
Priors only (no rarity),160,0.5188,0.8300,20000,0.0050,27,82
Date tests not collapsed,160,0.5813,0.9300,20000,0.0050,27,82
No amount multiplier,160,0.5000,0.8000,20000,0.0050,27,82
No Benford diversity scaling,160,0.5813,0.9300,20000,0.0050,27,82
Ceiling (flagged lines),160,0.6250,1.0000,20000,0.0050,27,82
Risk score,170,0.5471,0.9300,20000,0.0050,27,82
Number of tests hit,170,0.4412,0.7500,20000,0.0050,27,82
Amount only,170,0.2471,0.4200,20000,0.0050,27,82
Random flagged lines,170,0.0412,0.0700,20000,0.0050,27,82
Isolation Forest,170,0.3294,0.5600,20000,0.0050,27,82
Rarity only (priors = 1),170,0.5294,0.9000,20000,0.0050,27,82
Priors only (no rarity),170,0.4882,0.8300,20000,0.0050,27,82
Date tests not collapsed,170,0.5471,0.9300,20000,0.0050,27,82
No amount multiplier,170,0.4706,0.8000,20000,0.0050,27,82
No Benford diversity scaling,170,0.5471,0.9300,20000,0.0050,27,82
Ceiling (flagged lines),170,0.5882,1.0000,20000,0.0050,27,82
Risk score,180,0.5167,0.9300,20000,0.0050,27,82
Number of tests hit,180,0.4167,0.7500,20000,0.0050,27,82
Amount only,180,0.2333,0.4200,20000,0.0050,27,82
Random flagged lines,180,0.0389,0.0700,20000,0.0050,27,82
Isolation Forest,180,0.3167,0.5700,20000,0.0050,27,82
Rarity only (priors = 1),180,0.5000,0.9000,20000,0.0050,27,82
Priors only (no rarity),180,0.4611,0.8300,20000,0.0050,27,82
Date tests not collapsed,180,0.5167,0.9300,20000,0.0050,27,82
No amount multiplier,180,0.4444,0.8000,20000,0.0050,27,82
No Benford diversity scaling,180,0.5167,0.9300,20000,0.0050,27,82
Ceiling (flagged lines),180,0.5556,1.0000,20000,0.0050,27,82
Risk score,190,0.4895,0.9300,20000,0.0050,27,82
Number of tests hit,190,0.3947,0.7500,20000,0.0050,27,82
Amount only,190,0.2211,0.4200,20000,0.0050,27,82
Random flagged lines,190,0.0368,0.0700,20000,0.0050,27,82
Isolation Forest,190,0.3000,0.5700,20000,0.0050,27,82
Rarity only (priors = 1),190,0.4737,0.9000,20000,0.0050,27,82
Priors only (no rarity),190,0.4368,0.8300,20000,0.0050,27,82
Date tests not collapsed,190,0.4895,0.9300,20000,0.0050,27,82
No amount multiplier,190,0.4211,0.8000,20000,0.0050,27,82
No Benford diversity scaling,190,0.4895,0.9300,20000,0.0050,27,82
Ceiling (flagged lines),190,0.5263,1.0000,20000,0.0050,27,82
Risk score,200,0.4650,0.9300,20000,0.0050,27,82
Number of tests hit,200,0.3750,0.7500,20000,0.0050,27,82
Amount only,200,0.2200,0.4400,20000,0.0050,27,82
Random flagged lines,200,0.0350,0.0700,20000,0.0050,27,82
Isolation Forest,200,0.2900,0.5800,20000,0.0050,27,82
Rarity only (priors = 1),200,0.4500,0.9000,20000,0.0050,27,82
Priors only (no rarity),200,0.4150,0.8300,20000,0.0050,27,82
Date tests not collapsed,200,0.4650,0.9300,20000,0.0050,27,82
No amount multiplier,200,0.4050,0.8100,20000,0.0050,27,82
No Benford diversity scaling,200,0.4650,0.9300,20000,0.0050,27,82
Ceiling (flagged lines),200,0.5000,1.0000,20000,0.0050,27,82
Risk score,210,0.4429,0.9300,20000,0.0050,27,82
Number of tests hit,210,0.3571,0.7500,20000,0.0050,27,82
Amount only,210,0.2095,0.4400,20000,0.0050,27,82
Random flagged lines,210,0.0333,0.0700,20000,0.0050,27,82
Isolation Forest,210,0.2857,0.6000,20000,0.0050,27,82
Rarity only (priors = 1),210,0.4286,0.9000,20000,0.0050,27,82
Priors only (no rarity),210,0.4000,0.8400,20000,0.0050,27,82
Date tests not collapsed,210,0.4429,0.9300,20000,0.0050,27,82
No amount multiplier,210,0.3857,0.8100,20000,0.0050,27,82
No Benford diversity scaling,210,0.4429,0.9300,20000,0.0050,27,82
Ceiling (flagged lines),210,0.4762,1.0000,20000,0.0050,27,82
Risk score,220,0.4273,0.9400,20000,0.0050,27,82
Number of tests hit,220,0.3409,0.7500,20000,0.0050,27,82
Amount only,220,0.2045,0.4500,20000,0.0050,27,82
Random flagged lines,220,0.0318,0.0700,20000,0.0050,27,82
Isolation Forest,220,0.2818,0.6200,20000,0.0050,27,82
Rarity only (priors = 1),220,0.4091,0.9000,20000,0.0050,27,82
Priors only (no rarity),220,0.3909,0.8600,20000,0.0050,27,82
Date tests not collapsed,220,0.4273,0.9400,20000,0.0050,27,82
No amount multiplier,220,0.3727,0.8200,20000,0.0050,27,82
No Benford diversity scaling,220,0.4273,0.9400,20000,0.0050,27,82
Ceiling (flagged lines),220,0.4545,1.0000,20000,0.0050,27,82
Risk score,230,0.4130,0.9500,20000,0.0050,27,82
Number of tests hit,230,0.3261,0.7500,20000,0.0050,27,82
Amount only,230,0.2000,0.4600,20000,0.0050,27,82
Random flagged lines,230,0.0304,0.0700,20000,0.0050,27,82
Isolation Forest,230,0.2739,0.6300,20000,0.0050,27,82
Rarity only (priors = 1),230,0.3913,0.9000,20000,0.0050,27,82
Priors only (no rarity),230,0.3739,0.8600,20000,0.0050,27,82
Date tests not collapsed,230,0.4130,0.9500,20000,0.0050,27,82
No amount multiplier,230,0.3609,0.8300,20000,0.0050,27,82
No Benford diversity scaling,230,0.4130,0.9500,20000,0.0050,27,82
Ceiling (flagged lines),230,0.4348,1.0000,20000,0.0050,27,82
Risk score,240,0.4000,0.9600,20000,0.0050,27,82
Number of tests hit,240,0.3125,0.7500,20000,0.0050,27,82
Amount only,240,0.2000,0.4800,20000,0.0050,27,82
Random flagged lines,240,0.0292,0.0700,20000,0.0050,27,82
Isolation Forest,240,0.2667,0.6400,20000,0.0050,27,82
Rarity only (priors = 1),240,0.3750,0.9000,20000,0.0050,27,82
Priors only (no rarity),240,0.3583,0.8600,20000,0.0050,27,82
Date tests not collapsed,240,0.4000,0.9600,20000,0.0050,27,82
No amount multiplier,240,0.3500,0.8400,20000,0.0050,27,82
No Benford diversity scaling,240,0.4000,0.9600,20000,0.0050,27,82
Ceiling (flagged lines),240,0.4167,1.0000,20000,0.0050,27,82
Risk score,250,0.3880,0.9700,20000,0.0050,27,82
Number of tests hit,250,0.3000,0.7500,20000,0.0050,27,82
Amount only,250,0.2000,0.5000,20000,0.0050,27,82
Random flagged lines,250,0.0280,0.0700,20000,0.0050,27,82
Isolation Forest,250,0.2640,0.6600,20000,0.0050,27,82
Rarity only (priors = 1),250,0.3600,0.9000,20000,0.0050,27,82
Priors only (no rarity),250,0.3480,0.8700,20000,0.0050,27,82
Date tests not collapsed,250,0.3880,0.9700,20000,0.0050,27,82
No amount multiplier,250,0.3360,0.8400,20000,0.0050,27,82
No Benford diversity scaling,250,0.3880,0.9700,20000,0.0050,27,82
Ceiling (flagged lines),250,0.4000,1.0000,20000,0.0050,27,82
Risk score,260,0.3731,0.9700,20000,0.0050,27,82
Number of tests hit,260,0.2885,0.7500,20000,0.0050,27,82
Amount only,260,0.1962,0.5100,20000,0.0050,27,82
Random flagged lines,260,0.0269,0.0700,20000,0.0050,27,82
Isolation Forest,260,0.2538,0.6600,20000,0.0050,27,82
Rarity only (priors = 1),260,0.3462,0.9000,20000,0.0050,27,82
Priors only (no rarity),260,0.3346,0.8700,20000,0.0050,27,82
Date tests not collapsed,260,0.3731,0.9700,20000,0.0050,27,82
No amount multiplier,260,0.3231,0.8400,20000,0.0050,27,82
No Benford diversity scaling,260,0.3731,0.9700,20000,0.0050,27,82
Ceiling (flagged lines),260,0.3846,1.0000,20000,0.0050,27,82
Risk score,270,0.3593,0.9700,20000,0.0050,27,82
Number of tests hit,270,0.2778,0.7500,20000,0.0050,27,82
Amount only,270,0.1963,0.5300,20000,0.0050,27,82
Random flagged lines,270,0.0259,0.0700,20000,0.0050,27,82
Isolation Forest,270,0.2444,0.6600,20000,0.0050,27,82
Rarity only (priors = 1),270,0.3407,0.9200,20000,0.0050,27,82
Priors only (no rarity),270,0.3222,0.8700,20000,0.0050,27,82
Date tests not collapsed,270,0.3593,0.9700,20000,0.0050,27,82
No amount multiplier,270,0.3111,0.8400,20000,0.0050,27,82
No Benford diversity scaling,270,0.3593,0.9700,20000,0.0050,27,82
Ceiling (flagged lines),270,0.3704,1.0000,20000,0.0050,27,82
Risk score,280,0.3464,0.9700,20000,0.0050,27,82
Number of tests hit,280,0.2679,0.7500,20000,0.0050,27,82
Amount only,280,0.1929,0.5400,20000,0.0050,27,82
Random flagged lines,280,0.0250,0.0700,20000,0.0050,27,82
Isolation Forest,280,0.2357,0.6600,20000,0.0050,27,82
Rarity only (priors = 1),280,0.3321,0.9300,20000,0.0050,27,82
Priors only (no rarity),280,0.3107,0.8700,20000,0.0050,27,82
Date tests not collapsed,280,0.3464,0.9700,20000,0.0050,27,82
No amount multiplier,280,0.3000,0.8400,20000,0.0050,27,82
No Benford diversity scaling,280,0.3464,0.9700,20000,0.0050,27,82
Ceiling (flagged lines),280,0.3571,1.0000,20000,0.0050,27,82
Risk score,290,0.3345,0.9700,20000,0.0050,27,82
Number of tests hit,290,0.2586,0.7500,20000,0.0050,27,82
Amount only,290,0.2000,0.5800,20000,0.0050,27,82
Random flagged lines,290,0.0276,0.0800,20000,0.0050,27,82
Isolation Forest,290,0.2276,0.6600,20000,0.0050,27,82
Rarity only (priors = 1),290,0.3207,0.9300,20000,0.0050,27,82
Priors only (no rarity),290,0.3000,0.8700,20000,0.0050,27,82
Date tests not collapsed,290,0.3345,0.9700,20000,0.0050,27,82
No amount multiplier,290,0.2897,0.8400,20000,0.0050,27,82
No Benford diversity scaling,290,0.3345,0.9700,20000,0.0050,27,82
Ceiling (flagged lines),290,0.3448,1.0000,20000,0.0050,27,82
Risk score,300,0.3233,0.9700,20000,0.0050,27,82
Number of tests hit,300,0.2500,0.7500,20000,0.0050,27,82
Amount only,300,0.2000,0.6000,20000,0.0050,27,82
Random flagged lines,300,0.0267,0.0800,20000,0.0050,27,82
Isolation Forest,300,0.2200,0.6600,20000,0.0050,27,82
Rarity only (priors = 1),300,0.3100,0.9300,20000,0.0050,27,82
Priors only (no rarity),300,0.2900,0.8700,20000,0.0050,27,82
Date tests not collapsed,300,0.3233,0.9700,20000,0.0050,27,82
No amount multiplier,300,0.2800,0.8400,20000,0.0050,27,82
No Benford diversity scaling,300,0.3233,0.9700,20000,0.0050,27,82
Ceiling (flagged lines),300,0.3333,1.0000,20000,0.0050,27,82
Risk score,10,1.0000,0.1000,20000,0.0050,28,82
Number of tests hit,10,1.0000,0.1000,20000,0.0050,28,82
Amount only,10,0.5000,0.0500,20000,0.0050,28,82
Random flagged lines,10,0.0000,0.0000,20000,0.0050,28,82
Isolation Forest,10,1.0000,0.1000,20000,0.0050,28,82
Rarity only (priors = 1),10,1.0000,0.1000,20000,0.0050,28,82
Priors only (no rarity),10,1.0000,0.1000,20000,0.0050,28,82
Date tests not collapsed,10,1.0000,0.1000,20000,0.0050,28,82
No amount multiplier,10,1.0000,0.1000,20000,0.0050,28,82
No Benford diversity scaling,10,1.0000,0.1000,20000,0.0050,28,82
Ceiling (flagged lines),10,1.0000,1.0000,20000,0.0050,28,82
Risk score,20,1.0000,0.2000,20000,0.0050,28,82
Number of tests hit,20,1.0000,0.2000,20000,0.0050,28,82
Amount only,20,0.6000,0.1200,20000,0.0050,28,82
Random flagged lines,20,0.0000,0.0000,20000,0.0050,28,82
Isolation Forest,20,1.0000,0.2000,20000,0.0050,28,82
Rarity only (priors = 1),20,1.0000,0.2000,20000,0.0050,28,82
Priors only (no rarity),20,1.0000,0.2000,20000,0.0050,28,82
Date tests not collapsed,20,1.0000,0.2000,20000,0.0050,28,82
No amount multiplier,20,1.0000,0.2000,20000,0.0050,28,82
No Benford diversity scaling,20,1.0000,0.2000,20000,0.0050,28,82
Ceiling (flagged lines),20,1.0000,1.0000,20000,0.0050,28,82
Risk score,30,1.0000,0.3000,20000,0.0050,28,82
Number of tests hit,30,1.0000,0.3000,20000,0.0050,28,82
Amount only,30,0.6333,0.1900,20000,0.0050,28,82
Random flagged lines,30,0.0000,0.0000,20000,0.0050,28,82
Isolation Forest,30,0.9333,0.2800,20000,0.0050,28,82
Rarity only (priors = 1),30,1.0000,0.3000,20000,0.0050,28,82
Priors only (no rarity),30,1.0000,0.3000,20000,0.0050,28,82
Date tests not collapsed,30,1.0000,0.3000,20000,0.0050,28,82
No amount multiplier,30,1.0000,0.3000,20000,0.0050,28,82
No Benford diversity scaling,30,1.0000,0.3000,20000,0.0050,28,82
Ceiling (flagged lines),30,1.0000,1.0000,20000,0.0050,28,82
Risk score,40,1.0000,0.4000,20000,0.0050,28,82
Number of tests hit,40,1.0000,0.4000,20000,0.0050,28,82
Amount only,40,0.6000,0.2400,20000,0.0050,28,82
Random flagged lines,40,0.0000,0.0000,20000,0.0050,28,82
Isolation Forest,40,0.8750,0.3500,20000,0.0050,28,82
Rarity only (priors = 1),40,1.0000,0.4000,20000,0.0050,28,82
Priors only (no rarity),40,1.0000,0.4000,20000,0.0050,28,82
Date tests not collapsed,40,1.0000,0.4000,20000,0.0050,28,82
No amount multiplier,40,1.0000,0.4000,20000,0.0050,28,82
No Benford diversity scaling,40,1.0000,0.4000,20000,0.0050,28,82
Ceiling (flagged lines),40,1.0000,1.0000,20000,0.0050,28,82
Risk score,50,1.0000,0.5000,20000,0.0050,28,82
Number of tests hit,50,0.9800,0.4900,20000,0.0050,28,82
Amount only,50,0.5200,0.2600,20000,0.0050,28,82
Random flagged lines,50,0.0000,0.0000,20000,0.0050,28,82
Isolation Forest,50,0.8600,0.4300,20000,0.0050,28,82
Rarity only (priors = 1),50,1.0000,0.5000,20000,0.0050,28,82
Priors only (no rarity),50,0.9400,0.4700,20000,0.0050,28,82
Date tests not collapsed,50,1.0000,0.5000,20000,0.0050,28,82
No amount multiplier,50,1.0000,0.5000,20000,0.0050,28,82
No Benford diversity scaling,50,1.0000,0.5000,20000,0.0050,28,82
Ceiling (flagged lines),50,1.0000,1.0000,20000,0.0050,28,82
Risk score,60,1.0000,0.6000,20000,0.0050,28,82
Number of tests hit,60,0.9667,0.5800,20000,0.0050,28,82
Amount only,60,0.4500,0.2700,20000,0.0050,28,82
Random flagged lines,60,0.0167,0.0100,20000,0.0050,28,82
Isolation Forest,60,0.8833,0.5300,20000,0.0050,28,82
Rarity only (priors = 1),60,1.0000,0.6000,20000,0.0050,28,82
Priors only (no rarity),60,0.9000,0.5400,20000,0.0050,28,82
Date tests not collapsed,60,1.0000,0.6000,20000,0.0050,28,82
No amount multiplier,60,0.9833,0.5900,20000,0.0050,28,82
No Benford diversity scaling,60,1.0000,0.6000,20000,0.0050,28,82
Ceiling (flagged lines),60,1.0000,1.0000,20000,0.0050,28,82
Risk score,70,0.9571,0.6700,20000,0.0050,28,82
Number of tests hit,70,0.8286,0.5800,20000,0.0050,28,82
Amount only,70,0.4429,0.3100,20000,0.0050,28,82
Random flagged lines,70,0.0143,0.0100,20000,0.0050,28,82
Isolation Forest,70,0.8143,0.5700,20000,0.0050,28,82
Rarity only (priors = 1),70,0.9857,0.6900,20000,0.0050,28,82
Priors only (no rarity),70,0.8714,0.6100,20000,0.0050,28,82
Date tests not collapsed,70,0.9571,0.6700,20000,0.0050,28,82
No amount multiplier,70,0.9286,0.6500,20000,0.0050,28,82
No Benford diversity scaling,70,0.9571,0.6700,20000,0.0050,28,82
Ceiling (flagged lines),70,1.0000,1.0000,20000,0.0050,28,82
Risk score,80,0.9000,0.7200,20000,0.0050,28,82
Number of tests hit,80,0.8250,0.6600,20000,0.0050,28,82
Amount only,80,0.3875,0.3100,20000,0.0050,28,82
Random flagged lines,80,0.0125,0.0100,20000,0.0050,28,82
Isolation Forest,80,0.7375,0.5900,20000,0.0050,28,82
Rarity only (priors = 1),80,0.9125,0.7300,20000,0.0050,28,82
Priors only (no rarity),80,0.8625,0.6900,20000,0.0050,28,82
Date tests not collapsed,80,0.9000,0.7200,20000,0.0050,28,82
No amount multiplier,80,0.9000,0.7200,20000,0.0050,28,82
No Benford diversity scaling,80,0.9000,0.7200,20000,0.0050,28,82
Ceiling (flagged lines),80,1.0000,1.0000,20000,0.0050,28,82
Risk score,82,0.9024,0.7400,20000,0.0050,28,82
Number of tests hit,82,0.8293,0.6800,20000,0.0050,28,82
Amount only,82,0.3780,0.3100,20000,0.0050,28,82
Random flagged lines,82,0.0122,0.0100,20000,0.0050,28,82
Isolation Forest,82,0.7195,0.5900,20000,0.0050,28,82
Rarity only (priors = 1),82,0.8902,0.7300,20000,0.0050,28,82
Priors only (no rarity),82,0.8537,0.7000,20000,0.0050,28,82
Date tests not collapsed,82,0.9024,0.7400,20000,0.0050,28,82
No amount multiplier,82,0.8780,0.7200,20000,0.0050,28,82
No Benford diversity scaling,82,0.9024,0.7400,20000,0.0050,28,82
Ceiling (flagged lines),82,1.0000,1.0000,20000,0.0050,28,82
Risk score,90,0.8556,0.7700,20000,0.0050,28,82
Number of tests hit,90,0.7889,0.7100,20000,0.0050,28,82
Amount only,90,0.3778,0.3400,20000,0.0050,28,82
Random flagged lines,90,0.0111,0.0100,20000,0.0050,28,82
Isolation Forest,90,0.6667,0.6000,20000,0.0050,28,82
Rarity only (priors = 1),90,0.8444,0.7600,20000,0.0050,28,82
Priors only (no rarity),90,0.8111,0.7300,20000,0.0050,28,82
Date tests not collapsed,90,0.8556,0.7700,20000,0.0050,28,82
No amount multiplier,90,0.8000,0.7200,20000,0.0050,28,82
No Benford diversity scaling,90,0.8556,0.7700,20000,0.0050,28,82
Ceiling (flagged lines),90,1.0000,1.0000,20000,0.0050,28,82
Risk score,100,0.7800,0.7800,20000,0.0050,28,82
Number of tests hit,100,0.7500,0.7500,20000,0.0050,28,82
Amount only,100,0.3500,0.3500,20000,0.0050,28,82
Random flagged lines,100,0.0100,0.0100,20000,0.0050,28,82
Isolation Forest,100,0.6000,0.6000,20000,0.0050,28,82
Rarity only (priors = 1),100,0.7900,0.7900,20000,0.0050,28,82
Priors only (no rarity),100,0.7500,0.7500,20000,0.0050,28,82
Date tests not collapsed,100,0.7800,0.7800,20000,0.0050,28,82
No amount multiplier,100,0.7200,0.7200,20000,0.0050,28,82
No Benford diversity scaling,100,0.7800,0.7800,20000,0.0050,28,82
Ceiling (flagged lines),100,1.0000,1.0000,20000,0.0050,28,82
Risk score,110,0.7636,0.8400,20000,0.0050,28,82
Number of tests hit,110,0.6909,0.7600,20000,0.0050,28,82
Amount only,110,0.3636,0.4000,20000,0.0050,28,82
Random flagged lines,110,0.0091,0.0100,20000,0.0050,28,82
Isolation Forest,110,0.5545,0.6100,20000,0.0050,28,82
Rarity only (priors = 1),110,0.7455,0.8200,20000,0.0050,28,82
Priors only (no rarity),110,0.6818,0.7500,20000,0.0050,28,82
Date tests not collapsed,110,0.7636,0.8400,20000,0.0050,28,82
No amount multiplier,110,0.6545,0.7200,20000,0.0050,28,82
No Benford diversity scaling,110,0.7636,0.8400,20000,0.0050,28,82
Ceiling (flagged lines),110,0.9091,1.0000,20000,0.0050,28,82
Risk score,120,0.7250,0.8700,20000,0.0050,28,82
Number of tests hit,120,0.6333,0.7600,20000,0.0050,28,82
Amount only,120,0.3583,0.4300,20000,0.0050,28,82
Random flagged lines,120,0.0083,0.0100,20000,0.0050,28,82
Isolation Forest,120,0.5083,0.6100,20000,0.0050,28,82
Rarity only (priors = 1),120,0.7167,0.8600,20000,0.0050,28,82
Priors only (no rarity),120,0.6250,0.7500,20000,0.0050,28,82
Date tests not collapsed,120,0.7250,0.8700,20000,0.0050,28,82
No amount multiplier,120,0.6000,0.7200,20000,0.0050,28,82
No Benford diversity scaling,120,0.7250,0.8700,20000,0.0050,28,82
Ceiling (flagged lines),120,0.8333,1.0000,20000,0.0050,28,82
Risk score,130,0.6846,0.8900,20000,0.0050,28,82
Number of tests hit,130,0.5846,0.7600,20000,0.0050,28,82
Amount only,130,0.3462,0.4500,20000,0.0050,28,82
Random flagged lines,130,0.0154,0.0200,20000,0.0050,28,82
Isolation Forest,130,0.4923,0.6400,20000,0.0050,28,82
Rarity only (priors = 1),130,0.6846,0.8900,20000,0.0050,28,82
Priors only (no rarity),130,0.5769,0.7500,20000,0.0050,28,82
Date tests not collapsed,130,0.6846,0.8900,20000,0.0050,28,82
No amount multiplier,130,0.5538,0.7200,20000,0.0050,28,82
No Benford diversity scaling,130,0.6846,0.8900,20000,0.0050,28,82
Ceiling (flagged lines),130,0.7692,1.0000,20000,0.0050,28,82
Risk score,140,0.6429,0.9000,20000,0.0050,28,82
Number of tests hit,140,0.5429,0.7600,20000,0.0050,28,82
Amount only,140,0.3214,0.4500,20000,0.0050,28,82
Random flagged lines,140,0.0214,0.0300,20000,0.0050,28,82
Isolation Forest,140,0.4643,0.6500,20000,0.0050,28,82
Rarity only (priors = 1),140,0.6571,0.9200,20000,0.0050,28,82
Priors only (no rarity),140,0.5429,0.7600,20000,0.0050,28,82
Date tests not collapsed,140,0.6429,0.9000,20000,0.0050,28,82
No amount multiplier,140,0.5143,0.7200,20000,0.0050,28,82
No Benford diversity scaling,140,0.6429,0.9000,20000,0.0050,28,82
Ceiling (flagged lines),140,0.7143,1.0000,20000,0.0050,28,82
Risk score,150,0.6067,0.9100,20000,0.0050,28,82
Number of tests hit,150,0.5067,0.7600,20000,0.0050,28,82
Amount only,150,0.3067,0.4600,20000,0.0050,28,82
Random flagged lines,150,0.0200,0.0300,20000,0.0050,28,82
Isolation Forest,150,0.4467,0.6700,20000,0.0050,28,82
Rarity only (priors = 1),150,0.6200,0.9300,20000,0.0050,28,82
Priors only (no rarity),150,0.5067,0.7600,20000,0.0050,28,82
Date tests not collapsed,150,0.6067,0.9100,20000,0.0050,28,82
No amount multiplier,150,0.4800,0.7200,20000,0.0050,28,82
No Benford diversity scaling,150,0.6067,0.9100,20000,0.0050,28,82
Ceiling (flagged lines),150,0.6667,1.0000,20000,0.0050,28,82
Risk score,160,0.5687,0.9100,20000,0.0050,28,82
Number of tests hit,160,0.4750,0.7600,20000,0.0050,28,82
Amount only,160,0.2875,0.4600,20000,0.0050,28,82
Random flagged lines,160,0.0187,0.0300,20000,0.0050,28,82
Isolation Forest,160,0.4188,0.6700,20000,0.0050,28,82
Rarity only (priors = 1),160,0.5813,0.9300,20000,0.0050,28,82
Priors only (no rarity),160,0.4750,0.7600,20000,0.0050,28,82
Date tests not collapsed,160,0.5687,0.9100,20000,0.0050,28,82
No amount multiplier,160,0.4500,0.7200,20000,0.0050,28,82
No Benford diversity scaling,160,0.5687,0.9100,20000,0.0050,28,82
Ceiling (flagged lines),160,0.6250,1.0000,20000,0.0050,28,82
Risk score,170,0.5353,0.9100,20000,0.0050,28,82
Number of tests hit,170,0.4471,0.7600,20000,0.0050,28,82
Amount only,170,0.2706,0.4600,20000,0.0050,28,82
Random flagged lines,170,0.0235,0.0400,20000,0.0050,28,82
Isolation Forest,170,0.4000,0.6800,20000,0.0050,28,82
Rarity only (priors = 1),170,0.5471,0.9300,20000,0.0050,28,82
Priors only (no rarity),170,0.4529,0.7700,20000,0.0050,28,82
Date tests not collapsed,170,0.5353,0.9100,20000,0.0050,28,82
No amount multiplier,170,0.4294,0.7300,20000,0.0050,28,82
No Benford diversity scaling,170,0.5353,0.9100,20000,0.0050,28,82
Ceiling (flagged lines),170,0.5882,1.0000,20000,0.0050,28,82
Risk score,180,0.5056,0.9100,20000,0.0050,28,82
Number of tests hit,180,0.4222,0.7600,20000,0.0050,28,82
Amount only,180,0.2667,0.4800,20000,0.0050,28,82
Random flagged lines,180,0.0222,0.0400,20000,0.0050,28,82
Isolation Forest,180,0.3889,0.7000,20000,0.0050,28,82
Rarity only (priors = 1),180,0.5167,0.9300,20000,0.0050,28,82
Priors only (no rarity),180,0.4333,0.7800,20000,0.0050,28,82
Date tests not collapsed,180,0.5056,0.9100,20000,0.0050,28,82
No amount multiplier,180,0.4111,0.7400,20000,0.0050,28,82
No Benford diversity scaling,180,0.5056,0.9100,20000,0.0050,28,82
Ceiling (flagged lines),180,0.5556,1.0000,20000,0.0050,28,82
Risk score,190,0.4789,0.9100,20000,0.0050,28,82
Number of tests hit,190,0.4000,0.7600,20000,0.0050,28,82
Amount only,190,0.2526,0.4800,20000,0.0050,28,82
Random flagged lines,190,0.0211,0.0400,20000,0.0050,28,82
Isolation Forest,190,0.3684,0.7000,20000,0.0050,28,82
Rarity only (priors = 1),190,0.4895,0.9300,20000,0.0050,28,82
Priors only (no rarity),190,0.4105,0.7800,20000,0.0050,28,82
Date tests not collapsed,190,0.4789,0.9100,20000,0.0050,28,82
No amount multiplier,190,0.3947,0.7500,20000,0.0050,28,82
No Benford diversity scaling,190,0.4789,0.9100,20000,0.0050,28,82
Ceiling (flagged lines),190,0.5263,1.0000,20000,0.0050,28,82
Risk score,200,0.4550,0.9100,20000,0.0050,28,82
Number of tests hit,200,0.3800,0.7600,20000,0.0050,28,82
Amount only,200,0.2450,0.4900,20000,0.0050,28,82
Random flagged lines,200,0.0250,0.0500,20000,0.0050,28,82
Isolation Forest,200,0.3550,0.7100,20000,0.0050,28,82
Rarity only (priors = 1),200,0.4650,0.9300,20000,0.0050,28,82
Priors only (no rarity),200,0.3900,0.7800,20000,0.0050,28,82
Date tests not collapsed,200,0.4550,0.9100,20000,0.0050,28,82
No amount multiplier,200,0.3800,0.7600,20000,0.0050,28,82
No Benford diversity scaling,200,0.4550,0.9100,20000,0.0050,28,82
Ceiling (flagged lines),200,0.5000,1.0000,20000,0.0050,28,82
Risk score,210,0.4333,0.9100,20000,0.0050,28,82
Number of tests hit,210,0.3619,0.7600,20000,0.0050,28,82
Amount only,210,0.2381,0.5000,20000,0.0050,28,82
Random flagged lines,210,0.0238,0.0500,20000,0.0050,28,82
Isolation Forest,210,0.3381,0.7100,20000,0.0050,28,82
Rarity only (priors = 1),210,0.4429,0.9300,20000,0.0050,28,82
Priors only (no rarity),210,0.3905,0.8200,20000,0.0050,28,82
Date tests not collapsed,210,0.4333,0.9100,20000,0.0050,28,82
No amount multiplier,210,0.3667,0.7700,20000,0.0050,28,82
No Benford diversity scaling,210,0.4333,0.9100,20000,0.0050,28,82
Ceiling (flagged lines),210,0.4762,1.0000,20000,0.0050,28,82
Risk score,220,0.4136,0.9100,20000,0.0050,28,82
Number of tests hit,220,0.3455,0.7600,20000,0.0050,28,82
Amount only,220,0.2273,0.5000,20000,0.0050,28,82
Random flagged lines,220,0.0227,0.0500,20000,0.0050,28,82
Isolation Forest,220,0.3227,0.7100,20000,0.0050,28,82
Rarity only (priors = 1),220,0.4227,0.9300,20000,0.0050,28,82
Priors only (no rarity),220,0.3727,0.8200,20000,0.0050,28,82
Date tests not collapsed,220,0.4136,0.9100,20000,0.0050,28,82
No amount multiplier,220,0.3727,0.8200,20000,0.0050,28,82
No Benford diversity scaling,220,0.4136,0.9100,20000,0.0050,28,82
Ceiling (flagged lines),220,0.4545,1.0000,20000,0.0050,28,82
Risk score,230,0.3957,0.9100,20000,0.0050,28,82
Number of tests hit,230,0.3304,0.7600,20000,0.0050,28,82
Amount only,230,0.2174,0.5000,20000,0.0050,28,82
Random flagged lines,230,0.0261,0.0600,20000,0.0050,28,82
Isolation Forest,230,0.3087,0.7100,20000,0.0050,28,82
Rarity only (priors = 1),230,0.4043,0.9300,20000,0.0050,28,82
Priors only (no rarity),230,0.3609,0.8300,20000,0.0050,28,82
Date tests not collapsed,230,0.3957,0.9100,20000,0.0050,28,82
No amount multiplier,230,0.3565,0.8200,20000,0.0050,28,82
No Benford diversity scaling,230,0.3957,0.9100,20000,0.0050,28,82
Ceiling (flagged lines),230,0.4348,1.0000,20000,0.0050,28,82
Risk score,240,0.3792,0.9100,20000,0.0050,28,82
Number of tests hit,240,0.3167,0.7600,20000,0.0050,28,82
Amount only,240,0.2167,0.5200,20000,0.0050,28,82
Random flagged lines,240,0.0250,0.0600,20000,0.0050,28,82
Isolation Forest,240,0.2958,0.7100,20000,0.0050,28,82
Rarity only (priors = 1),240,0.3875,0.9300,20000,0.0050,28,82
Priors only (no rarity),240,0.3458,0.8300,20000,0.0050,28,82
Date tests not collapsed,240,0.3792,0.9100,20000,0.0050,28,82
No amount multiplier,240,0.3417,0.8200,20000,0.0050,28,82
No Benford diversity scaling,240,0.3792,0.9100,20000,0.0050,28,82
Ceiling (flagged lines),240,0.4167,1.0000,20000,0.0050,28,82
Risk score,250,0.3640,0.9100,20000,0.0050,28,82
Number of tests hit,250,0.3040,0.7600,20000,0.0050,28,82
Amount only,250,0.2080,0.5200,20000,0.0050,28,82
Random flagged lines,250,0.0280,0.0700,20000,0.0050,28,82
Isolation Forest,250,0.2880,0.7200,20000,0.0050,28,82
Rarity only (priors = 1),250,0.3720,0.9300,20000,0.0050,28,82
Priors only (no rarity),250,0.3320,0.8300,20000,0.0050,28,82
Date tests not collapsed,250,0.3640,0.9100,20000,0.0050,28,82
No amount multiplier,250,0.3280,0.8200,20000,0.0050,28,82
No Benford diversity scaling,250,0.3640,0.9100,20000,0.0050,28,82
Ceiling (flagged lines),250,0.4000,1.0000,20000,0.0050,28,82
Risk score,260,0.3500,0.9100,20000,0.0050,28,82
Number of tests hit,260,0.2923,0.7600,20000,0.0050,28,82
Amount only,260,0.2000,0.5200,20000,0.0050,28,82
Random flagged lines,260,0.0308,0.0800,20000,0.0050,28,82
Isolation Forest,260,0.2769,0.7200,20000,0.0050,28,82
Rarity only (priors = 1),260,0.3577,0.9300,20000,0.0050,28,82
Priors only (no rarity),260,0.3269,0.8500,20000,0.0050,28,82
Date tests not collapsed,260,0.3500,0.9100,20000,0.0050,28,82
No amount multiplier,260,0.3154,0.8200,20000,0.0050,28,82
No Benford diversity scaling,260,0.3500,0.9100,20000,0.0050,28,82
Ceiling (flagged lines),260,0.3846,1.0000,20000,0.0050,28,82
Risk score,270,0.3370,0.9100,20000,0.0050,28,82
Number of tests hit,270,0.2815,0.7600,20000,0.0050,28,82
Amount only,270,0.1926,0.5200,20000,0.0050,28,82
Random flagged lines,270,0.0333,0.0900,20000,0.0050,28,82
Isolation Forest,270,0.2667,0.7200,20000,0.0050,28,82
Rarity only (priors = 1),270,0.3444,0.9300,20000,0.0050,28,82
Priors only (no rarity),270,0.3148,0.8500,20000,0.0050,28,82
Date tests not collapsed,270,0.3370,0.9100,20000,0.0050,28,82
No amount multiplier,270,0.3037,0.8200,20000,0.0050,28,82
No Benford diversity scaling,270,0.3370,0.9100,20000,0.0050,28,82
Ceiling (flagged lines),270,0.3704,1.0000,20000,0.0050,28,82
Risk score,280,0.3250,0.9100,20000,0.0050,28,82
Number of tests hit,280,0.2714,0.7600,20000,0.0050,28,82
Amount only,280,0.1893,0.5300,20000,0.0050,28,82
Random flagged lines,280,0.0321,0.0900,20000,0.0050,28,82
Isolation Forest,280,0.2571,0.7200,20000,0.0050,28,82
Rarity only (priors = 1),280,0.3464,0.9700,20000,0.0050,28,82
Priors only (no rarity),280,0.3036,0.8500,20000,0.0050,28,82
Date tests not collapsed,280,0.3250,0.9100,20000,0.0050,28,82
No amount multiplier,280,0.2929,0.8200,20000,0.0050,28,82
No Benford diversity scaling,280,0.3250,0.9100,20000,0.0050,28,82
Ceiling (flagged lines),280,0.3571,1.0000,20000,0.0050,28,82
Risk score,290,0.3138,0.9100,20000,0.0050,28,82
Number of tests hit,290,0.2621,0.7600,20000,0.0050,28,82
Amount only,290,0.1828,0.5300,20000,0.0050,28,82
Random flagged lines,290,0.0310,0.0900,20000,0.0050,28,82
Isolation Forest,290,0.2483,0.7200,20000,0.0050,28,82
Rarity only (priors = 1),290,0.3345,0.9700,20000,0.0050,28,82
Priors only (no rarity),290,0.2931,0.8500,20000,0.0050,28,82
Date tests not collapsed,290,0.3138,0.9100,20000,0.0050,28,82
No amount multiplier,290,0.2828,0.8200,20000,0.0050,28,82
No Benford diversity scaling,290,0.3138,0.9100,20000,0.0050,28,82
Ceiling (flagged lines),290,0.3448,1.0000,20000,0.0050,28,82
Risk score,300,0.3033,0.9100,20000,0.0050,28,82
Number of tests hit,300,0.2533,0.7600,20000,0.0050,28,82
Amount only,300,0.1800,0.5400,20000,0.0050,28,82
Random flagged lines,300,0.0300,0.0900,20000,0.0050,28,82
Isolation Forest,300,0.2400,0.7200,20000,0.0050,28,82
Rarity only (priors = 1),300,0.3267,0.9800,20000,0.0050,28,82
Priors only (no rarity),300,0.2833,0.8500,20000,0.0050,28,82
Date tests not collapsed,300,0.3033,0.9100,20000,0.0050,28,82
No amount multiplier,300,0.2733,0.8200,20000,0.0050,28,82
No Benford diversity scaling,300,0.3033,0.9100,20000,0.0050,28,82
Ceiling (flagged lines),300,0.3333,1.0000,20000,0.0050,28,82
Risk score,10,1.0000,0.1000,20000,0.0050,29,82
Number of tests hit,10,1.0000,0.1000,20000,0.0050,29,82
Amount only,10,0.2000,0.0200,20000,0.0050,29,82
Random flagged lines,10,0.0000,0.0000,20000,0.0050,29,82
Isolation Forest,10,1.0000,0.1000,20000,0.0050,29,82
Rarity only (priors = 1),10,1.0000,0.1000,20000,0.0050,29,82
Priors only (no rarity),10,1.0000,0.1000,20000,0.0050,29,82
Date tests not collapsed,10,1.0000,0.1000,20000,0.0050,29,82
No amount multiplier,10,1.0000,0.1000,20000,0.0050,29,82
No Benford diversity scaling,10,1.0000,0.1000,20000,0.0050,29,82
Ceiling (flagged lines),10,1.0000,1.0000,20000,0.0050,29,82
Risk score,20,1.0000,0.2000,20000,0.0050,29,82
Number of tests hit,20,1.0000,0.2000,20000,0.0050,29,82
Amount only,20,0.3000,0.0600,20000,0.0050,29,82
Random flagged lines,20,0.0000,0.0000,20000,0.0050,29,82
Isolation Forest,20,1.0000,0.2000,20000,0.0050,29,82
Rarity only (priors = 1),20,1.0000,0.2000,20000,0.0050,29,82
Priors only (no rarity),20,1.0000,0.2000,20000,0.0050,29,82
Date tests not collapsed,20,1.0000,0.2000,20000,0.0050,29,82
No amount multiplier,20,1.0000,0.2000,20000,0.0050,29,82
No Benford diversity scaling,20,1.0000,0.2000,20000,0.0050,29,82
Ceiling (flagged lines),20,1.0000,1.0000,20000,0.0050,29,82
Risk score,30,1.0000,0.3000,20000,0.0050,29,82
Number of tests hit,30,1.0000,0.3000,20000,0.0050,29,82
Amount only,30,0.3667,0.1100,20000,0.0050,29,82
Random flagged lines,30,0.1000,0.0300,20000,0.0050,29,82
Isolation Forest,30,1.0000,0.3000,20000,0.0050,29,82
Rarity only (priors = 1),30,1.0000,0.3000,20000,0.0050,29,82
Priors only (no rarity),30,1.0000,0.3000,20000,0.0050,29,82
Date tests not collapsed,30,1.0000,0.3000,20000,0.0050,29,82
No amount multiplier,30,1.0000,0.3000,20000,0.0050,29,82
No Benford diversity scaling,30,1.0000,0.3000,20000,0.0050,29,82
Ceiling (flagged lines),30,1.0000,1.0000,20000,0.0050,29,82
Risk score,40,1.0000,0.4000,20000,0.0050,29,82
Number of tests hit,40,0.9750,0.3900,20000,0.0050,29,82
Amount only,40,0.3250,0.1300,20000,0.0050,29,82
Random flagged lines,40,0.0750,0.0300,20000,0.0050,29,82
Isolation Forest,40,0.9500,0.3800,20000,0.0050,29,82
Rarity only (priors = 1),40,1.0000,0.4000,20000,0.0050,29,82
Priors only (no rarity),40,0.9750,0.3900,20000,0.0050,29,82
Date tests not collapsed,40,1.0000,0.4000,20000,0.0050,29,82
No amount multiplier,40,1.0000,0.4000,20000,0.0050,29,82
No Benford diversity scaling,40,1.0000,0.4000,20000,0.0050,29,82
Ceiling (flagged lines),40,1.0000,1.0000,20000,0.0050,29,82
Risk score,50,0.9800,0.4900,20000,0.0050,29,82
Number of tests hit,50,0.9600,0.4800,20000,0.0050,29,82
Amount only,50,0.3600,0.1800,20000,0.0050,29,82
Random flagged lines,50,0.0800,0.0400,20000,0.0050,29,82
Isolation Forest,50,0.9400,0.4700,20000,0.0050,29,82
Rarity only (priors = 1),50,0.9800,0.4900,20000,0.0050,29,82
Priors only (no rarity),50,0.9600,0.4800,20000,0.0050,29,82
Date tests not collapsed,50,0.9800,0.4900,20000,0.0050,29,82
No amount multiplier,50,0.9600,0.4800,20000,0.0050,29,82
No Benford diversity scaling,50,0.9800,0.4900,20000,0.0050,29,82
Ceiling (flagged lines),50,1.0000,1.0000,20000,0.0050,29,82
Risk score,60,0.9667,0.5800,20000,0.0050,29,82
Number of tests hit,60,0.9167,0.5500,20000,0.0050,29,82
Amount only,60,0.3333,0.2000,20000,0.0050,29,82
Random flagged lines,60,0.0667,0.0400,20000,0.0050,29,82
Isolation Forest,60,0.8667,0.5200,20000,0.0050,29,82
Rarity only (priors = 1),60,0.9833,0.5900,20000,0.0050,29,82
Priors only (no rarity),60,0.9000,0.5400,20000,0.0050,29,82
Date tests not collapsed,60,0.9667,0.5800,20000,0.0050,29,82
No amount multiplier,60,0.8667,0.5200,20000,0.0050,29,82
No Benford diversity scaling,60,0.9667,0.5800,20000,0.0050,29,82
Ceiling (flagged lines),60,1.0000,1.0000,20000,0.0050,29,82
Risk score,70,0.9429,0.6600,20000,0.0050,29,82
Number of tests hit,70,0.8286,0.5800,20000,0.0050,29,82
Amount only,70,0.2857,0.2000,20000,0.0050,29,82
Random flagged lines,70,0.0571,0.0400,20000,0.0050,29,82
Isolation Forest,70,0.8000,0.5600,20000,0.0050,29,82
Rarity only (priors = 1),70,0.9429,0.6600,20000,0.0050,29,82
Priors only (no rarity),70,0.8286,0.5800,20000,0.0050,29,82
Date tests not collapsed,70,0.9429,0.6600,20000,0.0050,29,82
No amount multiplier,70,0.8714,0.6100,20000,0.0050,29,82
No Benford diversity scaling,70,0.9429,0.6600,20000,0.0050,29,82
Ceiling (flagged lines),70,1.0000,1.0000,20000,0.0050,29,82
Risk score,80,0.8750,0.7000,20000,0.0050,29,82
Number of tests hit,80,0.7500,0.6000,20000,0.0050,29,82
Amount only,80,0.2875,0.2300,20000,0.0050,29,82
Random flagged lines,80,0.0625,0.0500,20000,0.0050,29,82
Isolation Forest,80,0.7375,0.5900,20000,0.0050,29,82
Rarity only (priors = 1),80,0.8500,0.6800,20000,0.0050,29,82
Priors only (no rarity),80,0.8125,0.6500,20000,0.0050,29,82
Date tests not collapsed,80,0.8750,0.7000,20000,0.0050,29,82
No amount multiplier,80,0.8500,0.6800,20000,0.0050,29,82
No Benford diversity scaling,80,0.8750,0.7000,20000,0.0050,29,82
Ceiling (flagged lines),80,1.0000,1.0000,20000,0.0050,29,82
Risk score,82,0.8780,0.7200,20000,0.0050,29,82
Number of tests hit,82,0.7561,0.6200,20000,0.0050,29,82
Amount only,82,0.3049,0.2500,20000,0.0050,29,82
Random flagged lines,82,0.0610,0.0500,20000,0.0050,29,82
Isolation Forest,82,0.7195,0.5900,20000,0.0050,29,82
Rarity only (priors = 1),82,0.8537,0.7000,20000,0.0050,29,82
Priors only (no rarity),82,0.8171,0.6700,20000,0.0050,29,82
Date tests not collapsed,82,0.8780,0.7200,20000,0.0050,29,82
No amount multiplier,82,0.8415,0.6900,20000,0.0050,29,82
No Benford diversity scaling,82,0.8780,0.7200,20000,0.0050,29,82
Ceiling (flagged lines),82,1.0000,1.0000,20000,0.0050,29,82
Risk score,90,0.8222,0.7400,20000,0.0050,29,82
Number of tests hit,90,0.7444,0.6700,20000,0.0050,29,82
Amount only,90,0.3111,0.2800,20000,0.0050,29,82
Random flagged lines,90,0.0556,0.0500,20000,0.0050,29,82
Isolation Forest,90,0.6556,0.5900,20000,0.0050,29,82
Rarity only (priors = 1),90,0.8111,0.7300,20000,0.0050,29,82
Priors only (no rarity),90,0.7556,0.6800,20000,0.0050,29,82
Date tests not collapsed,90,0.8222,0.7400,20000,0.0050,29,82
No amount multiplier,90,0.7778,0.7000,20000,0.0050,29,82
No Benford diversity scaling,90,0.8222,0.7400,20000,0.0050,29,82
Ceiling (flagged lines),90,1.0000,1.0000,20000,0.0050,29,82
Risk score,100,0.7400,0.7400,20000,0.0050,29,82
Number of tests hit,100,0.7000,0.7000,20000,0.0050,29,82
Amount only,100,0.3100,0.3100,20000,0.0050,29,82
Random flagged lines,100,0.0500,0.0500,20000,0.0050,29,82
Isolation Forest,100,0.5900,0.5900,20000,0.0050,29,82
Rarity only (priors = 1),100,0.7800,0.7800,20000,0.0050,29,82
Priors only (no rarity),100,0.7100,0.7100,20000,0.0050,29,82
Date tests not collapsed,100,0.7400,0.7400,20000,0.0050,29,82
No amount multiplier,100,0.7100,0.7100,20000,0.0050,29,82
No Benford diversity scaling,100,0.7400,0.7400,20000,0.0050,29,82
Ceiling (flagged lines),100,1.0000,1.0000,20000,0.0050,29,82
Risk score,110,0.7182,0.7900,20000,0.0050,29,82
Number of tests hit,110,0.6364,0.7000,20000,0.0050,29,82
Amount only,110,0.3545,0.3900,20000,0.0050,29,82
Random flagged lines,110,0.0455,0.0500,20000,0.0050,29,82
Isolation Forest,110,0.5545,0.6100,20000,0.0050,29,82
Rarity only (priors = 1),110,0.7545,0.8300,20000,0.0050,29,82
Priors only (no rarity),110,0.6545,0.7200,20000,0.0050,29,82
Date tests not collapsed,110,0.7182,0.7900,20000,0.0050,29,82
No amount multiplier,110,0.6455,0.7100,20000,0.0050,29,82
No Benford diversity scaling,110,0.7182,0.7900,20000,0.0050,29,82
Ceiling (flagged lines),110,0.9091,1.0000,20000,0.0050,29,82
Risk score,120,0.6833,0.8200,20000,0.0050,29,82
Number of tests hit,120,0.5833,0.7000,20000,0.0050,29,82
Amount only,120,0.3333,0.4000,20000,0.0050,29,82
Random flagged lines,120,0.0500,0.0600,20000,0.0050,29,82
Isolation Forest,120,0.5083,0.6100,20000,0.0050,29,82
Rarity only (priors = 1),120,0.7083,0.8500,20000,0.0050,29,82
Priors only (no rarity),120,0.6083,0.7300,20000,0.0050,29,82
Date tests not collapsed,120,0.6833,0.8200,20000,0.0050,29,82
No amount multiplier,120,0.5917,0.7100,20000,0.0050,29,82
No Benford diversity scaling,120,0.6833,0.8200,20000,0.0050,29,82
Ceiling (flagged lines),120,0.8333,1.0000,20000,0.0050,29,82
Risk score,130,0.6538,0.8500,20000,0.0050,29,82
Number of tests hit,130,0.5385,0.7000,20000,0.0050,29,82
Amount only,130,0.3154,0.4100,20000,0.0050,29,82
Random flagged lines,130,0.0462,0.0600,20000,0.0050,29,82
Isolation Forest,130,0.4692,0.6100,20000,0.0050,29,82
Rarity only (priors = 1),130,0.6769,0.8800,20000,0.0050,29,82
Priors only (no rarity),130,0.5692,0.7400,20000,0.0050,29,82
Date tests not collapsed,130,0.6538,0.8500,20000,0.0050,29,82
No amount multiplier,130,0.5615,0.7300,20000,0.0050,29,82
No Benford diversity scaling,130,0.6538,0.8500,20000,0.0050,29,82
Ceiling (flagged lines),130,0.7692,1.0000,20000,0.0050,29,82
Risk score,140,0.6071,0.8500,20000,0.0050,29,82
Number of tests hit,140,0.5000,0.7000,20000,0.0050,29,82
Amount only,140,0.3000,0.4200,20000,0.0050,29,82
Random flagged lines,140,0.0429,0.0600,20000,0.0050,29,82
Isolation Forest,140,0.4357,0.6100,20000,0.0050,29,82
Rarity only (priors = 1),140,0.6286,0.8800,20000,0.0050,29,82
Priors only (no rarity),140,0.5286,0.7400,20000,0.0050,29,82
Date tests not collapsed,140,0.6071,0.8500,20000,0.0050,29,82
No amount multiplier,140,0.5357,0.7500,20000,0.0050,29,82
No Benford diversity scaling,140,0.6071,0.8500,20000,0.0050,29,82
Ceiling (flagged lines),140,0.7143,1.0000,20000,0.0050,29,82
Risk score,150,0.5800,0.8700,20000,0.0050,29,82
Number of tests hit,150,0.4667,0.7000,20000,0.0050,29,82
Amount only,150,0.2933,0.4400,20000,0.0050,29,82
Random flagged lines,150,0.0400,0.0600,20000,0.0050,29,82
Isolation Forest,150,0.4133,0.6200,20000,0.0050,29,82
Rarity only (priors = 1),150,0.6000,0.9000,20000,0.0050,29,82
Priors only (no rarity),150,0.4933,0.7400,20000,0.0050,29,82
Date tests not collapsed,150,0.5800,0.8700,20000,0.0050,29,82
No amount multiplier,150,0.5000,0.7500,20000,0.0050,29,82
No Benford diversity scaling,150,0.5800,0.8700,20000,0.0050,29,82
Ceiling (flagged lines),150,0.6667,1.0000,20000,0.0050,29,82
Risk score,160,0.5500,0.8800,20000,0.0050,29,82
Number of tests hit,160,0.4375,0.7000,20000,0.0050,29,82
Amount only,160,0.2812,0.4500,20000,0.0050,29,82
Random flagged lines,160,0.0375,0.0600,20000,0.0050,29,82
Isolation Forest,160,0.4000,0.6400,20000,0.0050,29,82
Rarity only (priors = 1),160,0.5625,0.9000,20000,0.0050,29,82
Priors only (no rarity),160,0.4750,0.7600,20000,0.0050,29,82
Date tests not collapsed,160,0.5500,0.8800,20000,0.0050,29,82
No amount multiplier,160,0.4688,0.7500,20000,0.0050,29,82
No Benford diversity scaling,160,0.5500,0.8800,20000,0.0050,29,82
Ceiling (flagged lines),160,0.6250,1.0000,20000,0.0050,29,82
Risk score,170,0.5176,0.8800,20000,0.0050,29,82
Number of tests hit,170,0.4118,0.7000,20000,0.0050,29,82
Amount only,170,0.2647,0.4500,20000,0.0050,29,82
Random flagged lines,170,0.0353,0.0600,20000,0.0050,29,82
Isolation Forest,170,0.3824,0.6500,20000,0.0050,29,82
Rarity only (priors = 1),170,0.5294,0.9000,20000,0.0050,29,82
Priors only (no rarity),170,0.4471,0.7600,20000,0.0050,29,82
Date tests not collapsed,170,0.5176,0.8800,20000,0.0050,29,82
No amount multiplier,170,0.4412,0.7500,20000,0.0050,29,82
No Benford diversity scaling,170,0.5176,0.8800,20000,0.0050,29,82
Ceiling (flagged lines),170,0.5882,1.0000,20000,0.0050,29,82
Risk score,180,0.4889,0.8800,20000,0.0050,29,82
Number of tests hit,180,0.3889,0.7000,20000,0.0050,29,82
Amount only,180,0.2500,0.4500,20000,0.0050,29,82
Random flagged lines,180,0.0333,0.0600,20000,0.0050,29,82
Isolation Forest,180,0.3667,0.6600,20000,0.0050,29,82
Rarity only (priors = 1),180,0.5000,0.9000,20000,0.0050,29,82
Priors only (no rarity),180,0.4222,0.7600,20000,0.0050,29,82
Date tests not collapsed,180,0.4889,0.8800,20000,0.0050,29,82
No amount multiplier,180,0.4167,0.7500,20000,0.0050,29,82
No Benford diversity scaling,180,0.4889,0.8800,20000,0.0050,29,82
Ceiling (flagged lines),180,0.5556,1.0000,20000,0.0050,29,82
Risk score,190,0.4632,0.8800,20000,0.0050,29,82
Number of tests hit,190,0.3684,0.7000,20000,0.0050,29,82
Amount only,190,0.2368,0.4500,20000,0.0050,29,82
Random flagged lines,190,0.0316,0.0600,20000,0.0050,29,82
Isolation Forest,190,0.3474,0.6600,20000,0.0050,29,82
Rarity only (priors = 1),190,0.4737,0.9000,20000,0.0050,29,82
Priors only (no rarity),190,0.4000,0.7600,20000,0.0050,29,82
Date tests not collapsed,190,0.4632,0.8800,20000,0.0050,29,82
No amount multiplier,190,0.3947,0.7500,20000,0.0050,29,82
No Benford diversity scaling,190,0.4632,0.8800,20000,0.0050,29,82
Ceiling (flagged lines),190,0.5263,1.0000,20000,0.0050,29,82
Risk score,200,0.4400,0.8800,20000,0.0050,29,82
Number of tests hit,200,0.3500,0.7000,20000,0.0050,29,82
Amount only,200,0.2250,0.4500,20000,0.0050,29,82
Random flagged lines,200,0.0300,0.0600,20000,0.0050,29,82
Isolation Forest,200,0.3350,0.6700,20000,0.0050,29,82
Rarity only (priors = 1),200,0.4500,0.9000,20000,0.0050,29,82
Priors only (no rarity),200,0.3800,0.7600,20000,0.0050,29,82
Date tests not collapsed,200,0.4400,0.8800,20000,0.0050,29,82
No amount multiplier,200,0.3750,0.7500,20000,0.0050,29,82
No Benford diversity scaling,200,0.4400,0.8800,20000,0.0050,29,82
Ceiling (flagged lines),200,0.5000,1.0000,20000,0.0050,29,82
Risk score,210,0.4190,0.8800,20000,0.0050,29,82
Number of tests hit,210,0.3333,0.7000,20000,0.0050,29,82
Amount only,210,0.2143,0.4500,20000,0.0050,29,82
Random flagged lines,210,0.0286,0.0600,20000,0.0050,29,82
Isolation Forest,210,0.3286,0.6900,20000,0.0050,29,82
Rarity only (priors = 1),210,0.4286,0.9000,20000,0.0050,29,82
Priors only (no rarity),210,0.3619,0.7600,20000,0.0050,29,82
Date tests not collapsed,210,0.4190,0.8800,20000,0.0050,29,82
No amount multiplier,210,0.3571,0.7500,20000,0.0050,29,82
No Benford diversity scaling,210,0.4190,0.8800,20000,0.0050,29,82
Ceiling (flagged lines),210,0.4762,1.0000,20000,0.0050,29,82
Risk score,220,0.4000,0.8800,20000,0.0050,29,82
Number of tests hit,220,0.3182,0.7000,20000,0.0050,29,82
Amount only,220,0.2045,0.4500,20000,0.0050,29,82
Random flagged lines,220,0.0273,0.0600,20000,0.0050,29,82
Isolation Forest,220,0.3136,0.6900,20000,0.0050,29,82
Rarity only (priors = 1),220,0.4091,0.9000,20000,0.0050,29,82
Priors only (no rarity),220,0.3455,0.7600,20000,0.0050,29,82
Date tests not collapsed,220,0.4000,0.8800,20000,0.0050,29,82
No amount multiplier,220,0.3409,0.7500,20000,0.0050,29,82
No Benford diversity scaling,220,0.4000,0.8800,20000,0.0050,29,82
Ceiling (flagged lines),220,0.4545,1.0000,20000,0.0050,29,82
Risk score,230,0.3826,0.8800,20000,0.0050,29,82
Number of tests hit,230,0.3043,0.7000,20000,0.0050,29,82
Amount only,230,0.1957,0.4500,20000,0.0050,29,82
Random flagged lines,230,0.0304,0.0700,20000,0.0050,29,82
Isolation Forest,230,0.3043,0.7000,20000,0.0050,29,82
Rarity only (priors = 1),230,0.3913,0.9000,20000,0.0050,29,82
Priors only (no rarity),230,0.3304,0.7600,20000,0.0050,29,82
Date tests not collapsed,230,0.3826,0.8800,20000,0.0050,29,82
No amount multiplier,230,0.3391,0.7800,20000,0.0050,29,82
No Benford diversity scaling,230,0.3826,0.8800,20000,0.0050,29,82
Ceiling (flagged lines),230,0.4348,1.0000,20000,0.0050,29,82
Risk score,240,0.3667,0.8800,20000,0.0050,29,82
Number of tests hit,240,0.2917,0.7000,20000,0.0050,29,82
Amount only,240,0.1875,0.4500,20000,0.0050,29,82
Random flagged lines,240,0.0292,0.0700,20000,0.0050,29,82
Isolation Forest,240,0.2917,0.7000,20000,0.0050,29,82
Rarity only (priors = 1),240,0.3833,0.9200,20000,0.0050,29,82
Priors only (no rarity),240,0.3250,0.7800,20000,0.0050,29,82
Date tests not collapsed,240,0.3667,0.8800,20000,0.0050,29,82
No amount multiplier,240,0.3250,0.7800,20000,0.0050,29,82
No Benford diversity scaling,240,0.3667,0.8800,20000,0.0050,29,82
Ceiling (flagged lines),240,0.4167,1.0000,20000,0.0050,29,82
Risk score,250,0.3520,0.8800,20000,0.0050,29,82
Number of tests hit,250,0.2800,0.7000,20000,0.0050,29,82
Amount only,250,0.1800,0.4500,20000,0.0050,29,82
Random flagged lines,250,0.0280,0.0700,20000,0.0050,29,82
Isolation Forest,250,0.2800,0.7000,20000,0.0050,29,82
Rarity only (priors = 1),250,0.3720,0.9300,20000,0.0050,29,82
Priors only (no rarity),250,0.3160,0.7900,20000,0.0050,29,82
Date tests not collapsed,250,0.3520,0.8800,20000,0.0050,29,82
No amount multiplier,250,0.3120,0.7800,20000,0.0050,29,82
No Benford diversity scaling,250,0.3520,0.8800,20000,0.0050,29,82
Ceiling (flagged lines),250,0.4000,1.0000,20000,0.0050,29,82
Risk score,260,0.3423,0.8900,20000,0.0050,29,82
Number of tests hit,260,0.2692,0.7000,20000,0.0050,29,82
Amount only,260,0.1808,0.4700,20000,0.0050,29,82
Random flagged lines,260,0.0269,0.0700,20000,0.0050,29,82
Isolation Forest,260,0.2731,0.7100,20000,0.0050,29,82
Rarity only (priors = 1),260,0.3615,0.9400,20000,0.0050,29,82
Priors only (no rarity),260,0.3077,0.8000,20000,0.0050,29,82
Date tests not collapsed,260,0.3423,0.8900,20000,0.0050,29,82
No amount multiplier,260,0.3000,0.7800,20000,0.0050,29,82
No Benford diversity scaling,260,0.3423,0.8900,20000,0.0050,29,82
Ceiling (flagged lines),260,0.3846,1.0000,20000,0.0050,29,82
Risk score,270,0.3296,0.8900,20000,0.0050,29,82
Number of tests hit,270,0.2593,0.7000,20000,0.0050,29,82
Amount only,270,0.1778,0.4800,20000,0.0050,29,82
Random flagged lines,270,0.0259,0.0700,20000,0.0050,29,82
Isolation Forest,270,0.2630,0.7100,20000,0.0050,29,82
Rarity only (priors = 1),270,0.3481,0.9400,20000,0.0050,29,82
Priors only (no rarity),270,0.3000,0.8100,20000,0.0050,29,82
Date tests not collapsed,270,0.3296,0.8900,20000,0.0050,29,82
No amount multiplier,270,0.2889,0.7800,20000,0.0050,29,82
No Benford diversity scaling,270,0.3296,0.8900,20000,0.0050,29,82
Ceiling (flagged lines),270,0.3704,1.0000,20000,0.0050,29,82
Risk score,280,0.3179,0.8900,20000,0.0050,29,82
Number of tests hit,280,0.2500,0.7000,20000,0.0050,29,82
Amount only,280,0.1714,0.4800,20000,0.0050,29,82
Random flagged lines,280,0.0286,0.0800,20000,0.0050,29,82
Isolation Forest,280,0.2536,0.7100,20000,0.0050,29,82
Rarity only (priors = 1),280,0.3357,0.9400,20000,0.0050,29,82
Priors only (no rarity),280,0.2893,0.8100,20000,0.0050,29,82
Date tests not collapsed,280,0.3179,0.8900,20000,0.0050,29,82
No amount multiplier,280,0.2786,0.7800,20000,0.0050,29,82
No Benford diversity scaling,280,0.3179,0.8900,20000,0.0050,29,82
Ceiling (flagged lines),280,0.3571,1.0000,20000,0.0050,29,82
Risk score,290,0.3069,0.8900,20000,0.0050,29,82
Number of tests hit,290,0.2414,0.7000,20000,0.0050,29,82
Amount only,290,0.1793,0.5200,20000,0.0050,29,82
Random flagged lines,290,0.0310,0.0900,20000,0.0050,29,82
Isolation Forest,290,0.2448,0.7100,20000,0.0050,29,82
Rarity only (priors = 1),290,0.3241,0.9400,20000,0.0050,29,82
Priors only (no rarity),290,0.2828,0.8200,20000,0.0050,29,82
Date tests not collapsed,290,0.3069,0.8900,20000,0.0050,29,82
No amount multiplier,290,0.2690,0.7800,20000,0.0050,29,82
No Benford diversity scaling,290,0.3069,0.8900,20000,0.0050,29,82
Ceiling (flagged lines),290,0.3448,1.0000,20000,0.0050,29,82
Risk score,300,0.2967,0.8900,20000,0.0050,29,82
Number of tests hit,300,0.2333,0.7000,20000,0.0050,29,82
Amount only,300,0.1733,0.5200,20000,0.0050,29,82
Random flagged lines,300,0.0333,0.1000,20000,0.0050,29,82
Isolation Forest,300,0.2367,0.7100,20000,0.0050,29,82
Rarity only (priors = 1),300,0.3133,0.9400,20000,0.0050,29,82
Priors only (no rarity),300,0.2733,0.8200,20000,0.0050,29,82
Date tests not collapsed,300,0.2967,0.8900,20000,0.0050,29,82
No amount multiplier,300,0.2600,0.7800,20000,0.0050,29,82
No Benford diversity scaling,300,0.2967,0.8900,20000,0.0050,29,82
Ceiling (flagged lines),300,0.3333,1.0000,20000,0.0050,29,82
Risk score,26,0.3846,1.0000,2000,0.0050,0,26
Number of tests hit,26,0.2308,0.6000,2000,0.0050,0,26
Amount only,26,0.2308,0.6000,2000,0.0050,0,26
Random flagged lines,26,0.0385,0.1000,2000,0.0050,0,26
Ceiling (flagged lines),26,0.3846,1.0000,2000,0.0050,0,26
Risk score,26,0.3462,0.9000,2000,0.0050,1,26
Number of tests hit,26,0.3462,0.9000,2000,0.0050,1,26
Amount only,26,0.1923,0.5000,2000,0.0050,1,26
Random flagged lines,26,0.0769,0.2000,2000,0.0050,1,26
Ceiling (flagged lines),26,0.3846,1.0000,2000,0.0050,1,26
Risk score,26,0.3846,1.0000,2000,0.0050,2,26
Number of tests hit,26,0.3462,0.9000,2000,0.0050,2,26
Amount only,26,0.3077,0.8000,2000,0.0050,2,26
Random flagged lines,26,0.0000,0.0000,2000,0.0050,2,26
Ceiling (flagged lines),26,0.3846,1.0000,2000,0.0050,2,26
Risk score,26,0.3846,1.0000,2000,0.0050,3,26
Number of tests hit,26,0.2692,0.7000,2000,0.0050,3,26
Amount only,26,0.1923,0.5000,2000,0.0050,3,26
Random flagged lines,26,0.0000,0.0000,2000,0.0050,3,26
Ceiling (flagged lines),26,0.3846,1.0000,2000,0.0050,3,26
Risk score,26,0.3846,1.0000,2000,0.0050,4,26
Number of tests hit,26,0.3462,0.9000,2000,0.0050,4,26
Amount only,26,0.2308,0.6000,2000,0.0050,4,26
Random flagged lines,26,0.0000,0.0000,2000,0.0050,4,26
Ceiling (flagged lines),26,0.3846,1.0000,2000,0.0050,4,26
Risk score,26,0.3077,0.8000,2000,0.0050,5,26
Number of tests hit,26,0.2308,0.6000,2000,0.0050,5,26
Amount only,26,0.2308,0.6000,2000,0.0050,5,26
Random flagged lines,26,0.0000,0.0000,2000,0.0050,5,26
Ceiling (flagged lines),26,0.3846,1.0000,2000,0.0050,5,26
Risk score,26,0.3846,1.0000,2000,0.0050,6,26
Number of tests hit,26,0.3077,0.8000,2000,0.0050,6,26
Amount only,26,0.2308,0.6000,2000,0.0050,6,26
Random flagged lines,26,0.0000,0.0000,2000,0.0050,6,26
Ceiling (flagged lines),26,0.3846,1.0000,2000,0.0050,6,26
Risk score,26,0.3462,0.9000,2000,0.0050,7,26
Number of tests hit,26,0.3077,0.8000,2000,0.0050,7,26
Amount only,26,0.0769,0.2000,2000,0.0050,7,26
Random flagged lines,26,0.0000,0.0000,2000,0.0050,7,26
Ceiling (flagged lines),26,0.3846,1.0000,2000,0.0050,7,26
Risk score,26,0.3846,1.0000,2000,0.0050,8,26
Number of tests hit,26,0.3462,0.9000,2000,0.0050,8,26
Amount only,26,0.1923,0.5000,2000,0.0050,8,26
Random flagged lines,26,0.0000,0.0000,2000,0.0050,8,26
Ceiling (flagged lines),26,0.3846,1.0000,2000,0.0050,8,26
Risk score,26,0.3462,0.9000,2000,0.0050,9,26
Number of tests hit,26,0.3077,0.8000,2000,0.0050,9,26
Amount only,26,0.2308,0.6000,2000,0.0050,9,26
Random flagged lines,26,0.0769,0.2000,2000,0.0050,9,26
Ceiling (flagged lines),26,0.3846,1.0000,2000,0.0050,9,26
Risk score,26,0.3846,1.0000,2000,0.0050,10,26
Number of tests hit,26,0.3462,0.9000,2000,0.0050,10,26
Amount only,26,0.2308,0.6000,2000,0.0050,10,26
Random flagged lines,26,0.0000,0.0000,2000,0.0050,10,26
Ceiling (flagged lines),26,0.3846,1.0000,2000,0.0050,10,26
Risk score,26,0.3077,0.8000,2000,0.0050,11,26
Number of tests hit,26,0.2692,0.7000,2000,0.0050,11,26
Amount only,26,0.1923,0.5000,2000,0.0050,11,26
Random flagged lines,26,0.0769,0.2000,2000,0.0050,11,26
Ceiling (flagged lines),26,0.3846,1.0000,2000,0.0050,11,26
Risk score,26,0.3462,0.9000,2000,0.0050,12,26
Number of tests hit,26,0.3077,0.8000,2000,0.0050,12,26
Amount only,26,0.1538,0.4000,2000,0.0050,12,26
Random flagged lines,26,0.0385,0.1000,2000,0.0050,12,26
Ceiling (flagged lines),26,0.3846,1.0000,2000,0.0050,12,26
Risk score,26,0.3462,0.9000,2000,0.0050,13,26
Number of tests hit,26,0.3846,1.0000,2000,0.0050,13,26
Amount only,26,0.2308,0.6000,2000,0.0050,13,26
Random flagged lines,26,0.0769,0.2000,2000,0.0050,13,26
Ceiling (flagged lines),26,0.3846,1.0000,2000,0.0050,13,26
Risk score,26,0.3077,0.8000,2000,0.0050,14,26
Number of tests hit,26,0.2308,0.6000,2000,0.0050,14,26
Amount only,26,0.1538,0.4000,2000,0.0050,14,26
Random flagged lines,26,0.0769,0.2000,2000,0.0050,14,26
Ceiling (flagged lines),26,0.3846,1.0000,2000,0.0050,14,26
Risk score,26,0.3462,0.9000,2000,0.0050,15,26
Number of tests hit,26,0.2308,0.6000,2000,0.0050,15,26
Amount only,26,0.2692,0.7000,2000,0.0050,15,26
Random flagged lines,26,0.0000,0.0000,2000,0.0050,15,26
Ceiling (flagged lines),26,0.3846,1.0000,2000,0.0050,15,26
Risk score,26,0.3846,1.0000,2000,0.0050,16,26
Number of tests hit,26,0.3462,0.9000,2000,0.0050,16,26
Amount only,26,0.2308,0.6000,2000,0.0050,16,26
Random flagged lines,26,0.0385,0.1000,2000,0.0050,16,26
Ceiling (flagged lines),26,0.3846,1.0000,2000,0.0050,16,26
Risk score,26,0.3846,1.0000,2000,0.0050,17,26
Number of tests hit,26,0.3077,0.8000,2000,0.0050,17,26
Amount only,26,0.3077,0.8000,2000,0.0050,17,26
Random flagged lines,26,0.0000,0.0000,2000,0.0050,17,26
Ceiling (flagged lines),26,0.3846,1.0000,2000,0.0050,17,26
Risk score,26,0.3846,1.0000,2000,0.0050,18,26
Number of tests hit,26,0.3462,0.9000,2000,0.0050,18,26
Amount only,26,0.1154,0.3000,2000,0.0050,18,26
Random flagged lines,26,0.0385,0.1000,2000,0.0050,18,26
Ceiling (flagged lines),26,0.3846,1.0000,2000,0.0050,18,26
Risk score,26,0.3462,0.9000,2000,0.0050,19,26
Number of tests hit,26,0.3462,0.9000,2000,0.0050,19,26
Amount only,26,0.2308,0.6000,2000,0.0050,19,26
Random flagged lines,26,0.0385,0.1000,2000,0.0050,19,26
Ceiling (flagged lines),26,0.3846,1.0000,2000,0.0050,19,26
Risk score,26,0.3462,0.9000,2000,0.0050,20,26
Number of tests hit,26,0.2692,0.7000,2000,0.0050,20,26
Amount only,26,0.1538,0.4000,2000,0.0050,20,26
Random flagged lines,26,0.0000,0.0000,2000,0.0050,20,26
Ceiling (flagged lines),26,0.3846,1.0000,2000,0.0050,20,26
Risk score,26,0.3846,1.0000,2000,0.0050,21,26
Number of tests hit,26,0.3077,0.8000,2000,0.0050,21,26
Amount only,26,0.1154,0.3000,2000,0.0050,21,26
Random flagged lines,26,0.0769,0.2000,2000,0.0050,21,26
Ceiling (flagged lines),26,0.3846,1.0000,2000,0.0050,21,26
Risk score,26,0.3077,0.8000,2000,0.0050,22,26
Number of tests hit,26,0.3077,0.8000,2000,0.0050,22,26
Amount only,26,0.1154,0.3000,2000,0.0050,22,26
Random flagged lines,26,0.1154,0.3000,2000,0.0050,22,26
Ceiling (flagged lines),26,0.3846,1.0000,2000,0.0050,22,26
Risk score,26,0.3846,1.0000,2000,0.0050,23,26
Number of tests hit,26,0.3462,0.9000,2000,0.0050,23,26
Amount only,26,0.1538,0.4000,2000,0.0050,23,26
Random flagged lines,26,0.0000,0.0000,2000,0.0050,23,26
Ceiling (flagged lines),26,0.3846,1.0000,2000,0.0050,23,26
Risk score,26,0.3846,1.0000,2000,0.0050,24,26
Number of tests hit,26,0.3077,0.8000,2000,0.0050,24,26
Amount only,26,0.2308,0.6000,2000,0.0050,24,26
Random flagged lines,26,0.0769,0.2000,2000,0.0050,24,26
Ceiling (flagged lines),26,0.3846,1.0000,2000,0.0050,24,26
Risk score,26,0.2692,0.7000,2000,0.0050,25,26
Number of tests hit,26,0.2308,0.6000,2000,0.0050,25,26
Amount only,26,0.1538,0.4000,2000,0.0050,25,26
Random flagged lines,26,0.0000,0.0000,2000,0.0050,25,26
Ceiling (flagged lines),26,0.3846,1.0000,2000,0.0050,25,26
Risk score,26,0.3077,0.8000,2000,0.0050,26,26
Number of tests hit,26,0.2692,0.7000,2000,0.0050,26,26
Amount only,26,0.1923,0.5000,2000,0.0050,26,26
Random flagged lines,26,0.0385,0.1000,2000,0.0050,26,26
Ceiling (flagged lines),26,0.3846,1.0000,2000,0.0050,26,26
Risk score,26,0.3077,0.8000,2000,0.0050,27,26
Number of tests hit,26,0.1923,0.5000,2000,0.0050,27,26
Amount only,26,0.3077,0.8000,2000,0.0050,27,26
Random flagged lines,26,0.0000,0.0000,2000,0.0050,27,26
Ceiling (flagged lines),26,0.3846,1.0000,2000,0.0050,27,26
Risk score,26,0.3462,0.9000,2000,0.0050,28,26
Number of tests hit,26,0.2692,0.7000,2000,0.0050,28,26
Amount only,26,0.3077,0.8000,2000,0.0050,28,26
Random flagged lines,26,0.0000,0.0000,2000,0.0050,28,26
Ceiling (flagged lines),26,0.3846,1.0000,2000,0.0050,28,26
Risk score,26,0.3846,1.0000,2000,0.0050,29,26
Number of tests hit,26,0.2692,0.7000,2000,0.0050,29,26
Amount only,26,0.1923,0.5000,2000,0.0050,29,26
Random flagged lines,26,0.0000,0.0000,2000,0.0050,29,26
Ceiling (flagged lines),26,0.3846,1.0000,2000,0.0050,29,26
Risk score,150,1.0000,0.1500,200000,0.0050,0,150
Number of tests hit,150,1.0000,0.1500,200000,0.0050,0,150
Amount only,150,0.6000,0.0900,200000,0.0050,0,150
Random flagged lines,150,0.0000,0.0000,200000,0.0050,0,150
Ceiling (flagged lines),150,1.0000,1.0000,200000,0.0050,0,150
Risk score,150,1.0000,0.1500,200000,0.0050,1,150
Number of tests hit,150,1.0000,0.1500,200000,0.0050,1,150
Amount only,150,0.5267,0.0790,200000,0.0050,1,150
Random flagged lines,150,0.0333,0.0050,200000,0.0050,1,150
Ceiling (flagged lines),150,1.0000,1.0000,200000,0.0050,1,150
Risk score,150,1.0000,0.1500,200000,0.0050,2,150
Number of tests hit,150,1.0000,0.1500,200000,0.0050,2,150
Amount only,150,0.4733,0.0710,200000,0.0050,2,150
Random flagged lines,150,0.0467,0.0070,200000,0.0050,2,150
Ceiling (flagged lines),150,1.0000,1.0000,200000,0.0050,2,150
Risk score,150,1.0000,0.1500,200000,0.0050,3,150
Number of tests hit,150,1.0000,0.1500,200000,0.0050,3,150
Amount only,150,0.5133,0.0770,200000,0.0050,3,150
Random flagged lines,150,0.0200,0.0030,200000,0.0050,3,150
Ceiling (flagged lines),150,1.0000,1.0000,200000,0.0050,3,150
Risk score,150,1.0000,0.1500,200000,0.0050,4,150
Number of tests hit,150,1.0000,0.1500,200000,0.0050,4,150
Amount only,150,0.5267,0.0790,200000,0.0050,4,150
Random flagged lines,150,0.0200,0.0030,200000,0.0050,4,150
Ceiling (flagged lines),150,1.0000,1.0000,200000,0.0050,4,150
Risk score,150,1.0000,0.1500,200000,0.0050,5,150
Number of tests hit,150,1.0000,0.1500,200000,0.0050,5,150
Amount only,150,0.6067,0.0910,200000,0.0050,5,150
Random flagged lines,150,0.0000,0.0000,200000,0.0050,5,150
Ceiling (flagged lines),150,1.0000,1.0000,200000,0.0050,5,150
Risk score,150,1.0000,0.1500,200000,0.0050,6,150
Number of tests hit,150,1.0000,0.1500,200000,0.0050,6,150
Amount only,150,0.5733,0.0860,200000,0.0050,6,150
Random flagged lines,150,0.0467,0.0070,200000,0.0050,6,150
Ceiling (flagged lines),150,1.0000,1.0000,200000,0.0050,6,150
Risk score,150,1.0000,0.1500,200000,0.0050,7,150
Number of tests hit,150,0.9933,0.1490,200000,0.0050,7,150
Amount only,150,0.5467,0.0820,200000,0.0050,7,150
Random flagged lines,150,0.0200,0.0030,200000,0.0050,7,150
Ceiling (flagged lines),150,1.0000,1.0000,200000,0.0050,7,150
Risk score,150,1.0000,0.1500,200000,0.0050,8,150
Number of tests hit,150,1.0000,0.1500,200000,0.0050,8,150
Amount only,150,0.5333,0.0800,200000,0.0050,8,150
Random flagged lines,150,0.0133,0.0020,200000,0.0050,8,150
Ceiling (flagged lines),150,1.0000,1.0000,200000,0.0050,8,150
Risk score,150,1.0000,0.1500,200000,0.0050,9,150
Number of tests hit,150,1.0000,0.1500,200000,0.0050,9,150
Amount only,150,0.5133,0.0770,200000,0.0050,9,150
Random flagged lines,150,0.0267,0.0040,200000,0.0050,9,150
Ceiling (flagged lines),150,1.0000,1.0000,200000,0.0050,9,150
Risk score,82,0.4268,0.8750,20000,0.0020,0,82
Number of tests hit,82,0.4024,0.8250,20000,0.0020,0,82
Amount only,82,0.1463,0.3000,20000,0.0020,0,82
Random flagged lines,82,0.0000,0.0000,20000,0.0020,0,82
Ceiling (flagged lines),82,0.4878,1.0000,20000,0.0020,0,82
Risk score,82,0.4390,0.9000,20000,0.0020,1,82
Number of tests hit,82,0.3537,0.7250,20000,0.0020,1,82
Amount only,82,0.2561,0.5250,20000,0.0020,1,82
Random flagged lines,82,0.0244,0.0500,20000,0.0020,1,82
Ceiling (flagged lines),82,0.4878,1.0000,20000,0.0020,1,82
Risk score,82,0.4390,0.9000,20000,0.0020,2,82
Number of tests hit,82,0.3902,0.8000,20000,0.0020,2,82
Amount only,82,0.1829,0.3750,20000,0.0020,2,82
Random flagged lines,82,0.0000,0.0000,20000,0.0020,2,82
Ceiling (flagged lines),82,0.4878,1.0000,20000,0.0020,2,82
Risk score,82,0.4390,0.9000,20000,0.0020,3,82
Number of tests hit,82,0.3902,0.8000,20000,0.0020,3,82
Amount only,82,0.1585,0.3250,20000,0.0020,3,82
Random flagged lines,82,0.0366,0.0750,20000,0.0020,3,82
Ceiling (flagged lines),82,0.4878,1.0000,20000,0.0020,3,82
Risk score,82,0.4878,1.0000,20000,0.0020,4,82
Number of tests hit,82,0.4756,0.9750,20000,0.0020,4,82
Amount only,82,0.1951,0.4000,20000,0.0020,4,82
Random flagged lines,82,0.0122,0.0250,20000,0.0020,4,82
Ceiling (flagged lines),82,0.4878,1.0000,20000,0.0020,4,82
Risk score,82,0.4146,0.8500,20000,0.0020,5,82
Number of tests hit,82,0.3415,0.7000,20000,0.0020,5,82
Amount only,82,0.1707,0.3500,20000,0.0020,5,82
Random flagged lines,82,0.0122,0.0250,20000,0.0020,5,82
Ceiling (flagged lines),82,0.4878,1.0000,20000,0.0020,5,82
Risk score,82,0.4512,0.9250,20000,0.0020,6,82
Number of tests hit,82,0.3415,0.7000,20000,0.0020,6,82
Amount only,82,0.1951,0.4000,20000,0.0020,6,82
Random flagged lines,82,0.0000,0.0000,20000,0.0020,6,82
Ceiling (flagged lines),82,0.4878,1.0000,20000,0.0020,6,82
Risk score,82,0.4146,0.8500,20000,0.0020,7,82
Number of tests hit,82,0.3293,0.6750,20000,0.0020,7,82
Amount only,82,0.2073,0.4250,20000,0.0020,7,82
Random flagged lines,82,0.0122,0.0250,20000,0.0020,7,82
Ceiling (flagged lines),82,0.4878,1.0000,20000,0.0020,7,82
Risk score,82,0.4634,0.9500,20000,0.0020,8,82
Number of tests hit,82,0.4146,0.8500,20000,0.0020,8,82
Amount only,82,0.2927,0.6000,20000,0.0020,8,82
Random flagged lines,82,0.0122,0.0250,20000,0.0020,8,82
Ceiling (flagged lines),82,0.4878,1.0000,20000,0.0020,8,82
Risk score,82,0.4024,0.8250,20000,0.0020,9,82
Number of tests hit,82,0.3537,0.7250,20000,0.0020,9,82
Amount only,82,0.1463,0.3000,20000,0.0020,9,82
Random flagged lines,82,0.0122,0.0250,20000,0.0020,9,82
Ceiling (flagged lines),82,0.4878,1.0000,20000,0.0020,9,82
Risk score,82,0.3780,0.7750,20000,0.0020,10,82
Number of tests hit,82,0.2805,0.5750,20000,0.0020,10,82
Amount only,82,0.1341,0.2750,20000,0.0020,10,82
Random flagged lines,82,0.0122,0.0250,20000,0.0020,10,82
Ceiling (flagged lines),82,0.4878,1.0000,20000,0.0020,10,82
Risk score,82,0.4024,0.8250,20000,0.0020,11,82
Number of tests hit,82,0.3780,0.7750,20000,0.0020,11,82
Amount only,82,0.1341,0.2750,20000,0.0020,11,82
Random flagged lines,82,0.0244,0.0500,20000,0.0020,11,82
Ceiling (flagged lines),82,0.4878,1.0000,20000,0.0020,11,82
Risk score,82,0.4390,0.9000,20000,0.0020,12,82
Number of tests hit,82,0.3659,0.7500,20000,0.0020,12,82
Amount only,82,0.2439,0.5000,20000,0.0020,12,82
Random flagged lines,82,0.0000,0.0000,20000,0.0020,12,82
Ceiling (flagged lines),82,0.4878,1.0000,20000,0.0020,12,82
Risk score,82,0.4268,0.8750,20000,0.0020,13,82
Number of tests hit,82,0.3415,0.7000,20000,0.0020,13,82
Amount only,82,0.1951,0.4000,20000,0.0020,13,82
Random flagged lines,82,0.0000,0.0000,20000,0.0020,13,82
Ceiling (flagged lines),82,0.4878,1.0000,20000,0.0020,13,82
Risk score,82,0.4024,0.8250,20000,0.0020,14,82
Number of tests hit,82,0.3537,0.7250,20000,0.0020,14,82
Amount only,82,0.1463,0.3000,20000,0.0020,14,82
Random flagged lines,82,0.0244,0.0500,20000,0.0020,14,82
Ceiling (flagged lines),82,0.4878,1.0000,20000,0.0020,14,82
Risk score,82,0.4390,0.9000,20000,0.0020,15,82
Number of tests hit,82,0.3780,0.7750,20000,0.0020,15,82
Amount only,82,0.1829,0.3750,20000,0.0020,15,82
Random flagged lines,82,0.0000,0.0000,20000,0.0020,15,82
Ceiling (flagged lines),82,0.4878,1.0000,20000,0.0020,15,82
Risk score,82,0.4390,0.9000,20000,0.0020,16,82
Number of tests hit,82,0.3293,0.6750,20000,0.0020,16,82
Amount only,82,0.2073,0.4250,20000,0.0020,16,82
Random flagged lines,82,0.0000,0.0000,20000,0.0020,16,82
Ceiling (flagged lines),82,0.4878,1.0000,20000,0.0020,16,82
Risk score,82,0.4146,0.8500,20000,0.0020,17,82
Number of tests hit,82,0.3537,0.7250,20000,0.0020,17,82
Amount only,82,0.0976,0.2000,20000,0.0020,17,82
Random flagged lines,82,0.0000,0.0000,20000,0.0020,17,82
Ceiling (flagged lines),82,0.4878,1.0000,20000,0.0020,17,82
Risk score,82,0.4024,0.8250,20000,0.0020,18,82
Number of tests hit,82,0.3537,0.7250,20000,0.0020,18,82
Amount only,82,0.1098,0.2250,20000,0.0020,18,82
Random flagged lines,82,0.0000,0.0000,20000,0.0020,18,82
Ceiling (flagged lines),82,0.4878,1.0000,20000,0.0020,18,82
Risk score,82,0.4268,0.8750,20000,0.0020,19,82
Number of tests hit,82,0.3415,0.7000,20000,0.0020,19,82
Amount only,82,0.1829,0.3750,20000,0.0020,19,82
Random flagged lines,82,0.0000,0.0000,20000,0.0020,19,82
Ceiling (flagged lines),82,0.4878,1.0000,20000,0.0020,19,82
Risk score,82,0.4146,0.8500,20000,0.0020,20,82
Number of tests hit,82,0.3902,0.8000,20000,0.0020,20,82
Amount only,82,0.1220,0.2500,20000,0.0020,20,82
Random flagged lines,82,0.0122,0.0250,20000,0.0020,20,82
Ceiling (flagged lines),82,0.4878,1.0000,20000,0.0020,20,82
Risk score,82,0.4634,0.9500,20000,0.0020,21,82
Number of tests hit,82,0.3293,0.6750,20000,0.0020,21,82
Amount only,82,0.2073,0.4250,20000,0.0020,21,82
Random flagged lines,82,0.0366,0.0750,20000,0.0020,21,82
Ceiling (flagged lines),82,0.4878,1.0000,20000,0.0020,21,82
Risk score,82,0.4268,0.8750,20000,0.0020,22,82
Number of tests hit,82,0.3537,0.7250,20000,0.0020,22,82
Amount only,82,0.2195,0.4500,20000,0.0020,22,82
Random flagged lines,82,0.0122,0.0250,20000,0.0020,22,82
Ceiling (flagged lines),82,0.4878,1.0000,20000,0.0020,22,82
Risk score,82,0.4024,0.8250,20000,0.0020,23,82
Number of tests hit,82,0.3171,0.6500,20000,0.0020,23,82
Amount only,82,0.2073,0.4250,20000,0.0020,23,82
Random flagged lines,82,0.0122,0.0250,20000,0.0020,23,82
Ceiling (flagged lines),82,0.4878,1.0000,20000,0.0020,23,82
Risk score,82,0.4512,0.9250,20000,0.0020,24,82
Number of tests hit,82,0.3780,0.7750,20000,0.0020,24,82
Amount only,82,0.1951,0.4000,20000,0.0020,24,82
Random flagged lines,82,0.0122,0.0250,20000,0.0020,24,82
Ceiling (flagged lines),82,0.4878,1.0000,20000,0.0020,24,82
Risk score,82,0.4146,0.8500,20000,0.0020,25,82
Number of tests hit,82,0.3537,0.7250,20000,0.0020,25,82
Amount only,82,0.1951,0.4000,20000,0.0020,25,82
Random flagged lines,82,0.0000,0.0000,20000,0.0020,25,82
Ceiling (flagged lines),82,0.4878,1.0000,20000,0.0020,25,82
Risk score,82,0.4390,0.9000,20000,0.0020,26,82
Number of tests hit,82,0.3049,0.6250,20000,0.0020,26,82
Amount only,82,0.1220,0.2500,20000,0.0020,26,82
Random flagged lines,82,0.0000,0.0000,20000,0.0020,26,82
Ceiling (flagged lines),82,0.4878,1.0000,20000,0.0020,26,82
Risk score,82,0.4512,0.9250,20000,0.0020,27,82
Number of tests hit,82,0.3902,0.8000,20000,0.0020,27,82
Amount only,82,0.1707,0.3500,20000,0.0020,27,82
Random flagged lines,82,0.0244,0.0500,20000,0.0020,27,82
Ceiling (flagged lines),82,0.4878,1.0000,20000,0.0020,27,82
Risk score,82,0.4268,0.8750,20000,0.0020,28,82
Number of tests hit,82,0.3049,0.6250,20000,0.0020,28,82
Amount only,82,0.2195,0.4500,20000,0.0020,28,82
Random flagged lines,82,0.0122,0.0250,20000,0.0020,28,82
Ceiling (flagged lines),82,0.4878,1.0000,20000,0.0020,28,82
Risk score,82,0.4268,0.8750,20000,0.0020,29,82
Number of tests hit,82,0.3780,0.7750,20000,0.0020,29,82
Amount only,82,0.0976,0.2000,20000,0.0020,29,82
Random flagged lines,82,0.0122,0.0250,20000,0.0020,29,82
Ceiling (flagged lines),82,0.4878,1.0000,20000,0.0020,29,82
Risk score,82,1.0000,0.4100,20000,0.0100,0,82
Number of tests hit,82,1.0000,0.4100,20000,0.0100,0,82
Amount only,82,0.5000,0.2050,20000,0.0100,0,82
Random flagged lines,82,0.0244,0.0100,20000,0.0100,0,82
Ceiling (flagged lines),82,1.0000,1.0000,20000,0.0100,0,82
Risk score,82,1.0000,0.4100,20000,0.0100,1,82
Number of tests hit,82,1.0000,0.4100,20000,0.0100,1,82
Amount only,82,0.5854,0.2400,20000,0.0100,1,82
Random flagged lines,82,0.0488,0.0200,20000,0.0100,1,82
Ceiling (flagged lines),82,1.0000,1.0000,20000,0.0100,1,82
Risk score,82,1.0000,0.4100,20000,0.0100,2,82
Number of tests hit,82,1.0000,0.4100,20000,0.0100,2,82
Amount only,82,0.6220,0.2550,20000,0.0100,2,82
Random flagged lines,82,0.0488,0.0200,20000,0.0100,2,82
Ceiling (flagged lines),82,1.0000,1.0000,20000,0.0100,2,82
Risk score,82,1.0000,0.4100,20000,0.0100,3,82
Number of tests hit,82,1.0000,0.4100,20000,0.0100,3,82
Amount only,82,0.5854,0.2400,20000,0.0100,3,82
Random flagged lines,82,0.0732,0.0300,20000,0.0100,3,82
Ceiling (flagged lines),82,1.0000,1.0000,20000,0.0100,3,82
Risk score,82,1.0000,0.4100,20000,0.0100,4,82
Number of tests hit,82,0.9634,0.3950,20000,0.0100,4,82
Amount only,82,0.6951,0.2850,20000,0.0100,4,82
Random flagged lines,82,0.0488,0.0200,20000,0.0100,4,82
Ceiling (flagged lines),82,1.0000,1.0000,20000,0.0100,4,82
Risk score,82,1.0000,0.4100,20000,0.0100,5,82
Number of tests hit,82,1.0000,0.4100,20000,0.0100,5,82
Amount only,82,0.6707,0.2750,20000,0.0100,5,82
Random flagged lines,82,0.0488,0.0200,20000,0.0100,5,82
Ceiling (flagged lines),82,1.0000,1.0000,20000,0.0100,5,82
Risk score,82,1.0000,0.4100,20000,0.0100,6,82
Number of tests hit,82,1.0000,0.4100,20000,0.0100,6,82
Amount only,82,0.5366,0.2200,20000,0.0100,6,82
Random flagged lines,82,0.0244,0.0100,20000,0.0100,6,82
Ceiling (flagged lines),82,1.0000,1.0000,20000,0.0100,6,82
Risk score,82,1.0000,0.4100,20000,0.0100,7,82
Number of tests hit,82,1.0000,0.4100,20000,0.0100,7,82
Amount only,82,0.5976,0.2450,20000,0.0100,7,82
Random flagged lines,82,0.0488,0.0200,20000,0.0100,7,82
Ceiling (flagged lines),82,1.0000,1.0000,20000,0.0100,7,82
Risk score,82,1.0000,0.4100,20000,0.0100,8,82
Number of tests hit,82,1.0000,0.4100,20000,0.0100,8,82
Amount only,82,0.6829,0.2800,20000,0.0100,8,82
Random flagged lines,82,0.0366,0.0150,20000,0.0100,8,82
Ceiling (flagged lines),82,1.0000,1.0000,20000,0.0100,8,82
Risk score,82,1.0000,0.4100,20000,0.0100,9,82
Number of tests hit,82,1.0000,0.4100,20000,0.0100,9,82
Amount only,82,0.5610,0.2300,20000,0.0100,9,82
Random flagged lines,82,0.0366,0.0150,20000,0.0100,9,82
Ceiling (flagged lines),82,1.0000,1.0000,20000,0.0100,9,82
Risk score,82,1.0000,0.4100,20000,0.0100,10,82
Number of tests hit,82,1.0000,0.4100,20000,0.0100,10,82
Amount only,82,0.5854,0.2400,20000,0.0100,10,82
Random flagged lines,82,0.0366,0.0150,20000,0.0100,10,82
Ceiling (flagged lines),82,1.0000,1.0000,20000,0.0100,10,82
Risk score,82,1.0000,0.4100,20000,0.0100,11,82
Number of tests hit,82,0.9878,0.4050,20000,0.0100,11,82
Amount only,82,0.6951,0.2850,20000,0.0100,11,82
Random flagged lines,82,0.0732,0.0300,20000,0.0100,11,82
Ceiling (flagged lines),82,1.0000,1.0000,20000,0.0100,11,82
Risk score,82,1.0000,0.4100,20000,0.0100,12,82
Number of tests hit,82,1.0000,0.4100,20000,0.0100,12,82
Amount only,82,0.6341,0.2600,20000,0.0100,12,82
Random flagged lines,82,0.0244,0.0100,20000,0.0100,12,82
Ceiling (flagged lines),82,1.0000,1.0000,20000,0.0100,12,82
Risk score,82,1.0000,0.4100,20000,0.0100,13,82
Number of tests hit,82,1.0000,0.4100,20000,0.0100,13,82
Amount only,82,0.6463,0.2650,20000,0.0100,13,82
Random flagged lines,82,0.0244,0.0100,20000,0.0100,13,82
Ceiling (flagged lines),82,1.0000,1.0000,20000,0.0100,13,82
Risk score,82,1.0000,0.4100,20000,0.0100,14,82
Number of tests hit,82,0.9878,0.4050,20000,0.0100,14,82
Amount only,82,0.5000,0.2050,20000,0.0100,14,82
Random flagged lines,82,0.0610,0.0250,20000,0.0100,14,82
Ceiling (flagged lines),82,1.0000,1.0000,20000,0.0100,14,82
Risk score,82,1.0000,0.4100,20000,0.0100,15,82
Number of tests hit,82,1.0000,0.4100,20000,0.0100,15,82
Amount only,82,0.5854,0.2400,20000,0.0100,15,82
Random flagged lines,82,0.0488,0.0200,20000,0.0100,15,82
Ceiling (flagged lines),82,1.0000,1.0000,20000,0.0100,15,82
Risk score,82,1.0000,0.4100,20000,0.0100,16,82
Number of tests hit,82,0.9756,0.4000,20000,0.0100,16,82
Amount only,82,0.5488,0.2250,20000,0.0100,16,82
Random flagged lines,82,0.0610,0.0250,20000,0.0100,16,82
Ceiling (flagged lines),82,1.0000,1.0000,20000,0.0100,16,82
Risk score,82,1.0000,0.4100,20000,0.0100,17,82
Number of tests hit,82,1.0000,0.4100,20000,0.0100,17,82
Amount only,82,0.5976,0.2450,20000,0.0100,17,82
Random flagged lines,82,0.0488,0.0200,20000,0.0100,17,82
Ceiling (flagged lines),82,1.0000,1.0000,20000,0.0100,17,82
Risk score,82,1.0000,0.4100,20000,0.0100,18,82
Number of tests hit,82,1.0000,0.4100,20000,0.0100,18,82
Amount only,82,0.5488,0.2250,20000,0.0100,18,82
Random flagged lines,82,0.0366,0.0150,20000,0.0100,18,82
Ceiling (flagged lines),82,1.0000,1.0000,20000,0.0100,18,82
Risk score,82,1.0000,0.4100,20000,0.0100,19,82
Number of tests hit,82,1.0000,0.4100,20000,0.0100,19,82
Amount only,82,0.5610,0.2300,20000,0.0100,19,82
Random flagged lines,82,0.0122,0.0050,20000,0.0100,19,82
Ceiling (flagged lines),82,1.0000,1.0000,20000,0.0100,19,82
Risk score,82,1.0000,0.4100,20000,0.0100,20,82
Number of tests hit,82,1.0000,0.4100,20000,0.0100,20,82
Amount only,82,0.5366,0.2200,20000,0.0100,20,82
Random flagged lines,82,0.0244,0.0100,20000,0.0100,20,82
Ceiling (flagged lines),82,1.0000,1.0000,20000,0.0100,20,82
Risk score,82,1.0000,0.4100,20000,0.0100,21,82
Number of tests hit,82,0.9146,0.3750,20000,0.0100,21,82
Amount only,82,0.6463,0.2650,20000,0.0100,21,82
Random flagged lines,82,0.0366,0.0150,20000,0.0100,21,82
Ceiling (flagged lines),82,1.0000,1.0000,20000,0.0100,21,82
Risk score,82,1.0000,0.4100,20000,0.0100,22,82
Number of tests hit,82,0.9878,0.4050,20000,0.0100,22,82
Amount only,82,0.4878,0.2000,20000,0.0100,22,82
Random flagged lines,82,0.0244,0.0100,20000,0.0100,22,82
Ceiling (flagged lines),82,1.0000,1.0000,20000,0.0100,22,82
Risk score,82,1.0000,0.4100,20000,0.0100,23,82
Number of tests hit,82,0.9878,0.4050,20000,0.0100,23,82
Amount only,82,0.5610,0.2300,20000,0.0100,23,82
Random flagged lines,82,0.0244,0.0100,20000,0.0100,23,82
Ceiling (flagged lines),82,1.0000,1.0000,20000,0.0100,23,82
Risk score,82,1.0000,0.4100,20000,0.0100,24,82
Number of tests hit,82,0.9878,0.4050,20000,0.0100,24,82
Amount only,82,0.5854,0.2400,20000,0.0100,24,82
Random flagged lines,82,0.0244,0.0100,20000,0.0100,24,82
Ceiling (flagged lines),82,1.0000,1.0000,20000,0.0100,24,82
Risk score,82,1.0000,0.4100,20000,0.0100,25,82
Number of tests hit,82,0.9878,0.4050,20000,0.0100,25,82
Amount only,82,0.6341,0.2600,20000,0.0100,25,82
Random flagged lines,82,0.0244,0.0100,20000,0.0100,25,82
Ceiling (flagged lines),82,1.0000,1.0000,20000,0.0100,25,82
Risk score,82,1.0000,0.4100,20000,0.0100,26,82
Number of tests hit,82,1.0000,0.4100,20000,0.0100,26,82
Amount only,82,0.6098,0.2500,20000,0.0100,26,82
Random flagged lines,82,0.0488,0.0200,20000,0.0100,26,82
Ceiling (flagged lines),82,1.0000,1.0000,20000,0.0100,26,82
Risk score,82,1.0000,0.4100,20000,0.0100,27,82
Number of tests hit,82,0.9756,0.4000,20000,0.0100,27,82
Amount only,82,0.5976,0.2450,20000,0.0100,27,82
Random flagged lines,82,0.0610,0.0250,20000,0.0100,27,82
Ceiling (flagged lines),82,1.0000,1.0000,20000,0.0100,27,82
Risk score,82,1.0000,0.4100,20000,0.0100,28,82
Number of tests hit,82,0.9756,0.4000,20000,0.0100,28,82
Amount only,82,0.5976,0.2450,20000,0.0100,28,82
Random flagged lines,82,0.0366,0.0150,20000,0.0100,28,82
Ceiling (flagged lines),82,1.0000,1.0000,20000,0.0100,28,82
Risk score,82,1.0000,0.4100,20000,0.0100,29,82
Number of tests hit,82,0.9878,0.4050,20000,0.0100,29,82
Amount only,82,0.5854,0.2400,20000,0.0100,29,82
Random flagged lines,82,0.0366,0.0150,20000,0.0100,29,82
Ceiling (flagged lines),82,1.0000,1.0000,20000,0.0100,29,82
